ts,device,co2,temp,rh,rssi
1770173893279,dev01,700,25,50,
1770175018401,dev01,700,25,50,
1770175021349,dev01,700,25,50,
1770175024012,dev01,700,25,50,
1770175026688,dev01,700,25,50,
1770175029788,dev01,700,25,50,
1770175076453,dev01,700,25,50,
1770175081725,dev01,700,25,50,
1770175350583,dev01,1,25,50,
1770175350661,dev01,2,25,50,
1770175350753,dev01,3,25,50,
1770175350842,dev01,4,25,50,
1770175350939,dev01,5,25,50,
1770175351034,dev01,6,25,50,
1770175351153,dev01,7,25,50,
1770175351245,dev01,8,25,50,
1770175351329,dev01,9,25,50,
1770175351417,dev01,10,25,50,
1770175464595,dev01,1,25,50,
1770175464717,dev01,2,25,50,
1770175464864,dev01,3,25,50,
1770175465057,dev01,4,25,50,
1770175465224,dev01,5,25,50,
1770175465373,dev01,6,25,50,
1770175465527,dev01,7,25,50,
1770175465644,dev01,8,25,50,
1770175465802,dev01,9,25,50,
1770175465957,dev01,10,25,50,
1770175466097,dev01,11,25,50,
1770175466219,dev01,12,25,50,
1770175466377,dev01,13,25,50,
1770175466517,dev01,14,25,50,
1770175466621,dev01,15,25,50,
1770175466770,dev01,16,25,50,
1770175466811,dev01,17,25,50,
1770175466852,dev01,18,25,50,
1770175466899,dev01,19,25,50,
1770175466948,dev01,20,25,50,
1770175466991,dev01,21,25,50,
1770175467035,dev01,22,25,50,
1770175467079,dev01,23,25,50,
1770175467121,dev01,24,25,50,
1770175467165,dev01,25,25,50,
1770175467206,dev01,26,25,50,
1770175467383,dev01,27,25,50,
1770175467424,dev01,28,25,50,
1770175467455,dev01,29,25,50,
1770175467485,dev01,30,25,50,
1770175467516,dev01,31,25,50,
1770175467552,dev01,32,25,50,
1770175467588,dev01,33,25,50,
1770175467623,dev01,34,25,50,
1770175467663,dev01,35,25,50,
1770175467724,dev01,36,25,50,
1770175467783,dev01,37,25,50,
1770175467857,dev01,38,25,50,
1770175467915,dev01,39,25,50,
1770175467980,dev01,40,25,50,
1770175468136,dev01,41,25,50,
1770175468198,dev01,42,25,50,
1770175468249,dev01,43,25,50,
1770175468293,dev01,44,25,50,
1770175468343,dev01,45,25,50,
1770175468390,dev01,46,25,50,
1770175468431,dev01,47,25,50,
1770175468476,dev01,48,25,50,
1770175468519,dev01,49,25,50,
1770175468566,dev01,50,25,50,
1770175468605,dev01,51,25,50,
1770175468660,dev01,52,25,50,
1770175468721,dev01,53,25,50,
1770175468793,dev01,54,25,50,
1770175468867,dev01,55,25,50,
1770175468929,dev01,56,25,50,
1770175468991,dev01,57,25,50,
1770175469039,dev01,58,25,50,
1770175469084,dev01,59,25,50,
1770175469128,dev01,60,25,50,
1770175469189,dev01,61,25,50,
1770175469266,dev01,62,25,50,
1770175469326,dev01,63,25,50,
1770175469379,dev01,64,25,50,
1770175469421,dev01,65,25,50,
1770175469465,dev01,66,25,50,
1770175469504,dev01,67,25,50,
1770175469550,dev01,68,25,50,
1770175469594,dev01,69,25,50,
1770175469635,dev01,70,25,50,
1770175469689,dev01,71,25,50,
1770175469755,dev01,72,25,50,
1770175469825,dev01,73,25,50,
1770175469892,dev01,74,25,50,
1770175469956,dev01,75,25,50,
1770175470012,dev01,76,25,50,
1770175470064,dev01,77,25,50,
1770175470107,dev01,78,25,50,
1770175470148,dev01,79,25,50,
1770175470206,dev01,80,25,50,
1770175470266,dev01,81,25,50,
1770175470330,dev01,82,25,50,
1770175470387,dev01,83,25,50,
1770175470437,dev01,84,25,50,
1770175470483,dev01,85,25,50,
1770175470530,dev01,86,25,50,
1770175470575,dev01,87,25,50,
1770175470620,dev01,88,25,50,
1770175470660,dev01,89,25,50,
1770175470723,dev01,90,25,50,
1770175470786,dev01,91,25,50,
1770175470849,dev01,92,25,50,
1770175470905,dev01,93,25,50,
1770175470965,dev01,94,25,50,
1770175471030,dev01,95,25,50,
1770175471080,dev01,96,25,50,
1770175471124,dev01,97,25,50,
1770175471162,dev01,98,25,50,
1770175471217,dev01,99,25,50,
1770175471280,dev01,100,25,50,
1770175471338,dev01,101,25,50,
1770175471392,dev01,102,25,50,
1770175471438,dev01,103,25,50,
1770175471487,dev01,104,25,50,
1770175471529,dev01,105,25,50,
1770175471572,dev01,106,25,50,
1770175471619,dev01,107,25,50,
1770175471663,dev01,108,25,50,
1770175471725,dev01,109,25,50,
1770175471794,dev01,110,25,50,
1770175471861,dev01,111,25,50,
1770175471925,dev01,112,25,50,
1770175471984,dev01,113,25,50,
1770175472034,dev01,114,25,50,
1770175472071,dev01,115,25,50,
1770175472113,dev01,116,25,50,
1770175472155,dev01,117,25,50,
1770175472215,dev01,118,25,50,
1770175472268,dev01,119,25,50,
1770175472322,dev01,120,25,50,
1770175472368,dev01,121,25,50,
1770175472416,dev01,122,25,50,
1770175472465,dev01,123,25,50,
1770175472510,dev01,124,25,50,
1770175472551,dev01,125,25,50,
1770175472596,dev01,126,25,50,
1770175472644,dev01,127,25,50,
1770175472699,dev01,128,25,50,
1770175472767,dev01,129,25,50,
1770175472838,dev01,130,25,50,
1770175472900,dev01,131,25,50,
1770175472962,dev01,132,25,50,
1770175473013,dev01,133,25,50,
1770175473065,dev01,134,25,50,
1770175473106,dev01,135,25,50,
1770175473150,dev01,136,25,50,
1770175473216,dev01,137,25,50,
1770175473286,dev01,138,25,50,
1770175473340,dev01,139,25,50,
1770175473389,dev01,140,25,50,
1770175473442,dev01,141,25,50,
1770175473486,dev01,142,25,50,
1770175473530,dev01,143,25,50,
1770175473573,dev01,144,25,50,
1770175473618,dev01,145,25,50,
1770175473663,dev01,146,25,50,
1770175473727,dev01,147,25,50,
1770175473795,dev01,148,25,50,
1770175473863,dev01,149,25,50,
1770175473923,dev01,150,25,50,
1770175473977,dev01,151,25,50,
1770175474126,dev01,152,25,50,
1770175474161,dev01,153,25,50,
1770175474199,dev01,154,25,50,
1770175474252,dev01,155,25,50,
1770175474312,dev01,156,25,50,
1770175474366,dev01,157,25,50,
1770175474418,dev01,158,25,50,
1770175474459,dev01,159,25,50,
1770175474501,dev01,160,25,50,
1770175474539,dev01,161,25,50,
1770175474584,dev01,162,25,50,
1770175474626,dev01,163,25,50,
1770175474683,dev01,164,25,50,
1770175474743,dev01,165,25,50,
1770175474812,dev01,166,25,50,
1770175474871,dev01,167,25,50,
1770175474919,dev01,168,25,50,
1770175474967,dev01,169,25,50,
1770175475018,dev01,170,25,50,
1770175475057,dev01,171,25,50,
1770175475096,dev01,172,25,50,
1770175475138,dev01,173,25,50,
1770175475181,dev01,174,25,50,
1770175475239,dev01,175,25,50,
1770175475301,dev01,176,25,50,
1770175475349,dev01,177,25,50,
1770175475393,dev01,178,25,50,
1770175475441,dev01,179,25,50,
1770175475482,dev01,180,25,50,
1770175475524,dev01,181,25,50,
1770175475565,dev01,182,25,50,
1770175475605,dev01,183,25,50,
1770175475650,dev01,184,25,50,
1770175475702,dev01,185,25,50,
1770175475768,dev01,186,25,50,
1770175475834,dev01,187,25,50,
1770175475891,dev01,188,25,50,
1770175475953,dev01,189,25,50,
1770175476007,dev01,190,25,50,
1770175476058,dev01,191,25,50,
1770175476099,dev01,192,25,50,
1770175476138,dev01,193,25,50,
1770175476181,dev01,194,25,50,
1770175476239,dev01,195,25,50,
1770175476305,dev01,196,25,50,
1770175476364,dev01,197,25,50,
1770175476423,dev01,198,25,50,
1770175476461,dev01,199,25,50,
1770175476497,dev01,200,25,50,
1770175476537,dev01,201,25,50,
1770175476577,dev01,202,25,50,
1770175476616,dev01,203,25,50,
1770175476659,dev01,204,25,50,
1770175476721,dev01,205,25,50,
1770175476787,dev01,206,25,50,
1770175476844,dev01,207,25,50,
1770175476899,dev01,208,25,50,
1770175476960,dev01,209,25,50,
1770175477008,dev01,210,25,50,
1770175477053,dev01,211,25,50,
1770175477091,dev01,212,25,50,
1770175477131,dev01,213,25,50,
1770175477177,dev01,214,25,50,
1770175477232,dev01,215,25,50,
1770175477281,dev01,216,25,50,
1770175477336,dev01,217,25,50,
1770175477388,dev01,218,25,50,
1770175477432,dev01,219,25,50,
1770175477470,dev01,220,25,50,
1770175477509,dev01,221,25,50,
1770175477549,dev01,222,25,50,
1770175477596,dev01,223,25,50,
1770175477647,dev01,224,25,50,
1770175477710,dev01,225,25,50,
1770175477773,dev01,226,25,50,
1770175477954,dev01,227,25,50,
1770175477983,dev01,228,25,50,
1770175478015,dev01,229,25,50,
1770175478095,dev01,230,25,50,
1770175478146,dev01,231,25,50,
1770175478223,dev01,232,25,50,
1770175478302,dev01,233,25,50,
1770175478354,dev01,234,25,50,
1770175478483,dev01,235,25,50,
1770175478593,dev01,236,25,50,
1770175478696,dev01,237,25,50,
1770175478757,dev01,238,25,50,
1770175478823,dev01,239,25,50,
1770175478883,dev01,240,25,50,
1770175478937,dev01,241,25,50,
1770175479099,dev01,242,25,50,
1770175479134,dev01,243,25,50,
1770175479168,dev01,244,25,50,
1770175479209,dev01,245,25,50,
1770175479253,dev01,246,25,50,
1770175479321,dev01,247,25,50,
1770175479377,dev01,248,25,50,
1770175479421,dev01,249,25,50,
1770175479477,dev01,250,25,50,
1770175479517,dev01,251,25,50,
1770175479559,dev01,252,25,50,
1770175479604,dev01,253,25,50,
1770175479653,dev01,254,25,50,
1770175479710,dev01,255,25,50,
1770175479770,dev01,256,25,50,
1770175479833,dev01,257,25,50,
1770175479897,dev01,258,25,50,
1770175479956,dev01,259,25,50,
1770175480007,dev01,260,25,50,
1770175480047,dev01,261,25,50,
1770175480088,dev01,262,25,50,
1770175480128,dev01,263,25,50,
1770175480174,dev01,264,25,50,
1770175480230,dev01,265,25,50,
1770175480290,dev01,266,25,50,
1770175480346,dev01,267,25,50,
1770175480402,dev01,268,25,50,
1770175480442,dev01,269,25,50,
1770175480487,dev01,270,25,50,
1770175480529,dev01,271,25,50,
1770175480570,dev01,272,25,50,
1770175480614,dev01,273,25,50,
1770175480661,dev01,274,25,50,
1770175480729,dev01,275,25,50,
1770175480803,dev01,276,25,50,
1770175480875,dev01,277,25,50,
1770175480938,dev01,278,25,50,
1770175480995,dev01,279,25,50,
1770175481045,dev01,280,25,50,
1770175481092,dev01,281,25,50,
1770175481132,dev01,282,25,50,
1770175481180,dev01,283,25,50,
1770175481243,dev01,284,25,50,
1770175481306,dev01,285,25,50,
1770175481361,dev01,286,25,50,
1770175481407,dev01,287,25,50,
1770175481450,dev01,288,25,50,
1770175481500,dev01,289,25,50,
1770175481539,dev01,290,25,50,
1770175481581,dev01,291,25,50,
1770175481625,dev01,292,25,50,
1770175481674,dev01,293,25,50,
1770175481736,dev01,294,25,50,
1770175481803,dev01,295,25,50,
1770175481870,dev01,296,25,50,
1770175481924,dev01,297,25,50,
1770175481980,dev01,298,25,50,
1770175482029,dev01,299,25,50,
1770175482070,dev01,300,25,50,
1770175482114,dev01,301,25,50,
1770175482159,dev01,302,25,50,
1770175482215,dev01,303,25,50,
1770175482275,dev01,304,25,50,
1770175482338,dev01,305,25,50,
1770175482390,dev01,306,25,50,
1770175482439,dev01,307,25,50,
1770175482482,dev01,308,25,50,
1770175482525,dev01,309,25,50,
1770175482564,dev01,310,25,50,
1770175482605,dev01,311,25,50,
1770175482657,dev01,312,25,50,
1770175482711,dev01,313,25,50,
1770175482776,dev01,314,25,50,
1770175482839,dev01,315,25,50,
1770175483000,dev01,316,25,50,
1770175483029,dev01,317,25,50,
1770175483066,dev01,318,25,50,
1770175483097,dev01,319,25,50,
1770175483133,dev01,320,25,50,
1770175483176,dev01,321,25,50,
1770175483237,dev01,322,25,50,
1770175483302,dev01,323,25,50,
1770175483362,dev01,324,25,50,
1770175483414,dev01,325,25,50,
1770175483467,dev01,326,25,50,
1770175483503,dev01,327,25,50,
1770175483544,dev01,328,25,50,
1770175483589,dev01,329,25,50,
1770175483628,dev01,330,25,50,
1770175483687,dev01,331,25,50,
1770175483750,dev01,332,25,50,
1770175483823,dev01,333,25,50,
1770175483885,dev01,334,25,50,
1770175484048,dev01,335,25,50,
1770175484082,dev01,336,25,50,
1770175484111,dev01,337,25,50,
1770175484141,dev01,338,25,50,
1770175484176,dev01,339,25,50,
1770175484223,dev01,340,25,50,
1770175484286,dev01,341,25,50,
1770175484334,dev01,342,25,50,
1770175484377,dev01,343,25,50,
1770175484426,dev01,344,25,50,
1770175484474,dev01,345,25,50,
1770175484524,dev01,346,25,50,
1770175484567,dev01,347,25,50,
1770175484607,dev01,348,25,50,
1770175484645,dev01,349,25,50,
1770175484709,dev01,350,25,50,
1770175484769,dev01,351,25,50,
1770175484854,dev01,352,25,50,
1770175484934,dev01,353,25,50,
1770175485007,dev01,354,25,50,
1770175485085,dev01,355,25,50,
1770175485157,dev01,356,25,50,
1770175485235,dev01,357,25,50,
1770175485309,dev01,358,25,50,
1770175485390,dev01,359,25,50,
1770175485443,dev01,360,25,50,
1770175485493,dev01,361,25,50,
1770175485546,dev01,362,25,50,
1770175485596,dev01,363,25,50,
1770175485643,dev01,364,25,50,
1770175485692,dev01,365,25,50,
1770175485752,dev01,366,25,50,
1770175485826,dev01,367,25,50,
1770175485889,dev01,368,25,50,
1770175485960,dev01,369,25,50,
1770175486025,dev01,370,25,50,
1770175486075,dev01,371,25,50,
1770175486123,dev01,372,25,50,
1770175486166,dev01,373,25,50,
1770175486210,dev01,374,25,50,
1770175486271,dev01,375,25,50,
1770175486333,dev01,376,25,50,
1770175486387,dev01,377,25,50,
1770175486433,dev01,378,25,50,
1770175486479,dev01,379,25,50,
1770175486522,dev01,380,25,50,
1770175486564,dev01,381,25,50,
1770175486613,dev01,382,25,50,
1770175486654,dev01,383,25,50,
1770175486701,dev01,384,25,50,
1770175486758,dev01,385,25,50,
1770175486827,dev01,386,25,50,
1770175486896,dev01,387,25,50,
1770175486958,dev01,388,25,50,
1770175487022,dev01,389,25,50,
1770175487078,dev01,390,25,50,
1770175487112,dev01,391,25,50,
1770175487150,dev01,392,25,50,
1770175487191,dev01,393,25,50,
1770175487233,dev01,394,25,50,
1770175487297,dev01,395,25,50,
1770175487343,dev01,396,25,50,
1770175487391,dev01,397,25,50,
1770175487438,dev01,398,25,50,
1770175487480,dev01,399,25,50,
1770175487523,dev01,400,25,50,
1770175487566,dev01,401,25,50,
1770175487603,dev01,402,25,50,
1770175487642,dev01,403,25,50,
1770175487681,dev01,404,25,50,
1770175487727,dev01,405,25,50,
1770175487789,dev01,406,25,50,
1770175487851,dev01,407,25,50,
1770175488024,dev01,408,25,50,
1770175488057,dev01,409,25,50,
1770175488093,dev01,410,25,50,
1770175488133,dev01,411,25,50,
1770175488174,dev01,412,25,50,
1770175488222,dev01,413,25,50,
1770175488285,dev01,414,25,50,
1770175488350,dev01,415,25,50,
1770175488412,dev01,416,25,50,
1770175488458,dev01,417,25,50,
1770175488510,dev01,418,25,50,
1770175488555,dev01,419,25,50,
1770175488595,dev01,420,25,50,
1770175488749,dev01,421,25,50,
1770175488790,dev01,422,25,50,
1770175488845,dev01,423,25,50,
1770175488894,dev01,424,25,50,
1770175488943,dev01,425,25,50,
1770175488995,dev01,426,25,50,
1770175489039,dev01,427,25,50,
1770175489184,dev01,428,25,50,
1770175489228,dev01,429,25,50,
1770175489276,dev01,430,25,50,
1770175489329,dev01,431,25,50,
1770175489376,dev01,432,25,50,
1770175489427,dev01,433,25,50,
1770175489467,dev01,434,25,50,
1770175489507,dev01,435,25,50,
1770175489550,dev01,436,25,50,
1770175489693,dev01,437,25,50,
1770175489738,dev01,438,25,50,
1770175489802,dev01,439,25,50,
1770175489870,dev01,440,25,50,
1770175489933,dev01,441,25,50,
1770175489996,dev01,442,25,50,
1770175490049,dev01,443,25,50,
1770175490091,dev01,444,25,50,
1770175490130,dev01,445,25,50,
1770175490167,dev01,446,25,50,
1770175490206,dev01,447,25,50,
1770175490243,dev01,448,25,50,
1770175490286,dev01,449,25,50,
1770175490343,dev01,450,25,50,
1770175490398,dev01,451,25,50,
1770175490451,dev01,452,25,50,
1770175490496,dev01,453,25,50,
1770175490540,dev01,454,25,50,
1770175490587,dev01,455,25,50,
1770175490624,dev01,456,25,50,
1770175490660,dev01,457,25,50,
1770175490702,dev01,458,25,50,
1770175490754,dev01,459,25,50,
1770175490814,dev01,460,25,50,
1770175490876,dev01,461,25,50,
1770175490930,dev01,462,25,50,
1770175490989,dev01,463,25,50,
1770175491036,dev01,464,25,50,
1770175491084,dev01,465,25,50,
1770175491126,dev01,466,25,50,
1770175491168,dev01,467,25,50,
1770175491224,dev01,468,25,50,
1770175491281,dev01,469,25,50,
1770175491343,dev01,470,25,50,
1770175491393,dev01,471,25,50,
1770175491447,dev01,472,25,50,
1770175491492,dev01,473,25,50,
1770175491533,dev01,474,25,50,
1770175491572,dev01,475,25,50,
1770175491613,dev01,476,25,50,
1770175491669,dev01,477,25,50,
1770175491702,dev01,478,25,50,
1770175491746,dev01,479,25,50,
1770175491801,dev01,480,25,50,
1770175491883,dev01,481,25,50,
1770175491938,dev01,482,25,50,
1770175491988,dev01,483,25,50,
1770175492039,dev01,484,25,50,
1770175492087,dev01,485,25,50,
1770175492132,dev01,486,25,50,
1770175492174,dev01,487,25,50,
1770175492326,dev01,488,25,50,
1770175492373,dev01,489,25,50,
1770175492415,dev01,490,25,50,
1770175492554,dev01,491,25,50,
1770175492590,dev01,492,25,50,
1770175492620,dev01,493,25,50,
1770175492652,dev01,494,25,50,
1770175492685,dev01,495,25,50,
1770175492841,dev01,496,25,50,
1770175492892,dev01,497,25,50,
1770175492929,dev01,498,25,50,
1770175492968,dev01,499,25,50,
1770175493009,dev01,500,25,50,
1770175493047,dev01,501,25,50,
1770175493084,dev01,502,25,50,
1770175493119,dev01,503,25,50,
1770175493157,dev01,504,25,50,
1770175493195,dev01,505,25,50,
1770175493235,dev01,506,25,50,
1770175493289,dev01,507,25,50,
1770175493355,dev01,508,25,50,
1770175493409,dev01,509,25,50,
1770175493457,dev01,510,25,50,
1770175493498,dev01,511,25,50,
1770175493545,dev01,512,25,50,
1770175493592,dev01,513,25,50,
1770175493626,dev01,514,25,50,
1770175493656,dev01,515,25,50,
1770175493694,dev01,516,25,50,
1770175493736,dev01,517,25,50,
1770175493804,dev01,518,25,50,
1770175493878,dev01,519,25,50,
1770175493952,dev01,520,25,50,
1770175494014,dev01,521,25,50,
1770175494063,dev01,522,25,50,
1770175494104,dev01,523,25,50,
1770175494144,dev01,524,25,50,
1770175494185,dev01,525,25,50,
1770175494231,dev01,526,25,50,
1770175494393,dev01,527,25,50,
1770175494433,dev01,528,25,50,
1770175494464,dev01,529,25,50,
1770175494495,dev01,530,25,50,
1770175494525,dev01,531,25,50,
1770175494555,dev01,532,25,50,
1770175494590,dev01,533,25,50,
1770175494623,dev01,534,25,50,
1770175494661,dev01,535,25,50,
1770175494812,dev01,536,25,50,
1770175494854,dev01,537,25,50,
1770175494905,dev01,538,25,50,
1770175494955,dev01,539,25,50,
1770175495005,dev01,540,25,50,
1770175495045,dev01,541,25,50,
1770175495087,dev01,542,25,50,
1770175495245,dev01,543,25,50,
1770175495302,dev01,544,25,50,
1770175495367,dev01,545,25,50,
1770175495407,dev01,546,25,50,
1770175495449,dev01,547,25,50,
1770175495490,dev01,548,25,50,
1770175495529,dev01,549,25,50,
1770175495569,dev01,550,25,50,
1770175495611,dev01,551,25,50,
1770175495649,dev01,552,25,50,
1770175495690,dev01,553,25,50,
1770175495734,dev01,554,25,50,
1770175495790,dev01,555,25,50,
1770175495846,dev01,556,25,50,
1770175495913,dev01,557,25,50,
1770175495977,dev01,558,25,50,
1770175496041,dev01,559,25,50,
1770175496100,dev01,560,25,50,
1770175496146,dev01,561,25,50,
1770175496194,dev01,562,25,50,
1770175496241,dev01,563,25,50,
1770175496300,dev01,564,25,50,
1770175496364,dev01,565,25,50,
1770175496424,dev01,566,25,50,
1770175496472,dev01,567,25,50,
1770175496512,dev01,568,25,50,
1770175496551,dev01,569,25,50,
1770175496595,dev01,570,25,50,
1770175496636,dev01,571,25,50,
1770175496671,dev01,572,25,50,
1770175496710,dev01,573,25,50,
1770175496746,dev01,574,25,50,
1770175496806,dev01,575,25,50,
1770175496872,dev01,576,25,50,
1770175496934,dev01,577,25,50,
1770175496999,dev01,578,25,50,
1770175497048,dev01,579,25,50,
1770175497208,dev01,580,25,50,
1770175497254,dev01,581,25,50,
1770175497285,dev01,582,25,50,
1770175497322,dev01,583,25,50,
1770175497364,dev01,584,25,50,
1770175497410,dev01,585,25,50,
1770175497450,dev01,586,25,50,
1770175497496,dev01,587,25,50,
1770175497537,dev01,588,25,50,
1770175497575,dev01,589,25,50,
1770175497609,dev01,590,25,50,
1770175497645,dev01,591,25,50,
1770175497687,dev01,592,25,50,
1770175497721,dev01,593,25,50,
1770175497759,dev01,594,25,50,
1770175497814,dev01,595,25,50,
1770175497878,dev01,596,25,50,
1770175497936,dev01,597,25,50,
1770175497995,dev01,598,25,50,
1770175498062,dev01,599,25,50,
1770175498120,dev01,600,25,50,
1770175498165,dev01,601,25,50,
1770175498205,dev01,602,25,50,
1770175498253,dev01,603,25,50,
1770175498320,dev01,604,25,50,
1770175498380,dev01,605,25,50,
1770175498438,dev01,606,25,50,
1770175498490,dev01,607,25,50,
1770175498534,dev01,608,25,50,
1770175498573,dev01,609,25,50,
1770175498615,dev01,610,25,50,
1770175498655,dev01,611,25,50,
1770175498695,dev01,612,25,50,
1770175498757,dev01,613,25,50,
1770175498824,dev01,614,25,50,
1770175498890,dev01,615,25,50,
1770175498946,dev01,616,25,50,
1770175499006,dev01,617,25,50,
1770175499055,dev01,618,25,50,
1770175499103,dev01,619,25,50,
1770175499144,dev01,620,25,50,
1770175499185,dev01,621,25,50,
1770175499232,dev01,622,25,50,
1770175499290,dev01,623,25,50,
1770175499346,dev01,624,25,50,
1770175499391,dev01,625,25,50,
1770175499438,dev01,626,25,50,
1770175499483,dev01,627,25,50,
1770175499519,dev01,628,25,50,
1770175499560,dev01,629,25,50,
1770175499601,dev01,630,25,50,
1770175499642,dev01,631,25,50,
1770175499684,dev01,632,25,50,
1770175499737,dev01,633,25,50,
1770175499806,dev01,634,25,50,
1770175499880,dev01,635,25,50,
1770175499938,dev01,636,25,50,
1770175499997,dev01,637,25,50,
1770175500059,dev01,638,25,50,
1770175500108,dev01,639,25,50,
1770175500148,dev01,640,25,50,
1770175500190,dev01,641,25,50,
1770175500231,dev01,642,25,50,
1770175500291,dev01,643,25,50,
1770175500340,dev01,644,25,50,
1770175500397,dev01,645,25,50,
1770175500452,dev01,646,25,50,
1770175500496,dev01,647,25,50,
1770175500536,dev01,648,25,50,
1770175500583,dev01,649,25,50,
1770175500615,dev01,650,25,50,
1770175500651,dev01,651,25,50,
1770175500689,dev01,652,25,50,
1770175500734,dev01,653,25,50,
1770175500793,dev01,654,25,50,
1770175500863,dev01,655,25,50,
1770175500925,dev01,656,25,50,
1770175500985,dev01,657,25,50,
1770175501047,dev01,658,25,50,
1770175501215,dev01,659,25,50,
1770175501264,dev01,660,25,50,
1770175501327,dev01,661,25,50,
1770175501381,dev01,662,25,50,
1770175501424,dev01,663,25,50,
1770175501468,dev01,664,25,50,
1770175501511,dev01,665,25,50,
1770175501551,dev01,666,25,50,
1770175501593,dev01,667,25,50,
1770175501629,dev01,668,25,50,
1770175501673,dev01,669,25,50,
1770175501714,dev01,670,25,50,
1770175501760,dev01,671,25,50,
1770175501824,dev01,672,25,50,
1770175501897,dev01,673,25,50,
1770175501958,dev01,674,25,50,
1770175502018,dev01,675,25,50,
1770175502185,dev01,676,25,50,
1770175502227,dev01,677,25,50,
1770175502271,dev01,678,25,50,
1770175502328,dev01,679,25,50,
1770175502381,dev01,680,25,50,
1770175502426,dev01,681,25,50,
1770175502467,dev01,682,25,50,
1770175502505,dev01,683,25,50,
1770175502547,dev01,684,25,50,
1770175502583,dev01,685,25,50,
1770175502620,dev01,686,25,50,
1770175502654,dev01,687,25,50,
1770175502692,dev01,688,25,50,
1770175502737,dev01,689,25,50,
1770175502793,dev01,690,25,50,
1770175502860,dev01,691,25,50,
1770175502922,dev01,692,25,50,
1770175502971,dev01,693,25,50,
1770175503028,dev01,694,25,50,
1770175503073,dev01,695,25,50,
1770175503112,dev01,696,25,50,
1770175503155,dev01,697,25,50,
1770175503195,dev01,698,25,50,
1770175503241,dev01,699,25,50,
1770175503309,dev01,700,25,50,
1770175503376,dev01,701,25,50,
1770175503432,dev01,702,25,50,
1770175503483,dev01,703,25,50,
1770175503532,dev01,704,25,50,
1770175503574,dev01,705,25,50,
1770175503609,dev01,706,25,50,
1770175503643,dev01,707,25,50,
1770175503678,dev01,708,25,50,
1770175503719,dev01,709,25,50,
1770175503776,dev01,710,25,50,
1770175503850,dev01,711,25,50,
1770175503913,dev01,712,25,50,
1770175503977,dev01,713,25,50,
1770175504035,dev01,714,25,50,
1770175504081,dev01,715,25,50,
1770175504120,dev01,716,25,50,
1770175504164,dev01,717,25,50,
1770175504206,dev01,718,25,50,
1770175504254,dev01,719,25,50,
1770175504421,dev01,720,25,50,
1770175504457,dev01,721,25,50,
1770175504501,dev01,722,25,50,
1770175504543,dev01,723,25,50,
1770175504574,dev01,724,25,50,
1770175504611,dev01,725,25,50,
1770175504645,dev01,726,25,50,
1770175504685,dev01,727,25,50,
1770175504729,dev01,728,25,50,
1770175504786,dev01,729,25,50,
1770175504853,dev01,730,25,50,
1770175504916,dev01,731,25,50,
1770175504976,dev01,732,25,50,
1770175505027,dev01,733,25,50,
1770175505070,dev01,734,25,50,
1770175505110,dev01,735,25,50,
1770175505148,dev01,736,25,50,
1770175505191,dev01,737,25,50,
1770175505234,dev01,738,25,50,
1770175505280,dev01,739,25,50,
1770175505343,dev01,740,25,50,
1770175505402,dev01,741,25,50,
1770175505449,dev01,742,25,50,
1770175505491,dev01,743,25,50,
1770175505539,dev01,744,25,50,
1770175505578,dev01,745,25,50,
1770175505618,dev01,746,25,50,
1770175505758,dev01,747,25,50,
1770175505809,dev01,748,25,50,
1770175505867,dev01,749,25,50,
1770175505923,dev01,750,25,50,
1770175505982,dev01,751,25,50,
1770175506033,dev01,752,25,50,
1770175506076,dev01,753,25,50,
1770175506115,dev01,754,25,50,
1770175506156,dev01,755,25,50,
1770175506197,dev01,756,25,50,
1770175506240,dev01,757,25,50,
1770175506298,dev01,758,25,50,
1770175506352,dev01,759,25,50,
1770175506402,dev01,760,25,50,
1770175506442,dev01,761,25,50,
1770175506487,dev01,762,25,50,
1770175506529,dev01,763,25,50,
1770175506571,dev01,764,25,50,
1770175506612,dev01,765,25,50,
1770175506653,dev01,766,25,50,
1770175506688,dev01,767,25,50,
1770175506830,dev01,768,25,50,
1770175506870,dev01,769,25,50,
1770175506909,dev01,770,25,50,
1770175506962,dev01,771,25,50,
1770175507011,dev01,772,25,50,
1770175507054,dev01,773,25,50,
1770175507097,dev01,774,25,50,
1770175507139,dev01,775,25,50,
1770175507182,dev01,776,25,50,
1770175507221,dev01,777,25,50,
1770175507267,dev01,778,25,50,
1770175507325,dev01,779,25,50,
1770175507381,dev01,780,25,50,
1770175507430,dev01,781,25,50,
1770175507477,dev01,782,25,50,
1770175507518,dev01,783,25,50,
1770175507567,dev01,784,25,50,
1770175507618,dev01,785,25,50,
1770175507662,dev01,786,25,50,
1770175507702,dev01,787,25,50,
1770175507754,dev01,788,25,50,
1770175507825,dev01,789,25,50,
1770175507994,dev01,790,25,50,
1770175508036,dev01,791,25,50,
1770175508076,dev01,792,25,50,
1770175508119,dev01,793,25,50,
1770175508158,dev01,794,25,50,
1770175508196,dev01,795,25,50,
1770175508242,dev01,796,25,50,
1770175508298,dev01,797,25,50,
1770175508360,dev01,798,25,50,
1770175508413,dev01,799,25,50,
1770175508460,dev01,800,25,50,
1770175508501,dev01,801,25,50,
1770175508553,dev01,802,25,50,
1770175508597,dev01,803,25,50,
1770175508636,dev01,804,25,50,
1770175508782,dev01,805,25,50,
1770175508834,dev01,806,25,50,
1770175508893,dev01,807,25,50,
1770175508956,dev01,808,25,50,
1770175509104,dev01,809,25,50,
1770175509136,dev01,810,25,50,
1770175509168,dev01,811,25,50,
1770175509203,dev01,812,25,50,
1770175509245,dev01,813,25,50,
1770175509303,dev01,814,25,50,
1770175509367,dev01,815,25,50,
1770175509416,dev01,816,25,50,
1770175509459,dev01,817,25,50,
1770175509497,dev01,818,25,50,
1770175509547,dev01,819,25,50,
1770175509581,dev01,820,25,50,
1770175509621,dev01,821,25,50,
1770175509661,dev01,822,25,50,
1770175509697,dev01,823,25,50,
1770175509743,dev01,824,25,50,
1770175509814,dev01,825,25,50,
1770175509883,dev01,826,25,50,
1770175509947,dev01,827,25,50,
1770175510002,dev01,828,25,50,
1770175510055,dev01,829,25,50,
1770175510100,dev01,830,25,50,
1770175510142,dev01,831,25,50,
1770175510187,dev01,832,25,50,
1770175510230,dev01,833,25,50,
1770175510295,dev01,834,25,50,
1770175510367,dev01,835,25,50,
1770175510423,dev01,836,25,50,
1770175510466,dev01,837,25,50,
1770175510507,dev01,838,25,50,
1770175510548,dev01,839,25,50,
1770175510588,dev01,840,25,50,
1770175510628,dev01,841,25,50,
1770175510669,dev01,842,25,50,
1770175510711,dev01,843,25,50,
1770175510757,dev01,844,25,50,
1770175510830,dev01,845,25,50,
1770175510912,dev01,846,25,50,
1770175510967,dev01,847,25,50,
1770175511010,dev01,848,25,50,
1770175511048,dev01,849,25,50,
1770175511093,dev01,850,25,50,
1770175511131,dev01,851,25,50,
1770175511172,dev01,852,25,50,
1770175511219,dev01,853,25,50,
1770175511291,dev01,854,25,50,
1770175511355,dev01,855,25,50,
1770175511405,dev01,856,25,50,
1770175511555,dev01,857,25,50,
1770175511581,dev01,858,25,50,
1770175511611,dev01,859,25,50,
1770175511652,dev01,860,25,50,
1770175511700,dev01,861,25,50,
1770175511758,dev01,862,25,50,
1770175511828,dev01,863,25,50,
1770175511891,dev01,864,25,50,
1770175511954,dev01,865,25,50,
1770175512015,dev01,866,25,50,
1770175512059,dev01,867,25,50,
1770175512098,dev01,868,25,50,
1770175512139,dev01,869,25,50,
1770175512184,dev01,870,25,50,
1770175512225,dev01,871,25,50,
1770175512269,dev01,872,25,50,
1770175512322,dev01,873,25,50,
1770175512381,dev01,874,25,50,
1770175512545,dev01,875,25,50,
1770175512570,dev01,876,25,50,
1770175512606,dev01,877,25,50,
1770175512645,dev01,878,25,50,
1770175512680,dev01,879,25,50,
1770175512719,dev01,880,25,50,
1770175512755,dev01,881,25,50,
1770175512818,dev01,882,25,50,
1770175512888,dev01,883,25,50,
1770175512941,dev01,884,25,50,
1770175513000,dev01,885,25,50,
1770175513053,dev01,886,25,50,
1770175513100,dev01,887,25,50,
1770175513142,dev01,888,25,50,
1770175513183,dev01,889,25,50,
1770175513226,dev01,890,25,50,
1770175513278,dev01,891,25,50,
1770175513339,dev01,892,25,50,
1770175513406,dev01,893,25,50,
1770175513456,dev01,894,25,50,
1770175513500,dev01,895,25,50,
1770175513541,dev01,896,25,50,
1770175513683,dev01,897,25,50,
1770175513726,dev01,898,25,50,
1770175513782,dev01,899,25,50,
1770175513848,dev01,900,25,50,
1770175513917,dev01,901,25,50,
1770175513973,dev01,902,25,50,
1770175514030,dev01,903,25,50,
1770175514069,dev01,904,25,50,
1770175514115,dev01,905,25,50,
1770175514156,dev01,906,25,50,
1770175514198,dev01,907,25,50,
1770175514240,dev01,908,25,50,
1770175514305,dev01,909,25,50,
1770175514374,dev01,910,25,50,
1770175514435,dev01,911,25,50,
1770175514483,dev01,912,25,50,
1770175514524,dev01,913,25,50,
1770175514563,dev01,914,25,50,
1770175514607,dev01,915,25,50,
1770175514650,dev01,916,25,50,
1770175514702,dev01,917,25,50,
1770175514769,dev01,918,25,50,
1770175514846,dev01,919,25,50,
1770175514914,dev01,920,25,50,
1770175514965,dev01,921,25,50,
1770175515019,dev01,922,25,50,
1770175515071,dev01,923,25,50,
1770175515130,dev01,924,25,50,
1770175515200,dev01,925,25,50,
1770175515289,dev01,926,25,50,
1770175515362,dev01,927,25,50,
1770175515425,dev01,928,25,50,
1770175515479,dev01,929,25,50,
1770175515528,dev01,930,25,50,
1770175515574,dev01,931,25,50,
1770175515617,dev01,932,25,50,
1770175515665,dev01,933,25,50,
1770175515721,dev01,934,25,50,
1770175515786,dev01,935,25,50,
1770175515853,dev01,936,25,50,
1770175515929,dev01,937,25,50,
1770175516009,dev01,938,25,50,
1770175516080,dev01,939,25,50,
1770175516145,dev01,940,25,50,
1770175516208,dev01,941,25,50,
1770175516276,dev01,942,25,50,
1770175516357,dev01,943,25,50,
1770175516433,dev01,944,25,50,
1770175516513,dev01,945,25,50,
1770175516577,dev01,946,25,50,
1770175516627,dev01,947,25,50,
1770175516667,dev01,948,25,50,
1770175516710,dev01,949,25,50,
1770175516755,dev01,950,25,50,
1770175516825,dev01,951,25,50,
1770175516898,dev01,952,25,50,
1770175516965,dev01,953,25,50,
1770175517019,dev01,954,25,50,
1770175517179,dev01,955,25,50,
1770175517211,dev01,956,25,50,
1770175517244,dev01,957,25,50,
1770175517278,dev01,958,25,50,
1770175517316,dev01,959,25,50,
1770175517371,dev01,960,25,50,
1770175517424,dev01,961,25,50,
1770175517467,dev01,962,25,50,
1770175517505,dev01,963,25,50,
1770175517550,dev01,964,25,50,
1770175517582,dev01,965,25,50,
1770175517614,dev01,966,25,50,
1770175517650,dev01,967,25,50,
1770175517687,dev01,968,25,50,
1770175517729,dev01,969,25,50,
1770175517889,dev01,970,25,50,
1770175517927,dev01,971,25,50,
1770175517967,dev01,972,25,50,
1770175518009,dev01,973,25,50,
1770175518161,dev01,974,25,50,
1770175518198,dev01,975,25,50,
1770175518234,dev01,976,25,50,
1770175518286,dev01,977,25,50,
1770175518339,dev01,978,25,50,
1770175518380,dev01,979,25,50,
1770175518432,dev01,980,25,50,
1770175518479,dev01,981,25,50,
1770175518523,dev01,982,25,50,
1770175518563,dev01,983,25,50,
1770175518604,dev01,984,25,50,
1770175518650,dev01,985,25,50,
1770175518687,dev01,986,25,50,
1770175518731,dev01,987,25,50,
1770175518802,dev01,988,25,50,
1770175518875,dev01,989,25,50,
1770175518939,dev01,990,25,50,
1770175519115,dev01,991,25,50,
1770175519141,dev01,992,25,50,
1770175519174,dev01,993,25,50,
1770175519209,dev01,994,25,50,
1770175519257,dev01,995,25,50,
1770175519317,dev01,996,25,50,
1770175519388,dev01,997,25,50,
1770175519446,dev01,998,25,50,
1770175519490,dev01,999,25,50,
1770175519535,dev01,1000,25,50,
1770177724772,dev01,100,25,50,
1770177724800,dev01,200,25,50,
1770177724826,dev01,300,25,50,
1770177724853,dev01,400,25,50,
1770177724880,dev01,500,25,50,
1770177724906,dev01,600,25,50,
1770177724933,dev01,700,25,50,
1770177724962,dev01,800,25,50,
1770177724989,dev01,900,25,50,
1770177725014,dev01,1000,25,50,
1770177725040,dev01,1100,25,50,
1770177725069,dev01,1200,25,50,
1770177725097,dev01,1300,25,50,
1770177725127,dev01,1400,25,50,
1770177725154,dev01,1500,25,50,
1770177725183,dev01,1600,25,50,
1770177725214,dev01,1700,25,50,
1770177725245,dev01,1800,25,50,
1770177725276,dev01,1900,25,50,
1770177725312,dev01,2000,25,50,
1770177829463,dev01,100,25,50,
1770177829486,dev01,200,25,50,
1770177829512,dev01,300,25,50,
1770177829535,dev01,400,25,50,
1770177829560,dev01,500,25,50,
1770177829585,dev01,600,25,50,
1770177829717,dev01,700,25,50,
1770177829757,dev01,800,25,50,
1770177829783,dev01,900,25,50,
1770177829807,dev01,1000,25,50,
1770177829832,dev01,1100,25,50,
1770177829856,dev01,1200,25,50,
1770177829880,dev01,1300,25,50,
1770177829905,dev01,1400,25,50,
1770177829930,dev01,1500,25,50,
1770177829955,dev01,1600,25,50,
1770177829984,dev01,1700,25,50,
1770177830011,dev01,1800,25,50,
1770177830037,dev01,1900,25,50,
1770177830065,dev01,2000,25,50,
1770177830095,dev01,2100,25,50,
1770177830125,dev01,2200,25,50,
1770177830165,dev01,2300,25,50,
1770177830288,dev01,2400,25,50,
1770177830357,dev01,2500,25,50,
1770177830416,dev01,2600,25,50,
1770177830465,dev01,2700,25,50,
1770177830558,dev01,2800,25,50,
1770177830655,dev01,2900,25,50,
1770177830736,dev01,3000,25,50,
1770177830778,dev01,3100,25,50,
1770177830820,dev01,3200,25,50,
1770177830861,dev01,3300,25,50,
1770177830904,dev01,3400,25,50,
1770177830945,dev01,3500,25,50,
1770177830983,dev01,3600,25,50,
1770177831020,dev01,3700,25,50,
1770177831059,dev01,3800,25,50,
1770177831099,dev01,3900,25,50,
1770177831148,dev01,4000,25,50,
1770177831195,dev01,4100,25,50,
1770177831241,dev01,4200,25,50,
1770177831290,dev01,4300,25,50,
1770177831334,dev01,4400,25,50,
1770177831384,dev01,4500,25,50,
1770177831542,dev01,4600,25,50,
1770177831575,dev01,4700,25,50,
1770177831607,dev01,4800,25,50,
1770177831637,dev01,4900,25,50,
1770177831674,dev01,5000,25,50,
1770177831712,dev01,5100,25,50,
1770177831754,dev01,5200,25,50,
1770177831793,dev01,5300,25,50,
1770177831828,dev01,5400,25,50,
1770177831860,dev01,5500,25,50,
1770177831897,dev01,5600,25,50,
1770177831935,dev01,5700,25,50,
1770177831973,dev01,5800,25,50,
1770177832015,dev01,5900,25,50,
1770177832057,dev01,6000,25,50,
1770177832097,dev01,6100,25,50,
1770177832141,dev01,6200,25,50,
1770177832193,dev01,6300,25,50,
1770177832236,dev01,6400,25,50,
1770177832290,dev01,6500,25,50,
1770177832339,dev01,6600,25,50,
1770177832389,dev01,6700,25,50,
1770177832546,dev01,6800,25,50,
1770177832593,dev01,6900,25,50,
1770177832625,dev01,7000,25,50,
1770177832662,dev01,7100,25,50,
1770177832806,dev01,7200,25,50,
1770177832830,dev01,7300,25,50,
1770177832871,dev01,7400,25,50,
1770177832902,dev01,7500,25,50,
1770177832933,dev01,7600,25,50,
1770177832969,dev01,7700,25,50,
1770177833002,dev01,7800,25,50,
1770177833038,dev01,7900,25,50,
1770177833077,dev01,8000,25,50,
1770177833114,dev01,8100,25,50,
1770177833154,dev01,8200,25,50,
1770177833204,dev01,8300,25,50,
1770177833244,dev01,8400,25,50,
1770177833292,dev01,8500,25,50,
1770177833345,dev01,8600,25,50,
1770177833491,dev01,8700,25,50,
1770177833520,dev01,8800,25,50,
1770177833550,dev01,8900,25,50,
1770177833581,dev01,9000,25,50,
1770177833610,dev01,9100,25,50,
1770177833639,dev01,9200,25,50,
1770177833673,dev01,9300,25,50,
1770177833705,dev01,9400,25,50,
1770177833742,dev01,9500,25,50,
1770177833777,dev01,9600,25,50,
1770177833815,dev01,9700,25,50,
1770177833853,dev01,9800,25,50,
1770177833896,dev01,9900,25,50,
1770177833931,dev01,10000,25,50,
1770177833964,dev01,10100,25,50,
1770177834000,dev01,10200,25,50,
1770177834038,dev01,10300,25,50,
1770177834077,dev01,10400,25,50,
1770177834117,dev01,10500,25,50,
1770177834172,dev01,10600,25,50,
1770177834224,dev01,10700,25,50,
1770177834270,dev01,10800,25,50,
1770177834316,dev01,10900,25,50,
1770177834362,dev01,11000,25,50,
1770177834409,dev01,11100,25,50,
1770177834451,dev01,11200,25,50,
1770177834493,dev01,11300,25,50,
1770177834531,dev01,11400,25,50,
1770177834578,dev01,11500,25,50,
1770177834620,dev01,11600,25,50,
1770177834660,dev01,11700,25,50,
1770177834705,dev01,11800,25,50,
1770177834747,dev01,11900,25,50,
1770177834790,dev01,12000,25,50,
1770177834824,dev01,12100,25,50,
1770177834859,dev01,12200,25,50,
1770177834900,dev01,12300,25,50,
1770177834936,dev01,12400,25,50,
1770177834982,dev01,12500,25,50,
1770177835017,dev01,12600,25,50,
1770177835050,dev01,12700,25,50,
1770177835086,dev01,12800,25,50,
1770177835129,dev01,12900,25,50,
1770177835167,dev01,13000,25,50,
1770177835207,dev01,13100,25,50,
1770177835261,dev01,13200,25,50,
1770177835312,dev01,13300,25,50,
1770177835357,dev01,13400,25,50,
1770177835398,dev01,13500,25,50,
1770177835442,dev01,13600,25,50,
1770177835490,dev01,13700,25,50,
1770177835541,dev01,13800,25,50,
1770177835591,dev01,13900,25,50,
1770177835635,dev01,14000,25,50,
1770177835676,dev01,14100,25,50,
1770177835718,dev01,14200,25,50,
1770177835758,dev01,14300,25,50,
1770177835793,dev01,14400,25,50,
1770177835831,dev01,14500,25,50,
1770177835869,dev01,14600,25,50,
1770177835907,dev01,14700,25,50,
1770177835945,dev01,14800,25,50,
1770177835982,dev01,14900,25,50,
1770177836016,dev01,15000,25,50,
1770177836053,dev01,15100,25,50,
1770177836090,dev01,15200,25,50,
1770177836134,dev01,15300,25,50,
1770177836174,dev01,15400,25,50,
1770177836221,dev01,15500,25,50,
1770177836269,dev01,15600,25,50,
1770177836313,dev01,15700,25,50,
1770177836363,dev01,15800,25,50,
1770177836509,dev01,15900,25,50,
1770177836546,dev01,16000,25,50,
1770177836593,dev01,16100,25,50,
1770177836644,dev01,16200,25,50,
1770177836686,dev01,16300,25,50,
1770177836734,dev01,16400,25,50,
1770177836789,dev01,16500,25,50,
1770177836830,dev01,16600,25,50,
1770177836876,dev01,16700,25,50,
1770177836916,dev01,16800,25,50,
1770177836957,dev01,16900,25,50,
1770177837005,dev01,17000,25,50,
1770177837043,dev01,17100,25,50,
1770177837095,dev01,17200,25,50,
1770177837146,dev01,17300,25,50,
1770177837209,dev01,17400,25,50,
1770177837270,dev01,17500,25,50,
1770177837347,dev01,17600,25,50,
1770177837416,dev01,17700,25,50,
1770177837531,dev01,17800,25,50,
1770177837721,dev01,17900,25,50,
1770177837887,dev01,18000,25,50,
1770177838013,dev01,18100,25,50,
1770177838127,dev01,18200,25,50,
1770177838367,dev01,18300,25,50,
1770177838537,dev01,18400,25,50,
1770177838657,dev01,18500,25,50,
1770177838771,dev01,18600,25,50,
1770177838881,dev01,18700,25,50,
1770177839008,dev01,18800,25,50,
1770177839106,dev01,18900,25,50,
1770177839334,dev01,19000,25,50,
1770177839440,dev01,19100,25,50,
1770177839564,dev01,19200,25,50,
1770177839684,dev01,19300,25,50,
1770177839796,dev01,19400,25,50,
1770177839903,dev01,19500,25,50,
1770177839964,dev01,19600,25,50,
1770177840036,dev01,19700,25,50,
1770177840233,dev01,19800,25,50,
1770177840283,dev01,19900,25,50,
1770177840326,dev01,20000,25,50,
1770177857445,dev01,100,25,50,
1770177857470,dev01,200,25,50,
1770177857493,dev01,300,25,50,
1770177857518,dev01,400,25,50,
1770177857543,dev01,500,25,50,
1770177857568,dev01,600,25,50,
1770177857593,dev01,700,25,50,
1770177857619,dev01,800,25,50,
1770177857643,dev01,900,25,50,
1770177857670,dev01,1000,25,50,
1770177857695,dev01,1100,25,50,
1770177857720,dev01,1200,25,50,
1770177857747,dev01,1300,25,50,
1770177857778,dev01,1400,25,50,
1770177857808,dev01,1500,25,50,
1770177857837,dev01,1600,25,50,
1770177857872,dev01,1700,25,50,
1770177857903,dev01,1800,25,50,
1770177857935,dev01,1900,25,50,
1770177857968,dev01,2000,25,50,
1770178097753,dev01,100,25,50,
1770178099247,dev01,200,25,50,
1770178100155,dev01,300,25,50,
1770178101192,dev01,400,25,50,
1770178102233,dev01,500,25,50,
1770178103246,dev01,600,25,50,
1770178104273,dev01,700,25,50,
1770178105200,dev01,800,25,50,
1770178106230,dev01,900,25,50,
1770178107157,dev01,1000,25,50,
1770178108185,dev01,1100,25,50,
1770178109215,dev01,1200,25,50,
1770178110130,dev01,1300,25,50,
1770178111185,dev01,1400,25,50,
1770178112225,dev01,1500,25,50,
1770178113160,dev01,1600,25,50,
1770178114185,dev01,1700,25,50,
1770178115233,dev01,1800,25,50,
1770178116148,dev01,1900,25,50,
1770178117175,dev01,2000,25,50,
1770178267730,dev01,100,25,50,
1770178268148,dev01,200,25,50,
1770178269148,dev01,300,25,50,
1770178270162,dev01,400,25,50,
1770178271260,dev01,500,25,50,
1770178272217,dev01,600,25,50,
1770178273137,dev01,700,25,50,
1770178274203,dev01,800,25,50,
1770178275233,dev01,900,25,50,
1770178276171,dev01,1000,25,50,
1770178277192,dev01,1100,25,50,
1770178278190,dev01,1200,25,50,
1770178279235,dev01,1300,25,50,
1770178280154,dev01,1400,25,50,
1770178281295,dev01,1500,25,50,
1770178282205,dev01,1600,25,50,
1770178283226,dev01,1700,25,50,
1770178284153,dev01,1800,25,50,
1770178285181,dev01,1900,25,50,
1770178286188,dev01,2000,25,50,
1770178399253,dev01,100,25,50,
1770178399285,dev01,200,25,50,
1770178399313,dev01,300,25,50,
1770178399343,dev01,400,25,50,
1770178399374,dev01,500,25,50,
1770178399408,dev01,600,25,50,
1770178399445,dev01,700,25,50,
1770178399483,dev01,800,25,50,
1770178399522,dev01,900,25,50,
1770178399562,dev01,1000,25,50,
1770178399606,dev01,1100,25,50,
1770178399652,dev01,1200,25,50,
1770178399701,dev01,1300,25,50,
1770178399752,dev01,1400,25,50,
1770178399800,dev01,1500,25,50,
1770178399842,dev01,1600,25,50,
1770178399885,dev01,1700,25,50,
1770178399927,dev01,1800,25,50,
1770178399966,dev01,1900,25,50,
1770178400005,dev01,2000,25,50,
1770178400046,dev01,2100,25,50,
1770178400085,dev01,2200,25,50,
1770178400132,dev01,2300,25,50,
1770178400174,dev01,2400,25,50,
1770178400214,dev01,2500,25,50,
1770178400370,dev01,2600,25,50,
1770178400411,dev01,2700,25,50,
1770178400553,dev01,2800,25,50,
1770178400589,dev01,2900,25,50,
1770178400623,dev01,3000,25,50,
1770178921619,dev01,100,25,50,
1770178922158,dev01,200,25,50,
1770178923200,dev01,300,25,50,
1770178924348,dev01,400,25,50,
1770178925231,dev01,500,25,50,
1770178926213,dev01,600,25,50,
1770178927255,dev01,700,25,50,
1770178928234,dev01,800,25,50,
1770178929154,dev01,900,25,50,
1770178930216,dev01,1000,25,50,
1770178931181,dev01,1100,25,50,
1770178932231,dev01,1200,25,50,
1770178933222,dev01,1300,25,50,
1770178934157,dev01,1400,25,50,
1770178935231,dev01,1500,25,50,
1770178936160,dev01,1600,25,50,
1770178937214,dev01,1700,25,50,
1770178938264,dev01,1800,25,50,
1770178939172,dev01,1900,25,50,
1770178940333,dev01,2000,25,50,
1770178941174,dev01,2100,25,50,
1770178942235,dev01,2200,25,50,
1770178943169,dev01,2300,25,50,
1770178944246,dev01,2400,25,50,
1770178945217,dev01,2500,25,50,
1770178946143,dev01,2600,25,50,
1770178947201,dev01,2700,25,50,
1770178948251,dev01,2800,25,50,
1770178949167,dev01,2900,25,50,
1770178950198,dev01,3000,25,50,
1770179126390,dev01,100,25,50,
1770179127152,dev01,200,25,50,
1770179128143,dev01,300,25,50,
1770179129224,dev01,400,25,50,
1770179130296,dev01,500,25,50,
1770179131167,dev01,600,25,50,
1770179132224,dev01,700,25,50,
1770179133185,dev01,800,25,50,
1770179134230,dev01,900,25,50,
1770179135200,dev01,1000,25,50,
1770179136160,dev01,1100,25,50,
1770179137190,dev01,1200,25,50,
1770179138226,dev01,1300,25,50,
1770179139172,dev01,1400,25,50,
1770179140236,dev01,1500,25,50,
1770179141189,dev01,1600,25,50,
1770179142250,dev01,1700,25,50,
1770179143219,dev01,1800,25,50,
1770179144161,dev01,1900,25,50,
1770179145238,dev01,2000,25,50,
1770179146195,dev01,2100,25,50,
1770179147249,dev01,2200,25,50,
1770179148194,dev01,2300,25,50,
1770179149267,dev01,2400,25,50,
1770179150205,dev01,2500,25,50,
1770179151265,dev01,2600,25,50,
1770179152217,dev01,2700,25,50,
1770179153151,dev01,2800,25,50,
1770179154199,dev01,2900,25,50,
1770179155164,dev01,3000,25,50,
1770186416794,dev01,626,26.3,74.9,
1770186416997,dev01,1208,26.3,66,
1770186417202,dev01,926,23.8,50.4,
1770186417405,dev01,429,20.8,39.4,
1770186417607,dev01,402,24.2,53.6,
1770186417811,dev01,1119,21.8,65.2,
1770186418030,dev01,1163,26.3,59.1,
1770186418233,dev01,625,25.2,55.3,
1770186418436,dev01,576,22.8,71.6,
1770186418639,dev01,1089,25.2,73.4,
1770186418844,dev01,564,26.2,39.4,
1770186419047,dev01,758,22.1,68.5,
1770186419251,dev01,621,26.7,57.1,
1770186419462,dev01,994,20.2,43.8,
1770186419670,dev01,1099,21.4,57.4,
1770186419873,dev01,1065,22.5,36,
1770186420077,dev01,514,20.5,67,
1770186420278,dev01,1071,25.6,69.5,
1770186420480,dev01,853,26.3,42.7,
1770186420693,dev01,1292,27.6,57.5,
1770186420894,dev01,641,23.7,51.5,
1770186421099,dev01,1091,25.5,62.8,
1770186421306,dev01,547,20.3,48.9,
1770186421510,dev01,924,24.1,54.6,
1770186421724,dev01,876,25,59.6,
1770186421926,dev01,1037,24.1,43.1,
1770186422136,dev01,735,27.3,59.6,
1770186422345,dev01,407,24.5,51.1,
1770186422545,dev01,563,22.4,43.7,
1770186422752,dev01,607,26.1,69.9,
1770186422959,dev01,615,26.4,53.3,
1770186423161,dev01,453,25.8,38.6,
1770186423367,dev01,1169,26.1,54.1,
1770186423567,dev01,614,20.7,49.4,
1770186423774,dev01,460,22.5,69,
1770186423989,dev01,473,25.4,49.4,
1770186424198,dev01,980,26.5,59.1,
1770186424402,dev01,550,21.5,61.5,
1770186424605,dev01,1218,21,52.7,
1770186424812,dev01,1157,26.4,70.6,
1770186425021,dev01,947,27.5,63.1,
1770186425230,dev01,484,24.8,58.1,
1770186425442,dev01,957,21.8,74.5,
1770186425650,dev01,946,27.5,55.9,
1770186425864,dev01,489,21.9,53.6,
1770186426076,dev01,1062,24.3,65.5,
1770186426276,dev01,619,22.5,42.1,
1770186426503,dev01,490,27.1,38.9,
1770186426718,dev01,754,20.6,46,
1770186426921,dev01,577,21.7,55.2,
1770186427123,dev01,1128,21.6,64.5,
1770186427336,dev01,968,26.6,62.3,
1770186427551,dev01,601,26.8,49.5,
1770186427751,dev01,982,20,46,
1770186427967,dev01,842,26.3,70.2,
1770186428180,dev01,728,27.5,71.9,
1770186428389,dev01,1227,26.1,41.5,
1770186428603,dev01,491,23,62.6,
1770186428815,dev01,708,27.5,42.3,
1770186429023,dev01,1125,22,63.3,
1770186429233,dev01,685,20.7,60.8,
1770186429440,dev01,743,26,62.3,
1770186429654,dev01,1255,22.8,42.5,
1770186429866,dev01,408,25.4,42,
1770186430077,dev01,1247,23.5,37.4,
1770186430292,dev01,422,20.4,69.4,
1770186430491,dev01,957,26.5,59.5,
1770186430701,dev01,1183,26.3,63.1,
1770186430911,dev01,1244,21.7,49.4,
1770186431120,dev01,1144,25.3,38.6,
1770186431332,dev01,472,22.9,51.6,
1770186431545,dev01,1272,22.3,72.5,
1770186431756,dev01,1123,27.3,64.1,
1770186431958,dev01,953,23.7,42.2,
1770186432163,dev01,1152,27.2,63.6,
1770186432372,dev01,471,20.8,48.5,
1770186432587,dev01,695,23.3,72.1,
1770186432789,dev01,1280,24.5,47.4,
1770186432991,dev01,1179,25,54.8,
1770186433191,dev01,1128,26.2,62.2,
1770186433398,dev01,1251,25.4,56.4,
1770186433610,dev01,655,20.4,64.1,
1770186433818,dev01,1065,26.6,68.8,
1770186434028,dev01,530,24.9,66.7,
1770186434237,dev01,1246,24.6,61.4,
1770186434441,dev01,1010,23.6,64.8,
1770186434642,dev01,460,25.6,45.2,
1770186434859,dev01,725,20.1,54.9,
1770186435068,dev01,878,25.6,50.6,
1770186435277,dev01,987,24.9,73.5,
1770186435482,dev01,723,27.3,68.7,
1770186435688,dev01,1030,22.4,53.5,
1770186435897,dev01,867,20.7,50.4,
1770186436106,dev01,979,24.8,74.6,
1770186436315,dev01,767,25.2,48.6,
1770186436516,dev01,859,22.8,74.7,
1770186436728,dev01,915,24.1,43.7,
1770186436929,dev01,863,21,54.3,
1770186437132,dev01,1135,25.7,72.8,
1770186437342,dev01,1296,23.6,40.2,
1770186437543,dev01,615,24.8,46.6,
1770186437757,dev01,905,23.2,62.3,
1770186437967,dev01,424,25,44.2,
1770186438178,dev01,772,24.4,41.7,
1770186438386,dev01,627,26.8,36.1,
1770186438597,dev01,829,23.6,39.4,
1770186438798,dev01,561,21.6,51.2,
1770186439006,dev01,659,22.4,64.9,
1770186439215,dev01,710,21.5,35.9,
1770186439418,dev01,981,25.9,55.1,
1770186439622,dev01,694,27.5,55.8,
1770186439825,dev01,841,21.1,43.9,
1770186440035,dev01,431,23.8,56.9,
1770186440244,dev01,662,22.7,39.1,
1770186440452,dev01,633,24.7,73.5,
1770186440662,dev01,456,22.6,70.8,
1770186440868,dev01,599,24.4,74.6,
1770186441078,dev01,1156,25.3,45.7,
1770186441286,dev01,691,25.5,69.4,
1770186441488,dev01,1065,27.6,38.4,
1770186441699,dev01,983,22.8,70,
1770186441900,dev01,1299,22.9,57.4,
1770186442104,dev01,556,21.5,39.7,
1770186442305,dev01,667,27.6,46.1,
1770186442506,dev01,1235,24,41.9,
1770186442716,dev01,683,23.4,52.8,
1770186442925,dev01,820,26.1,72.3,
1770186443134,dev01,859,21.6,40.9,
1770186443344,dev01,780,26.7,38.3,
1770186443543,dev01,1259,24.3,55.4,
1770186443759,dev01,419,21.9,63.7,
1770186443969,dev01,1058,23.1,59,
1770186444178,dev01,1039,23.3,59.2,
1770186444383,dev01,1227,20.9,67,
1770186444587,dev01,1285,27.4,35.2,
1770186444788,dev01,1215,26.1,53.2,
1770186444996,dev01,1234,22.9,37,
1770186445207,dev01,473,22.8,37.1,
1770186445414,dev01,837,22.5,50,
1770186445624,dev01,726,27.6,44,
1770186445835,dev01,1252,22.3,51.7,
1770186446038,dev01,651,21.5,47.3,
1770186446254,dev01,1040,25,44.5,
1770186446462,dev01,443,26.5,63.8,
1770186446674,dev01,1080,22.5,72.7,
1770186446882,dev01,1050,23.5,48.1,
1770186447086,dev01,746,23.9,45.9,
1770186447288,dev01,777,20.8,39.1,
1770186447488,dev01,646,21.1,60.6,
1770186447698,dev01,988,21.4,36.6,
1770186447901,dev01,882,26.6,41,
1770186448117,dev01,1070,25.3,52.8,
1770186448317,dev01,1296,21.8,64.6,
1770186448518,dev01,581,25,60.7,
1770186448733,dev01,1281,20.8,58.9,
1770186448942,dev01,837,25,64.9,
1770186449151,dev01,780,21.4,43,
1770186449361,dev01,754,20.5,68.3,
1770186449562,dev01,1036,21.3,56.3,
1770186449765,dev01,1222,21.7,63,
1770186449971,dev01,947,21.1,61.9,
1770186450180,dev01,1212,27.9,36.9,
1770186450389,dev01,1260,26.5,37.1,
1770186450604,dev01,633,23.9,43.2,
1770186450815,dev01,825,25.2,52.7,
1770186451025,dev01,1176,25.6,69.9,
1770186451234,dev01,579,25.2,48.7,
1770186451450,dev01,1250,20.7,51.8,
1770186451659,dev01,1255,21.5,41.6,
1770186451867,dev01,1274,24.1,39.1,
1770186452068,dev01,781,21.7,46.3,
1770186452270,dev01,741,23.3,41.5,
1770186452474,dev01,550,27.6,47.2,
1770186452680,dev01,799,21.6,52.2,
1770186452888,dev01,1039,26.1,39.6,
1770186453097,dev01,1086,21.3,66,
1770186453306,dev01,652,22.6,41.7,
1770186453507,dev01,636,24.4,39.2,
1770186453718,dev01,808,20.5,49.9,
1770186453928,dev01,446,26.2,49.5,
1770186454137,dev01,664,24.4,68.9,
1770186454345,dev01,704,20.2,68.9,
1770186454549,dev01,960,26.4,62.1,
1770186454752,dev01,965,22.8,39.1,
1770186454958,dev01,545,21,35.4,
1770186455166,dev01,1042,22.1,38.2,
1770186455375,dev01,435,24.7,36.5,
1770186455590,dev01,879,21.3,64.9,
1770186455791,dev01,472,21.6,67.1,
1770186455999,dev01,1136,25.4,71.2,
1770186456202,dev01,546,23.9,51.7,
1770186456402,dev01,549,23.7,48.1,
1770186456610,dev01,887,20.5,59.2,
1770186456826,dev01,603,24.3,39.9,
1770186457029,dev01,880,27.9,63.9,
1770186457233,dev01,647,22,37,
1770186457441,dev01,882,25.6,40.9,
1770186457650,dev01,877,25.7,58.4,
1770186457857,dev01,581,25.3,42.4,
1770186458066,dev01,1274,22.5,60.2,
1770186458275,dev01,897,20.7,53,
1770186458493,dev01,1201,20.4,66.1,
1770186458702,dev01,1031,26.6,47.9,
1770186458910,dev01,535,20.4,41.6,
1770186459119,dev01,483,20.1,69.6,
1770186459334,dev01,429,27.3,52.2,
1770186459539,dev01,589,21.6,69,
1770186459740,dev01,916,26.6,51.6,
1770186459953,dev01,418,23.7,49.5,
1770186460166,dev01,1046,20.7,46.8,
1770186460380,dev01,790,20.1,60.4,
1770186460581,dev01,719,21,74.9,
1770186460782,dev01,673,21.7,45.9,
1770186460993,dev01,1076,23.4,67,
1770186461194,dev01,489,27.5,58.7,
1770186461409,dev01,495,27.3,53.1,
1770186461611,dev01,710,21.2,46.8,
1770186461826,dev01,639,25.8,69.2,
1770186462036,dev01,1207,21.8,64,
1770186462239,dev01,415,27.1,45.9,
1770186462441,dev01,1071,23,35.1,
1770186462650,dev01,706,26.1,37.6,
1770186462860,dev01,1220,21.1,65.9,
1770186463068,dev01,506,21.6,41.4,
1770186463276,dev01,466,21.8,69.3,
1770186463477,dev01,1007,25.6,52.9,
1770186463688,dev01,1227,22.7,62,
1770186463896,dev01,769,24.4,39.3,
1770186464100,dev01,823,24.9,40.6,
1770186464315,dev01,536,20.2,63.3,
1770186464523,dev01,483,24.6,38.2,
1770186464727,dev01,457,22.6,64.6,
1770186464952,dev01,440,23.1,54.5,
1770186465167,dev01,1250,24.5,52.5,
1770186465376,dev01,642,21,42.2,
1770186465591,dev01,916,21.9,47.2,
1770186465793,dev01,443,24.9,54.2,
1770186466002,dev01,668,27.6,67.5,
1770186466211,dev01,792,20,51.5,
1770186466420,dev01,1272,20.6,43.6,
1770186466631,dev01,1245,23.3,39.5,
1770186466846,dev01,947,23.1,73.5,
1770186467056,dev01,1111,20.8,35.5,
1770186467258,dev01,468,27.8,35.5,
1770186467466,dev01,844,20.8,35.4,
1770186467672,dev01,1062,25.2,35.1,
1770186467880,dev01,940,23.9,47,
1770186468090,dev01,997,23.8,49.8,
1770186468299,dev01,409,27.4,44.7,
1770186468501,dev01,839,20.5,43.1,
1770186468709,dev01,562,22.3,38.7,
1770186468917,dev01,851,21.2,63.7,
1770186469126,dev01,980,27.5,56.4,
1770186469335,dev01,964,25.9,49.5,
1770186469544,dev01,988,20.8,70.7,
1770186469745,dev01,406,21.6,36.4,
1770186469951,dev01,1190,27.6,36.3,
1770186470160,dev01,557,27.2,62.4,
1770186470369,dev01,960,21.8,37.8,
1770186470568,dev01,1152,24.7,41.5,
1770186470783,dev01,868,27.8,62.6,
1770186470995,dev01,614,24.8,54.5,
1770186471203,dev01,959,27.1,69.3,
1770186471412,dev01,414,23.6,46.7,
1770186471621,dev01,613,25.2,56.4,
1770186471831,dev01,825,24.6,55,
1770186472042,dev01,847,22.1,49.5,
1770186472246,dev01,1107,23,60.7,
1770186472450,dev01,639,26.2,44.2,
1770186472650,dev01,1153,24.5,51.1,
1770186472859,dev01,1046,22.6,58.2,
1770186473069,dev01,1147,24.6,66.1,
1770186473279,dev01,1061,27.8,72.5,
1770186473481,dev01,741,22.7,45.3,
1770186473688,dev01,932,22.1,74.3,
1770186473895,dev01,561,27.6,46.6,
1770186474108,dev01,728,23.5,59.4,
1770186474322,dev01,1036,27.8,40.2,
1770186474534,dev01,966,21.5,57,
1770186474738,dev01,969,24.8,57.4,
1770186474938,dev01,665,23,41.2,
1770186475152,dev01,1184,26.5,44.2,
1770186475361,dev01,1299,23.9,55.1,
1770186475576,dev01,727,27.4,55.6,
1770186475777,dev01,815,24.7,70.5,
1770186475986,dev01,1184,26.2,54.8,
1770186476195,dev01,1158,21.1,43.9,
1770186476402,dev01,775,20.6,62.7,
1770186476602,dev01,1078,26.5,36.5,
1770186476803,dev01,560,24.9,66.8,
1770186477011,dev01,756,20.9,58.4,
1770186477212,dev01,609,23.6,60.7,
1770186477415,dev01,1260,20.6,43.1,
1770186477618,dev01,1255,23.4,53.6,
1770186477833,dev01,747,26.9,44.2,
1770186478046,dev01,1028,20.4,61.4,
1770186478252,dev01,808,22.3,55.2,
1770186478461,dev01,996,20.8,54.8,
1770186478661,dev01,732,26.6,46.3,
1770186478871,dev01,892,26.3,56.3,
1770186479081,dev01,1233,24.3,68.5,
1770186479290,dev01,841,21.5,45.5,
1770186479491,dev01,793,23.6,59.2,
1770186479697,dev01,1259,20.8,40.2,
1770186479899,dev01,915,27.8,35.4,
1770186480101,dev01,922,26.8,73.1,
1770186480310,dev01,1256,22.4,73.6,
1770186480511,dev01,1129,21.7,49.2,
1770186480721,dev01,659,24.5,35.5,
1770186480928,dev01,1091,21.3,54.5,
1770186481138,dev01,502,23.8,58.9,
1770186481346,dev01,1189,27,50.7,
1770186481550,dev01,927,23.7,66.1,
1770186481767,dev01,1183,21.8,67.9,
1770186481971,dev01,419,26.1,35.4,
1770186482181,dev01,903,20.4,50.1,
1770186482383,dev01,763,21.1,54.5,
1770186482585,dev01,794,20.6,72.1,
1770186482800,dev01,1208,21.1,36.8,
1770186483010,dev01,899,21.1,37.5,
1770186483219,dev01,745,26.6,57.9,
1770186483428,dev01,1082,23.9,39.7,
1770186483638,dev01,1000,23.8,38.8,
1770186483846,dev01,1203,26.2,57.8,
1770186484057,dev01,684,24.4,40.1,
1770186484265,dev01,1025,27.2,40.3,
1770186484491,dev01,1032,23.4,62.1,
1770186484697,dev01,476,21.5,52.2,
1770186484898,dev01,1010,25.6,61.3,
1770186485102,dev01,999,22.5,46,
1770186485310,dev01,797,27.9,65.5,
1770186485510,dev01,867,23.1,48.4,
1770186485720,dev01,585,21.7,40.4,
1770186485929,dev01,672,25.5,35.1,
1770186486138,dev01,1160,21,68.6,
1770186486347,dev01,936,25.3,49,
1770186486561,dev01,1062,26.6,69.3,
1770186486762,dev01,430,22.7,45.3,
1770186486971,dev01,1160,21.2,40.3,
1770186487181,dev01,909,20.8,51.2,
1770186487383,dev01,443,24.2,57.2,
1770186487586,dev01,512,20.3,40.8,
1770186487800,dev01,558,24.8,41,
1770186488011,dev01,1267,24.1,46,
1770186488218,dev01,992,24.2,65.6,
1770186488428,dev01,1138,27.7,41.1,
1770186488637,dev01,411,23.4,36.1,
1770186488837,dev01,1026,21.7,68.3,
1770186489046,dev01,619,24.2,54.8,
1770186489249,dev01,1042,23.9,44.9,
1770186489463,dev01,764,23.5,38.7,
1770186489673,dev01,1073,23.1,66.4,
1770186489878,dev01,1135,23,63,
1770186490079,dev01,589,27.3,67.2,
1770186490288,dev01,507,26.5,62.9,
1770186490488,dev01,766,22,62.1,
1770186490688,dev01,1283,23.8,65.6,
1770186490905,dev01,880,23,44.9,
1770186491119,dev01,1136,26.4,58.2,
1770186491331,dev01,1205,24.1,42.5,
1770186491546,dev01,913,27,53.1,
1770186491761,dev01,679,24.8,49.7,
1770186491972,dev01,1041,25.3,68.4,
1770186492181,dev01,814,25.4,65.3,
1770186492384,dev01,594,23.8,35,
1770186492586,dev01,577,24.7,38.8,
1770186492793,dev01,601,24,54.9,
1770186492993,dev01,1084,27.5,71,
1770186493203,dev01,1215,25.2,60.9,
1770186493412,dev01,629,26,67.3,
1770186493622,dev01,442,26.7,41.6,
1770186493837,dev01,788,21.3,73.9,
1770186494047,dev01,555,26.6,68,
1770186494256,dev01,433,26.5,65.2,
1770186494467,dev01,1018,24.7,72.6,
1770186494676,dev01,564,27.3,59.8,
1770186494879,dev01,599,25.6,59.4,
1770186495081,dev01,496,24.5,59.2,
1770186495282,dev01,999,21.7,41.1,
1770186495499,dev01,1263,20.3,62.4,
1770186495706,dev01,1262,27.3,65.3,
1770186495914,dev01,546,22.7,54.8,
1770186496124,dev01,1086,23,52.6,
1770186496334,dev01,897,26.6,71.1,
1770186496550,dev01,1039,25.2,45.4,
1770186496764,dev01,571,20.8,55.1,
1770186496977,dev01,1117,27.7,45.9,
1770186497182,dev01,1000,21.5,67.7,
1770186497384,dev01,919,22.5,46.4,
1770186497588,dev01,700,20.8,41.7,
1770186497796,dev01,1243,22.3,51.9,
1770186497998,dev01,1106,20.8,53.9,
1770186498204,dev01,1079,23.7,38.6,
1770186498413,dev01,754,26.1,70.9,
1770186498622,dev01,712,21.7,35.3,
1770186498822,dev01,750,27.2,61.3,
1770186499031,dev01,995,20.4,36.1,
1770186499241,dev01,478,27.4,64.3,
1770186499450,dev01,401,25,47.1,
1770186499660,dev01,927,23.7,67.2,
1770186499869,dev01,1183,22.4,63.2,
1770186500073,dev01,488,20.3,44.6,
1770186500279,dev01,845,27.5,36.3,
1770186500480,dev01,926,25.4,65.5,
1770186500690,dev01,471,20.1,49.7,
1770186500897,dev01,1000,24.2,54.2,
1770186501107,dev01,565,27.8,42.2,
1770186501315,dev01,430,26.9,59.9,
1770186501517,dev01,1201,27.7,37,
1770186501725,dev01,605,25.2,45.1,
1770186501938,dev01,459,25.3,66.9,
1770186502148,dev01,699,26,36.1,
1770186502354,dev01,454,21,71.1,
1770186502562,dev01,1174,22.9,43.9,
1770186502774,dev01,1176,27.7,52,
1770186502985,dev01,1188,24.2,71.3,
1770186503194,dev01,1026,27.7,35.4,
1770186503404,dev01,1299,22.9,64.3,
1770186503618,dev01,1035,26,40.3,
1770186503820,dev01,1297,26.8,38.2,
1770186504029,dev01,1017,20.8,40.6,
1770186504239,dev01,407,21.3,37.2,
1770186504447,dev01,1287,28,70.1,
1770186504659,dev01,501,27.1,72.1,
1770186504863,dev01,417,21.4,36.1,
1770186505065,dev01,540,24.8,37.6,
1770186505270,dev01,1105,27.9,35.8,
1770186505480,dev01,1085,21.8,62.9,
1770186505689,dev01,1185,24.6,62.6,
1770186505897,dev01,960,23.4,49.4,
1770186506107,dev01,771,27.9,55.5,
1770186506317,dev01,704,21.3,56.6,
1770186506518,dev01,669,21.6,41.2,
1770186506725,dev01,1293,27,60.4,
1770186506934,dev01,861,20.1,74.6,
1770186507144,dev01,1097,23.3,72,
1770186507353,dev01,1239,21.5,36.3,
1770186507554,dev01,911,24.7,65.4,
1770186507756,dev01,1231,21.9,44.6,
1770186507968,dev01,953,27.7,59,
1770186508179,dev01,1090,22.5,44.8,
1770186508386,dev01,949,20.4,57.3,
1770186508587,dev01,1283,25.4,38.5,
1770186508801,dev01,1299,21,72.8,
1770186509002,dev01,561,26.6,45.7,
1770186509202,dev01,738,27.6,45.4,
1770186509411,dev01,986,23.4,59.6,
1770186509611,dev01,1215,25.1,74.8,
1770186509823,dev01,1242,20.2,49.8,
1770186510025,dev01,1189,24.1,56.6,
1770186510228,dev01,912,24.8,36.5,
1770186510433,dev01,904,23.7,36.3,
1770186510643,dev01,553,21.1,71.3,
1770186510844,dev01,1183,27.7,63.9,
1770186511060,dev01,927,27.9,45.3,
1770186511275,dev01,1229,22.2,68.2,
1770186511474,dev01,1031,27.9,59.3,
1770186511675,dev01,1052,24.8,49.2,
1770186511891,dev01,874,24.8,37.5,
1770186512093,dev01,1092,26.4,43.3,
1770186512308,dev01,1190,25.4,64.5,
1770186512512,dev01,867,26.2,59.8,
1770186512716,dev01,426,22.7,55.7,
1770186512924,dev01,622,24.4,55.6,
1770186513124,dev01,564,25.6,72.7,
1770186513339,dev01,833,23.4,43.4,
1770186513541,dev01,515,25.8,44.9,
1770186513750,dev01,748,27.5,50.5,
1770186513951,dev01,957,20.5,68.4,
1770186514159,dev01,952,20,61,
1770186514359,dev01,1132,26.5,48.6,
1770186514565,dev01,1235,22.9,35.5,
1770186514776,dev01,569,21.3,36.8,
1770186514981,dev01,1204,26.3,45.9,
1770186515182,dev01,1173,22.5,36.5,
1770186515393,dev01,624,20.5,69.9,
1770186515593,dev01,561,25.2,38.7,
1770186515807,dev01,1061,22.9,59.8,
1770186516009,dev01,818,25.7,42.6,
1770186516219,dev01,1291,27.5,69.3,
1770186516419,dev01,952,22.6,37.7,
1770186516619,dev01,1232,21.4,44.1,
1770186516834,dev01,1004,22.2,69.3,
1770186517034,dev01,1008,21.2,50.6,
1770186517250,dev01,485,20.4,74.1,
1770186517460,dev01,705,22.1,64.2,
1770186517665,dev01,1135,25.6,50.4,
1770186517869,dev01,412,21.4,36.7,
1770186518069,dev01,965,26.4,37.2,
1770186518284,dev01,644,20.4,61.1,
1770186518486,dev01,1295,26.1,62.8,
1770186518688,dev01,414,24.7,69.6,
1770186518895,dev01,904,21.5,42,
1770186519105,dev01,805,27.4,68.7,
1770186519314,dev01,928,23.9,57,
1770186519516,dev01,1030,21.2,62.8,
1770186519724,dev01,600,23.7,60.6,
1770186519935,dev01,1219,22.2,50,
1770186520138,dev01,528,20.8,71.6,
1770186520339,dev01,601,23.2,52.1,
1770186520540,dev01,957,23.1,45,
1770186520743,dev01,532,26.1,63.7,
1770186520956,dev01,953,27.4,69.4,
1770186521166,dev01,1013,22,35.3,
1770186521375,dev01,511,20.4,56.9,
1770186521590,dev01,601,24.4,62.4,
1770186521804,dev01,1032,26,56.3,
1770186522014,dev01,1096,23,57.3,
1770186522230,dev01,895,27.3,45.9,
1770186522442,dev01,972,25.1,36,
1770186522647,dev01,659,24.6,37.3,
1770186522849,dev01,862,26.8,55.7,
1770186523052,dev01,1014,26.5,74.2,
1770186523261,dev01,639,20.4,58.8,
1770186523473,dev01,472,25.1,50.5,
1770186523682,dev01,873,27.9,41,
1770186523882,dev01,1280,25,74.1,
1770186524091,dev01,576,24.1,46.7,
1770186524295,dev01,449,26.6,65.8,
1770186524501,dev01,740,21.9,74.8,
1770186524701,dev01,773,25.8,40.2,
1770186524909,dev01,967,25.7,61,
1770186525113,dev01,436,26.2,39.8,
1770186525317,dev01,895,27.6,70.2,
1770186525518,dev01,1288,21.6,71.8,
1770186525736,dev01,660,22.6,53.4,
1770186525942,dev01,727,23,68.7,
1770186526142,dev01,807,23.3,35.6,
1770186526350,dev01,694,25.2,49.3,
1770186526551,dev01,584,27.7,46.4,
1770186526752,dev01,572,27.2,51.2,
1770186526961,dev01,860,22.1,61.4,
1770186527176,dev01,619,23.9,74.4,
1770186527387,dev01,900,25.8,40.2,
1770186527588,dev01,1201,22.2,51.1,
1770186527792,dev01,914,21.9,74.5,
1770186527998,dev01,1034,26.7,59.5,
1770186528212,dev01,1276,22.9,64.9,
1770186528422,dev01,746,24.6,36.2,
1770186528623,dev01,465,25.5,50.3,
1770186528837,dev01,1022,26.1,58,
1770186529048,dev01,747,26.2,71.2,
1770186529249,dev01,452,20.3,69.8,
1770186529468,dev01,1289,20.8,58.6,
1770186529674,dev01,446,20.8,47.8,
1770186529885,dev01,711,21.7,37.1,
1770186530090,dev01,635,21.4,47.5,
1770186530292,dev01,666,22.2,39.5,
1770186530499,dev01,571,27.9,66.6,
1770186530708,dev01,1236,20.5,51,
1770186530909,dev01,1279,25.5,45.3,
1770186531124,dev01,883,22.2,58.7,
1770186531332,dev01,1252,24.4,50.9,
1770186531534,dev01,1265,24,37.9,
1770186531735,dev01,583,22.4,38.4,
1770186531949,dev01,404,23.1,39.3,
1770186532150,dev01,833,27.1,74.6,
1770186532365,dev01,532,23.1,63,
1770186532574,dev01,854,22.6,56.7,
1770186532777,dev01,645,24.2,57.7,
1770186532980,dev01,624,22.5,39.8,
1770186533181,dev01,504,24.9,52.3,
1770186533381,dev01,799,26,40.3,
1770186533596,dev01,530,20,69.3,
1770186533798,dev01,1123,26.8,69.7,
1770186534014,dev01,788,22.2,42.3,
1770186534214,dev01,670,24.2,67.3,
1770186534415,dev01,1220,22.6,72.8,
1770186534630,dev01,773,26.2,49.4,
1770186534831,dev01,1081,20.9,60.2,
1770186535040,dev01,970,27.9,56.5,
1770186535241,dev01,747,21.7,68,
1770186535444,dev01,821,26,59.5,
1770186535656,dev01,1283,27.9,55.4,
1770186535872,dev01,649,25.1,36.5,
1770186536074,dev01,1060,22,41,
1770186536283,dev01,988,26.6,58.8,
1770186536499,dev01,803,22.4,45.5,
1770186536702,dev01,545,23.8,51.8,
1770186536903,dev01,984,25.3,58.6,
1770186537105,dev01,767,20.1,58.8,
1770186537310,dev01,891,27.9,45.3,
1770186537512,dev01,1047,20.8,53.6,
1770186537717,dev01,922,22.8,54.9,
1770186537918,dev01,1238,25.3,43.8,
1770186538129,dev01,952,22.3,65.2,
1770186538331,dev01,562,20.6,40.8,
1770186538547,dev01,798,24.5,61.9,
1770186538749,dev01,1181,27.9,64.2,
1770186538950,dev01,890,23.4,66.2,
1770186539162,dev01,615,27.2,59.4,
1770186539363,dev01,757,20.6,72.9,
1770186539567,dev01,1226,26.6,35.1,
1770186539780,dev01,605,27.7,38.9,
1770186539994,dev01,426,25.5,71.4,
1770186540199,dev01,868,22.3,67.2,
1770186540401,dev01,894,23.1,50.3,
1770186540610,dev01,703,27.1,73.4,
1770186540810,dev01,1074,23.1,61.6,
1770186541011,dev01,416,24.4,59.1,
1770186541213,dev01,1044,20.1,45.4,
1770186541428,dev01,873,22.8,39.2,
1770186541629,dev01,837,24.1,49.9,
1770186541830,dev01,1268,27.6,35.3,
1770186542043,dev01,1128,27,38,
1770186542244,dev01,1150,23.2,35.5,
1770186542444,dev01,495,20.1,68.3,
1770186542647,dev01,641,20.5,38.1,
1770186542850,dev01,848,22.6,55.6,
1770186543052,dev01,993,22.1,65,
1770186543254,dev01,1146,20.9,65.7,
1770186543454,dev01,1109,23.9,56.5,
1770186543668,dev01,733,23.2,70.8,
1770186543869,dev01,459,26.4,46.4,
1770186544078,dev01,1256,26.8,73.5,
1770186544286,dev01,962,24.8,51.2,
1770186544486,dev01,724,27.1,67.7,
1770186544694,dev01,413,21.4,51.9,
1770186544908,dev01,741,22.1,73.7,
1770186545116,dev01,428,23.3,71,
1770186545318,dev01,1098,22.6,71.4,
1770186545521,dev01,862,21,63.2,
1770186545728,dev01,504,23.4,71.7,
1770186545937,dev01,515,26.2,66.2,
1770186546141,dev01,1056,21.4,56,
1770186546355,dev01,610,23.4,61.9,
1770186546568,dev01,936,25.5,52.1,
1770186546778,dev01,1281,27.4,73.4,
1770186546988,dev01,545,27,61.1,
1770186547195,dev01,635,20.7,59.1,
1770186547405,dev01,795,21.1,44.1,
1770186547619,dev01,1262,26,47.7,
1770186547822,dev01,704,26.5,46.2,
1770186548024,dev01,1186,23.8,48.3,
1770186548228,dev01,1104,24.2,74.5,
1770186548437,dev01,1260,27.8,57.2,
1770186548637,dev01,731,24.2,72.3,
1770186548837,dev01,1004,27.5,39.8,
1770186549045,dev01,909,21,46.1,
1770186549254,dev01,429,21.4,74.1,
1770186549465,dev01,1195,22,52.2,
1770186549675,dev01,1100,22.4,63.8,
1770186549876,dev01,1281,21.6,44.6,
1770186550085,dev01,893,21.3,46.8,
1770186550290,dev01,620,27.3,72.5,
1770186550491,dev01,676,20.7,51.1,
1770186550696,dev01,598,27.7,42,
1770186550909,dev01,1188,24.6,39.3,
1770186551122,dev01,696,25,47.5,
1770186551330,dev01,943,26.8,42.7,
1770186551532,dev01,1210,26,47.2,
1770186551743,dev01,553,22.2,69.9,
1770186551953,dev01,411,24.9,50,
1770186552152,dev01,641,22.7,58.4,
1770186552361,dev01,1028,26.9,47.7,
1770186552577,dev01,509,26.8,43.2,
1770186552790,dev01,1270,26.6,57.7,
1770186552992,dev01,1252,23.9,71.5,
1770186553192,dev01,913,21,50.6,
1770186553403,dev01,1222,24.1,72.2,
1770186553603,dev01,556,22.1,65.4,
1770186553814,dev01,925,20.3,39.2,
1770186554021,dev01,1131,25.2,35.4,
1770186554230,dev01,884,25.8,60.8,
1770186554439,dev01,844,20.5,39,
1770186554654,dev01,571,24.4,38.1,
1770186554854,dev01,1072,24.4,56.1,
1770186555063,dev01,995,22.3,51.2,
1770186555269,dev01,535,23.7,46.2,
1770186555472,dev01,1154,27.4,54.1,
1770186555676,dev01,784,25.7,46.8,
1770186555876,dev01,1108,27.1,49,
1770186556085,dev01,786,21.4,71.3,
1770186556288,dev01,527,26.8,41.6,
1770186556494,dev01,1054,23.1,68.8,
1770186556704,dev01,1149,25.1,58.1,
1770186556904,dev01,818,21.3,39.5,
1770186557113,dev01,964,27.2,40.9,
1770186557322,dev01,639,22.4,70.5,
1770186557537,dev01,504,27.8,54.7,
1770186557747,dev01,1165,23.6,42.5,
1770186557951,dev01,661,21.7,70.5,
1770186558152,dev01,1117,26.3,57.9,
1770186558362,dev01,697,22.1,66.5,
1770186558573,dev01,970,20.3,35.9,
1770186558782,dev01,1093,25.5,66.7,
1770186558991,dev01,735,20.5,67,
1770186559201,dev01,600,26.2,41.3,
1770186559409,dev01,728,21.5,49.6,
1770186559625,dev01,1022,25.6,58.6,
1770186559840,dev01,1071,21.4,65,
1770186560051,dev01,782,20.4,42.6,
1770186560262,dev01,454,27.1,69,
1770186560463,dev01,898,20.8,59.3,
1770186560667,dev01,1077,21.5,54.7,
1770186560869,dev01,1032,20.1,38.8,
1770186561077,dev01,760,24.3,40.8,
1770186561287,dev01,875,26.1,64.6,
1770186561518,dev01,516,22.9,74.7,
1770186561731,dev01,926,23.6,65.1,
1770186561939,dev01,894,21.1,44.3,
1770186562141,dev01,669,23,62.8,
1770186562356,dev01,785,27.7,58,
1770186562570,dev01,813,27,61.2,
1770186562780,dev01,501,25,44.2,
1770186562985,dev01,964,25.1,50.9,
1770186563199,dev01,414,20.3,65.6,
1770186563409,dev01,829,26,74.3,
1770186563610,dev01,811,25.3,61.1,
1770186563818,dev01,575,21,51.7,
1770186564027,dev01,1088,25.7,50.9,
1770186564236,dev01,1041,20.5,69.5,
1770186564445,dev01,1038,21.7,49.5,
1770186564645,dev01,637,24.9,37.1,
1770186564845,dev01,831,25.3,55.7,
1770186565053,dev01,918,22.9,46,
1770186565261,dev01,542,22.7,69.9,
1770186565471,dev01,476,23.7,60.5,
1770186565673,dev01,1255,22.6,59.5,
1770186565873,dev01,822,25.7,70.3,
1770186566083,dev01,924,20.5,69.2,
1770186566292,dev01,637,20.1,54.4,
1770186566493,dev01,468,23.1,70,
1770186566701,dev01,1297,27.5,69.2,
1770186566900,dev01,813,20.9,61.3,
1770186567109,dev01,799,25.4,37.7,
1770186567320,dev01,722,23.3,43.5,
1770186567522,dev01,697,27.1,72.5,
1770186567729,dev01,1241,23.2,61.6,
1770186567936,dev01,1032,25.1,46.5,
1770186568138,dev01,1156,23.4,50.8,
1770186568344,dev01,664,20.9,66.6,
1770186568547,dev01,1013,28,63.2,
1770186568754,dev01,1279,23.9,55.4,
1770186568963,dev01,603,24,57.6,
1770186569172,dev01,1235,21.5,40.6,
1770186569381,dev01,1186,22.8,56.5,
1770186569596,dev01,772,25.6,74.8,
1770186569798,dev01,520,20.3,58.6,
1770186570008,dev01,984,22.8,36.2,
1770186570215,dev01,1209,24.7,47.8,
1770186570422,dev01,1215,22.3,61.3,
1770186570627,dev01,1206,27.1,47.4,
1770186570840,dev01,1136,26.5,59.6,
1770186571048,dev01,934,24.9,68.6,
1770186571257,dev01,855,26.3,55.9,
1770186571468,dev01,891,20.9,38.2,
1770186571678,dev01,1293,26,37.4,
1770186571893,dev01,835,25.2,66.3,
1770186572106,dev01,1222,25.4,45.8,
1770186572315,dev01,865,25.2,53.9,
1770186572517,dev01,516,23.8,57,
1770186572725,dev01,643,25.4,63.1,
1770186572936,dev01,1116,26.2,42.8,
1770186573140,dev01,970,23,36.7,
1770186573341,dev01,1045,21.2,35.9,
1770186573542,dev01,1052,27.4,71.2,
1770186573749,dev01,1014,25.2,41.9,
1770186573960,dev01,800,23.5,46.6,
1770186574168,dev01,493,25.5,62.9,
1770186574377,dev01,878,24,74.2,
1770186574583,dev01,1212,21.2,44.3,
1770186574793,dev01,1012,20.1,50.6,
1770186574999,dev01,1256,21.2,48.3,
1770186575208,dev01,986,23.1,73.7,
1770186575419,dev01,1058,22.9,63.4,
1770186575621,dev01,411,27.6,63.7,
1770186575830,dev01,527,26.5,66.4,
1770186576044,dev01,902,20.4,50,
1770186576254,dev01,601,25.1,46,
1770186576464,dev01,752,23.3,74.5,
1770186576665,dev01,699,22.1,46.1,
1770186576879,dev01,914,21.6,47.3,
1770186577091,dev01,936,21.5,63,
1770186577300,dev01,798,24.8,61.3,
1770186577502,dev01,624,23.4,57.1,
1770186577712,dev01,1265,23.7,39.9,
1770186577925,dev01,1260,20.6,67.9,
1770186578128,dev01,1243,26.3,74.6,
1770186578329,dev01,735,26.3,41.3,
1770186578530,dev01,868,26.2,65.6,
1770186578741,dev01,949,24,35.9,
1770186578945,dev01,1024,25.7,49.2,
1770186579145,dev01,1173,24.2,43.2,
1770186579350,dev01,1257,26.6,66.7,
1770186579552,dev01,816,24.5,73.3,
1770186579758,dev01,1297,22,57.1,
1770186579967,dev01,1177,21.8,72.2,
1770186580177,dev01,1131,24,74.4,
1770186580385,dev01,1037,23.3,35.8,
1770186580589,dev01,1273,21.8,63.6,
1770186580790,dev01,580,22,50.6,
1770186580995,dev01,1064,21.7,66.6,
1770186581204,dev01,798,27.1,53.3,
1770186581416,dev01,662,20.2,39.5,
1770186581629,dev01,892,26.6,46.1,
1770186581829,dev01,902,23.1,36.1,
1770186582037,dev01,610,21.6,45.7,
1770186582247,dev01,1011,21.7,51.7,
1770186582456,dev01,852,24.8,63.7,
1770186582657,dev01,897,27.7,56.9,
1770186582872,dev01,1095,20.1,36.2,
1770186583076,dev01,653,20.9,73.3,
1770186583277,dev01,1002,26.6,59.5,
1770186583477,dev01,670,26.5,66.5,
1770186583687,dev01,569,24.7,68.4,
1770186583902,dev01,420,22.1,49.3,
1770186584115,dev01,1161,26.4,39.1,
1770186584325,dev01,776,21.7,47.2,
1770186584541,dev01,991,25.8,69.1,
1770186584750,dev01,500,26.5,71.7,
1770186584958,dev01,492,26.1,46.9,
1770186585169,dev01,857,25,59.6,
1770186585377,dev01,804,23.9,54.5,
1770186585583,dev01,477,21.1,47.5,
1770186585786,dev01,1211,21,50.1,
1770186585995,dev01,1247,20.6,68.3,
1770186586206,dev01,927,24.6,62.1,
1770186586416,dev01,955,21.2,63,
1770186586632,dev01,678,25,47.8,
1770186586848,dev01,857,23.1,72.3,
1770186587061,dev01,873,26.6,35,
1770186587269,dev01,712,20.9,54.1,
1770186587479,dev01,697,26.9,60,
1770186587690,dev01,418,24.1,67.4,
1770186587904,dev01,1001,24.3,69.4,
1770186588107,dev01,645,27.5,49.8,
1770186588310,dev01,650,22.1,74.8,
1770186588512,dev01,1150,25.1,72.4,
1770186588719,dev01,947,27.6,52.6,
1770186588919,dev01,1178,26.9,55,
1770186589128,dev01,864,27.6,69.3,
1770186589338,dev01,462,26.3,67.6,
1770186589540,dev01,549,27.2,38,
1770186589749,dev01,550,20.4,37.8,
1770186589959,dev01,1255,27.9,70.1,
1770186590167,dev01,467,22.2,68.3,
1770186590378,dev01,1115,21,70.4,
1770186590584,dev01,1228,24.3,42.9,
1770186590784,dev01,780,23.9,66.1,
1770186590988,dev01,1299,26.5,37.5,
1770186591198,dev01,536,20.8,71.8,
1770186591409,dev01,999,23,36.2,
1770186591609,dev01,1185,24.8,72.4,
1770186591818,dev01,1041,24.2,64.7,
1770186592027,dev01,590,21.5,69.1,
1770186592236,dev01,587,20.9,40.8,
1770186592444,dev01,1299,25,60.4,
1770186592644,dev01,731,28,51.1,
1770186592844,dev01,648,24.9,51,
1770186593053,dev01,650,26.2,55.5,
1770186593257,dev01,463,24.3,67.9,
1770186593459,dev01,936,26.4,44.2,
1770186593665,dev01,896,22.4,72.1,
1770186593865,dev01,1140,24.3,63.4,
1770186594074,dev01,577,24.2,35.1,
1770186594282,dev01,1113,24.6,46.7,
1770186594483,dev01,878,21.3,65.9,
1770186594686,dev01,565,24.6,36.5,
1770186594894,dev01,1240,24.1,64.9,
1770186595101,dev01,839,25,41.2,
1770186595316,dev01,547,23.4,71.4,
1770186595530,dev01,1048,26.3,63.9,
1770186595735,dev01,1244,26.2,58.8,
1770186595947,dev01,1287,26,62.7,
1770186596148,dev01,1286,21.2,69.5,
1770186596349,dev01,713,25,59.7,
1770186596555,dev01,969,22.6,46.2,
1770186596767,dev01,683,26.7,42.4,
1770186596978,dev01,1116,22.2,55.7,
1770186597188,dev01,744,25.5,53.5,
1770186597403,dev01,1172,27.2,46.7,
1770186597605,dev01,1009,22.7,46.3,
1770186597820,dev01,459,27.8,60.7,
1770186598034,dev01,477,26.7,55.8,
1770186598240,dev01,419,24,62.9,
1770186598442,dev01,548,23.8,74.5,
1770186598649,dev01,639,26.4,61.8,
1770186598849,dev01,832,26.4,44.7,
1770187446229,dev01,804,21.7,53.2,
1770187446444,dev01,1023,21.6,65.9,
1770187446651,dev01,1165,25.2,47.1,
1770187446859,dev01,1222,21.8,53.1,
1770187447073,dev01,1059,27.5,52.6,
1770187447288,dev01,842,21.5,47.4,
1770187447489,dev01,736,24.6,67.9,
1770187447699,dev01,608,28,59.3,
1770187447912,dev01,1118,21,59.4,
1770187448127,dev01,1294,20.9,64,
1770187448340,dev01,1290,23.3,72.3,
1770187448547,dev01,815,24.9,56.6,
1770187448763,dev01,1184,21.7,71,
1770187448978,dev01,1251,20.4,73.7,
1770187449191,dev01,1078,20.9,57.2,
1770187449391,dev01,529,27.6,49,
1770187449604,dev01,1164,24.5,54.1,
1770187449806,dev01,421,23.8,57.9,
1770187450018,dev01,591,21,72.8,
1770187450231,dev01,1053,23.9,40.8,
1770187450432,dev01,447,22.7,66.1,
1770187450646,dev01,752,22.4,35.8,
1770187450846,dev01,493,21.1,50.3,
1770187451057,dev01,1195,25.4,67.6,
1770187451268,dev01,970,26.2,38.7,
1770187451483,dev01,600,25.3,71.7,
1770187451695,dev01,1022,22.5,63,
1770187451896,dev01,527,24.3,72,
1770187452110,dev01,779,25.6,38.6,
1770187452311,dev01,774,20.9,64.5,
1770187452514,dev01,630,26.5,41,
1770187452724,dev01,632,22.3,50.4,
1770187452927,dev01,1211,24.1,50.2,
1770187453140,dev01,964,28,60.7,
1770187453351,dev01,718,20.1,41.2,
1770187453565,dev01,1053,21.2,59.2,
1770187453780,dev01,659,24.1,62.6,
1770187453994,dev01,934,27.2,70.4,
1770187454196,dev01,886,27.4,39.2,
1770187454409,dev01,1155,24,52.2,
1770187454619,dev01,571,24.4,44.4,
1770187454824,dev01,451,26.7,69.9,
1770187455024,dev01,1252,20.8,55.7,
1770187455235,dev01,648,25.1,56.6,
1770187455450,dev01,1147,20.6,58.6,
1770187455665,dev01,795,26.8,67.5,
1770187455878,dev01,645,26.5,38.5,
1770187456090,dev01,1049,25.2,65.4,
1770187456303,dev01,745,22.2,67.2,
1770187456506,dev01,881,20.2,74.1,
1770187456713,dev01,819,20.9,51.4,
1770187456928,dev01,1084,28,73.9,
1770187457129,dev01,529,27,74.5,
1770187457339,dev01,701,24.9,53.5,
1770187457553,dev01,980,21.6,67,
1770187457754,dev01,701,23.8,73.4,
1770187457968,dev01,1086,23.3,37.7,
1770187458179,dev01,564,24.4,37.4,
1770187458389,dev01,550,25.2,68.7,
1770187458595,dev01,839,25.5,58.2,
1770187458812,dev01,794,25,51.4,
1770187459027,dev01,1002,26.1,45.4,
1770187459227,dev01,1160,27.4,44.4,
1770187459440,dev01,708,23.2,55.1,
1770187459652,dev01,599,22.6,69.8,
1770187459856,dev01,1028,27,74.8,
1770187460066,dev01,798,26.9,38.9,
1770187460280,dev01,997,26,44.7,
1770187460480,dev01,599,20.8,74.5,
1770187460681,dev01,1274,26.5,38.2,
1770187460889,dev01,1218,25.7,59.2,
1770187461093,dev01,601,22.7,61.5,
1770187461309,dev01,917,27.7,37.3,
1770187461520,dev01,1086,23.6,73.8,
1770187461735,dev01,836,21.1,39.4,
1770187461950,dev01,887,22.4,56.2,
1770187462163,dev01,1050,20.8,51.4,
1770187462374,dev01,1016,23.2,51,
1770187462574,dev01,1060,22.1,63.3,
1770187462781,dev01,932,21,74.1,
1770187462992,dev01,623,24.9,64.6,
1770187463205,dev01,1252,24.7,66.3,
1770187463406,dev01,704,21.2,66.8,
1770187463618,dev01,508,26.6,41.2,
1770187463819,dev01,759,21.1,36.6,
1770187464033,dev01,1158,22.3,64.5,
1770187464244,dev01,633,26.2,60,
1770187464446,dev01,698,27.4,48.8,
1770187464653,dev01,1145,21.4,54,
1770187464854,dev01,1173,22.6,35.6,
1770187465063,dev01,1070,23.6,38.7,
1770187465264,dev01,741,26.4,71.7,
1770187465478,dev01,1119,22.7,55.5,
1770187465690,dev01,588,20.5,66.9,
1770187465905,dev01,521,22.9,57,
1770187466119,dev01,589,26,46.5,
1770187466336,dev01,1066,20.7,45.3,
1770187466548,dev01,1022,27.9,59.3,
1770187466763,dev01,707,26.9,74.4,
1770187466975,dev01,1216,26.3,49.2,
1770187467188,dev01,580,23,40,
1770187467403,dev01,678,23.7,66.7,
1770187467616,dev01,429,25.4,47.4,
1770187467834,dev01,981,26.2,42.6,
1770187468044,dev01,1270,22.9,72.8,
1770187468254,dev01,950,24.4,63.3,
1770187468467,dev01,698,25.9,58.7,
1770187468682,dev01,569,24.6,58.4,
1770187468883,dev01,470,24.1,73.3,
1770187469094,dev01,639,21.9,50.1,
1770187469306,dev01,822,25.5,70.7,
1770187469506,dev01,1266,26.7,72.3,
1770187469711,dev01,639,20.1,50.5,
1770187469922,dev01,1071,27.6,41.5,
1770187470134,dev01,572,21.5,65.5,
1770187470337,dev01,645,20.4,71.9,
1770187470548,dev01,620,22.6,39.7,
1770187470759,dev01,736,27.8,57.8,
1770187470973,dev01,1216,27.7,58.2,
1770187471175,dev01,946,26.6,74,
1770187471385,dev01,553,25.7,58.6,
1770187471597,dev01,611,21.3,36,
1770187471810,dev01,1101,21.4,72.5,
1770187472021,dev01,814,21.5,70.9,
1770187472231,dev01,1292,27.7,46.2,
1770187472446,dev01,616,21.6,71.9,
1770187472660,dev01,1007,21.5,60.1,
1770187472873,dev01,650,20.5,41.7,
1770187473074,dev01,792,23.1,40.9,
1770187473285,dev01,1094,26.7,60.4,
1770187473498,dev01,1198,23.5,39.1,
1770187473713,dev01,920,26.6,42.5,
1770187473927,dev01,1237,22.5,59.5,
1770187474138,dev01,874,20.3,45.1,
1770187474352,dev01,415,22,53.8,
1770187474552,dev01,923,21.6,67.3,
1770187474752,dev01,758,21.6,61.6,
1770187474960,dev01,1208,25.4,71.4,
1770187475173,dev01,554,22.4,54,
1770187475382,dev01,716,25.8,57.6,
1770187475591,dev01,1192,22.3,58.5,
1770187475791,dev01,1141,24,55.4,
1770187476008,dev01,1194,26.5,47,
1770187476223,dev01,752,21.3,40.5,
1770187476433,dev01,986,26.6,64.5,
1770187476648,dev01,647,26.2,54.2,
1770187476848,dev01,972,26.7,64.5,
1770187477060,dev01,738,25.3,70.6,
1770187477262,dev01,862,24.5,72,
1770187477473,dev01,540,26.7,49.5,
1770187477687,dev01,822,25.5,59.4,
1770187477902,dev01,949,27.7,50.5,
1770187478103,dev01,454,21.1,46.7,
1770187478313,dev01,908,21.1,70.5,
1770187478528,dev01,663,24.9,62.4,
1770187478731,dev01,1107,26.2,68.1,
1770187478942,dev01,833,21.4,49.8,
1770187479151,dev01,825,22.4,63.8,
1770187479365,dev01,683,22.2,59.6,
1770187479567,dev01,559,24.1,63.7,
1770187479776,dev01,634,22.1,63.3,
1770187479976,dev01,833,23.1,43.7,
1770187480186,dev01,1257,25.3,53.7,
1770187480399,dev01,584,22,72.8,
1770187480610,dev01,435,21.1,54.6,
1770187480825,dev01,675,22.5,36,
1770187481036,dev01,530,24.6,45.2,
1770187481251,dev01,1203,25.9,36.6,
1770187481455,dev01,1199,24.4,72.5,
1770187481666,dev01,1161,23.6,69.9,
1770187481878,dev01,1023,25.4,67.5,
1770187482078,dev01,1135,24.9,74.5,
1770187482290,dev01,447,21.8,52,
1770187482498,dev01,1222,27,50.2,
1770187482713,dev01,420,24.8,52.6,
1770187482917,dev01,582,26,54.6,
1770187483125,dev01,423,23.5,64.5,
1770187483340,dev01,677,21.8,52.5,
1770187483544,dev01,892,27.2,66.9,
1770187483753,dev01,810,21.2,50.5,
1770187483962,dev01,1064,20.1,40.3,
1770187484162,dev01,1162,24,45.6,
1770187484363,dev01,1198,24.7,72.5,
1770187484574,dev01,655,24.4,39.9,
1770187484787,dev01,846,21.2,59.5,
1770187484996,dev01,527,27.5,64.6,
1770187485210,dev01,1291,24.2,66.9,
1770187485422,dev01,898,25.8,58.4,
1770187485635,dev01,547,22.6,57.9,
1770187485836,dev01,1187,27.7,62.3,
1770187486049,dev01,1088,23.5,41.2,
1770187486252,dev01,573,21,47.8,
1770187486463,dev01,684,23,60.5,
1770187486672,dev01,1129,27.3,55.6,
1770187486886,dev01,507,21.4,61.5,
1770187487087,dev01,987,23.9,57.6,
1770187487297,dev01,1111,26.4,60.4,
1770187487510,dev01,1028,21.1,37.9,
1770187487714,dev01,1168,25.6,46,
1770187487925,dev01,451,26.9,56.7,
1770187488137,dev01,690,26.1,55.3,
1770187488351,dev01,816,20.5,48.6,
1770187488554,dev01,898,22.6,36.8,
1770187488764,dev01,436,23.9,63.8,
1770187488979,dev01,891,22.9,66.1,
1770187489179,dev01,588,21.6,67.3,
1770187489392,dev01,1205,27.5,55.2,
1770187489608,dev01,1220,27.4,41.5,
1770187489825,dev01,1218,20.6,51.2,
1770187490034,dev01,454,26.7,56,
1770187490248,dev01,899,20.1,35.3,
1770187490449,dev01,777,26.4,57.9,
1770187490658,dev01,627,25.7,74,
1770187490872,dev01,1206,22.5,54,
1770187491087,dev01,634,25.2,37.9,
1770187491288,dev01,1175,20.6,39.9,
1770187491499,dev01,792,21.4,67.9,
1770187491711,dev01,767,25.5,62.5,
1770187491915,dev01,641,27.7,37.9,
1770187492124,dev01,654,24.2,60.7,
1770187492334,dev01,766,24.5,60.6,
1770187492548,dev01,1230,26.5,39.1,
1770187492749,dev01,638,21.7,65.4,
1770187492961,dev01,641,24.9,60.1,
1770187493175,dev01,1223,21.6,52.5,
1770187493376,dev01,1237,25.6,39.7,
1770187493589,dev01,828,27.4,69.5,
1770187493792,dev01,674,22.3,41.7,
1770187494001,dev01,690,20.6,51.4,
1770187494216,dev01,638,22.8,62.7,
1770187494432,dev01,1016,25.7,51.5,
1770187494646,dev01,886,24,68.8,
1770187494849,dev01,1269,24,74.3,
1770187495061,dev01,658,25.1,65.1,
1770187495261,dev01,1034,27.3,61.4,
1770187495464,dev01,566,24.4,67.9,
1770187495664,dev01,1170,21.5,47,
1770187495878,dev01,896,26.6,70.2,
1770187496081,dev01,506,22.6,65.9,
1770187496293,dev01,443,21.1,45,
1770187496500,dev01,1033,20.4,42.8,
1770187496706,dev01,959,22.1,56.2,
1770187496916,dev01,1251,23.7,63.1,
1770187497125,dev01,445,20.8,72.2,
1770187497341,dev01,646,26.2,47,
1770187497543,dev01,596,23,62.5,
1770187497744,dev01,871,23.8,63.5,
1770187497954,dev01,531,20.8,63.9,
1770187498170,dev01,633,26.2,62.8,
1770187498380,dev01,994,21.5,44,
1770187498593,dev01,866,26.2,62,
1770187498809,dev01,465,26.6,38.1,
1770187499024,dev01,480,24.4,51.2,
1770187499240,dev01,667,26.6,64.6,
1770187499441,dev01,715,23.2,65.9,
1770187499648,dev01,553,23.2,71,
1770187499851,dev01,761,25.4,43.5,
1770187500052,dev01,518,21.5,36,
1770187500254,dev01,726,23,62.7,
1770187500464,dev01,1127,27.7,56,
1770187500678,dev01,470,24.1,64.1,
1770187500878,dev01,925,21.3,41.3,
1770187501092,dev01,516,24.1,57.1,
1770187501307,dev01,1145,22.6,38.5,
1770187501507,dev01,1251,24,55.7,
1770187501721,dev01,1073,22.5,36.5,
1770187501935,dev01,820,24.7,50.1,
1770187502149,dev01,1091,25,64.6,
1770187502363,dev01,579,27.1,65.3,
1770187502564,dev01,409,20.9,51.4,
1770187502766,dev01,713,20.7,66.7,
1770187502972,dev01,600,23.6,66.3,
1770187503173,dev01,808,23.9,44.9,
1770187503379,dev01,609,27.2,39,
1770187503580,dev01,1038,27.4,37.8,
1770187503780,dev01,512,20.3,73.7,
1770187503993,dev01,482,23.6,36,
1770187504205,dev01,1279,26.4,73,
1770187504418,dev01,525,25.7,59.6,
1770187504633,dev01,1149,26.2,70.9,
1770187504847,dev01,737,27.5,43.6,
1770187505062,dev01,883,20.7,62.1,
1770187505274,dev01,810,24.2,41.9,
1770187505489,dev01,813,23.7,47.3,
1770187505689,dev01,771,22.9,53.9,
1770187505889,dev01,1135,24.9,43.2,
1770187506090,dev01,1165,24.1,72,
1770187506308,dev01,927,25.5,52.9,
1770187506519,dev01,793,22.3,73.1,
1770187506719,dev01,999,20.4,38.1,
1770187506934,dev01,1175,23.6,46.6,
1770187507147,dev01,513,22.6,41.4,
1770187507361,dev01,1007,23.1,70.3,
1770187507576,dev01,759,24.6,57.5,
1770187507791,dev01,856,23,46.7,
1770187508004,dev01,1012,20.4,67,
1770187508205,dev01,978,27.4,54,
1770187508418,dev01,1195,22.4,45.9,
1770187508620,dev01,1231,20.1,60.3,
1770187508821,dev01,960,23.6,53.6,
1770187509035,dev01,843,23.6,36.3,
1770187509236,dev01,475,27.4,43.2,
1770187509438,dev01,483,27.5,60.7,
1770187509645,dev01,661,26,72,
1770187509854,dev01,1013,20.9,65.5,
1770187510065,dev01,1016,22.6,46.5,
1770187510276,dev01,928,27.3,42.2,
1770187510484,dev01,1146,24.8,45.9,
1770187510689,dev01,541,27,69.4,
1770187510890,dev01,1147,27.1,68.4,
1770187511107,dev01,491,27.2,73.1,
1770187511319,dev01,540,25.1,44.6,
1770187511522,dev01,1016,21.9,38.8,
1770187511739,dev01,979,21.4,74.6,
1770187511952,dev01,811,20.7,70.2,
1770187512164,dev01,452,23.7,36.3,
1770187512364,dev01,1289,27.4,57.7,
1770187512578,dev01,672,21.3,52.6,
1770187512794,dev01,1136,26.1,60.3,
1770187513007,dev01,415,21.5,59.7,
1770187513222,dev01,452,27,58.2,
1770187513422,dev01,1194,24.7,73.4,
1770187513623,dev01,1222,24.7,56.5,
1770187513838,dev01,1090,24.6,59.8,
1770187514044,dev01,474,20.6,52.5,
1770187514245,dev01,1259,25.3,72.8,
1770187514459,dev01,519,22.3,52.4,
1770187514660,dev01,1139,22.5,35.1,
1770187514862,dev01,1123,22.9,39.5,
1770187515075,dev01,1267,25.7,71.7,
1770187515279,dev01,993,24.6,68,
1770187515483,dev01,810,23,69.5,
1770187515694,dev01,1182,24.4,65.5,
1770187515897,dev01,407,26,67.3,
1770187516101,dev01,655,23.4,53.5,
1770187516303,dev01,427,22,42.9,
1770187516507,dev01,680,20.2,56.9,
1770187516710,dev01,634,22.3,42.5,
1770187516914,dev01,1002,22.1,37.7,
1770187517118,dev01,588,25.9,60,
1770187517328,dev01,871,21.5,48.9,
1770187517532,dev01,1172,21.6,57.5,
1770187517745,dev01,700,21.1,61.8,
1770187517948,dev01,1050,21.9,70.4,
1770187518152,dev01,642,23.7,40.5,
1770187518355,dev01,502,21.4,47.7,
1770187518559,dev01,1235,22.7,71.1,
1770187518774,dev01,789,20.1,71.1,
1770187518978,dev01,1264,27,35.3,
1770187519181,dev01,508,20.6,41.4,
1770189238623,dev01,1203,24,58.6,
1770189238826,dev01,569,24,75,
1770189239045,dev01,516,24.4,40.9,
1770189239264,dev01,970,27.8,66.9,
1770189239468,dev01,565,26.3,67.4,
1770189239670,dev01,1064,20.5,65.1,
1770189239882,dev01,1139,21.3,49.6,
1770189240092,dev01,1095,26.9,63.6,
1770189240297,dev01,584,22.6,37.7,
1770189240499,dev01,1213,22.5,72.9,
1770189240702,dev01,670,24.1,69,
1770189240905,dev01,1141,27.6,35.6,
1770189241123,dev01,697,22.7,46.8,
1770189241328,dev01,1022,26.3,54.3,
1770189241532,dev01,1290,26.3,60.6,
1770189241733,dev01,966,23.6,71.8,
1770189241936,dev01,550,21.8,56.3,
1770189242140,dev01,638,27.4,58.9,
1770189242343,dev01,682,22,46.5,
1770189242545,dev01,969,22,70.2,
1770189242748,dev01,532,24.8,41.1,
1770189242953,dev01,1074,26.9,35.7,
1770189243156,dev01,532,26.7,70.3,
1770189243358,dev01,1102,26,54.6,
1770189243561,dev01,521,22.7,38.2,
1770189243764,dev01,1035,26.8,59.8,
1770189243967,dev01,457,22.8,61.2,
1770189244173,dev01,948,20.6,66.2,
1770189244373,dev01,997,24.2,38.8,
1770189244577,dev01,1212,21.2,63.8,
1770189244780,dev01,718,20.9,37.3,
1770189244983,dev01,1249,20.5,55.7,
1770189245186,dev01,980,27.5,58,
1770189245390,dev01,439,20.6,54.6,
1770189245594,dev01,1014,20.7,51.3,
1770189245795,dev01,1279,21.3,36.4,
1770189245998,dev01,1065,27.4,55.5,
1770189246202,dev01,804,21.3,35.1,
1770189246406,dev01,1289,23.1,46.7,
1770189246608,dev01,525,22.1,43.6,
1770189246811,dev01,1287,25.4,60.5,
1770189247014,dev01,580,20,35.7,
1770189247217,dev01,974,23.9,38.4,
1770189247436,dev01,1052,21.6,66.4,
1770189247655,dev01,1292,26,62.3,
1770189247861,dev01,822,25.1,51.3,
1770189248072,dev01,808,21.3,41.3,
1770189248287,dev01,821,27.4,35.2,
1770189248498,dev01,530,21.2,37.9,
1770189248709,dev01,598,22.7,38.1,
1770189248925,dev01,482,26.5,39.9,
1770189249126,dev01,689,23.8,43.5,
1770189249348,dev01,1095,21.9,74.4,
1770189249556,dev01,1090,20.1,71.5,
1770189249756,dev01,752,22,41.6,
1770189249970,dev01,910,22.7,57.9,
1770189250172,dev01,821,24.6,49.8,
1770189250386,dev01,416,23.9,70.8,
1770189250594,dev01,890,21.9,40.5,
1770189250807,dev01,1246,24.2,46.1,
1770189251009,dev01,1192,27.6,55.8,
1770189251219,dev01,416,26.9,36.6,
1770189251420,dev01,846,21.8,68.5,
1770189251622,dev01,558,25,64.3,
1770189251823,dev01,566,21.8,74.2,
1770189252025,dev01,587,22.5,64.2,
1770189252245,dev01,729,25.3,50.1,
1770189252457,dev01,705,26.3,71.7,
1770189252658,dev01,1209,26.3,50.3,
1770189252872,dev01,1065,22.6,61.9,
1770189253079,dev01,1078,20.3,69.3,
1770189253288,dev01,1033,26.3,47.3,
1770189253492,dev01,1239,27.8,54.8,
1770189253705,dev01,530,21.9,43.4,
1770189253916,dev01,847,27.9,74.3,
1770189254123,dev01,782,22.8,60.8,
1770189254334,dev01,550,25.5,45.5,
1770189254546,dev01,1237,26.3,55.6,
1770189254748,dev01,1027,23.3,70.2,
1770189254966,dev01,995,26.1,46.6,
1770189255186,dev01,905,27.6,73.2,
1770189255387,dev01,1298,25.1,51.3,
1770189255601,dev01,691,23.7,47.1,
1770189255815,dev01,522,27.2,40.7,
1770189256022,dev01,1096,24.8,40.3,
1770189256236,dev01,417,22.5,42.6,
1770189256439,dev01,561,26.4,41.5,
1770189256652,dev01,561,22.7,47,
1770189256867,dev01,719,26.8,38.3,
1770189257076,dev01,836,21.1,70.8,
1770189257281,dev01,792,24.8,68.1,
1770189257485,dev01,539,24.4,48.2,
1770189257700,dev01,1199,27.3,52.3,
1770189257904,dev01,1294,26.8,42.3,
1770189258118,dev01,722,26.3,66.3,
1770189258319,dev01,1297,24.4,62.2,
1770189258524,dev01,918,24.6,57.1,
1770189258732,dev01,907,22.7,51.5,
1770189258947,dev01,721,25.9,37.1,
1770189259149,dev01,1046,26.4,49.8,
1770189259350,dev01,969,26.6,64,
1770189259564,dev01,1106,27.7,54.6,
1770189259772,dev01,945,27.8,65.7,
1770189259983,dev01,1231,23.5,74.9,
1770189260184,dev01,1083,22.9,51.8,
1770189260397,dev01,1294,21.4,53.9,
1770189260612,dev01,429,27.2,51,
1770189260815,dev01,519,20.8,61.5,
1770189261016,dev01,1000,27.3,61.5,
1770189261217,dev01,1211,23.2,50.1,
1770189261430,dev01,1082,25.5,36.5,
1770189261640,dev01,1014,26.4,48.4,
1770189261844,dev01,1281,20.4,68.7,
1770189262045,dev01,915,20.7,65.2,
1770189262250,dev01,1127,23.4,35.5,
1770189262464,dev01,837,22.6,72.9,
1770189262666,dev01,1206,26.9,55.7,
1770189262872,dev01,739,24.3,38.2,
1770189263083,dev01,751,24,39,
1770189263284,dev01,821,22.4,48.8,
1770189263490,dev01,699,27.7,61.7,
1770189263701,dev01,645,24.3,37.4,
1770189263906,dev01,455,23.1,51.6,
1770189264108,dev01,1158,25.1,52.8,
1770189264314,dev01,1242,22.9,44.7,
1770189264531,dev01,1089,27.5,39.7,
1770189264747,dev01,540,27,59.4,
1770189264948,dev01,683,20.5,58.5,
1770189265161,dev01,905,22,44.7,
1770189265377,dev01,537,27.5,47.5,
1770189265592,dev01,667,24.5,51.5,
1770189265796,dev01,514,27.7,46.9,
1770189265998,dev01,1177,22.7,67.6,
1770189266202,dev01,1068,20.4,41.3,
1770189266405,dev01,1076,26.2,72.6,
1770189266607,dev01,547,22.6,58.8,
1770189266812,dev01,532,25.8,54.5,
1770189267014,dev01,860,26.2,69.7,
1770189267217,dev01,1022,23.1,39.3,
1770189267421,dev01,1166,21.8,57.6,
1770189267626,dev01,473,25.5,52.7,
1770189267839,dev01,530,26.1,54.2,
1770189268041,dev01,524,27.3,65.3,
1770189268245,dev01,1118,24.6,47,
1770189268457,dev01,1056,24.2,42.7,
1770189268660,dev01,1245,23.8,50.2,
1770189268877,dev01,573,26.7,38.6,
1770189269091,dev01,619,22.8,41.4,
1770189269291,dev01,1020,24.7,60,
1770189269495,dev01,806,20.5,41,
1770189269695,dev01,944,21.3,74,
1770189269909,dev01,1157,24.5,46.7,
1770189270113,dev01,759,22.5,66.7,
1770189270324,dev01,949,27.3,72.2,
1770189270525,dev01,999,23.3,60.3,
1770189270740,dev01,813,20.6,53.9,
1770189270956,dev01,827,27.2,58.2,
1770189271158,dev01,421,22.4,64.3,
1770189271373,dev01,851,26.4,56.9,
1770189271584,dev01,488,23.8,43.2,
1770189271795,dev01,1154,20.5,45.9,
1770189271997,dev01,918,22.3,45.9,
1770189272204,dev01,911,25,46.7,
1770189272405,dev01,571,25.2,49.8,
1770189272605,dev01,756,25.5,68.1,
1770189272806,dev01,1094,21.5,37,
1770189273014,dev01,1286,22.4,51.6,
1770189273217,dev01,1013,20.7,65.5,
1770189273420,dev01,631,20.2,70.8,
1770189273625,dev01,891,25.2,61.3,
1770189273826,dev01,1246,20.8,65.2,
1770189274030,dev01,1003,21.5,73.3,
1770189274233,dev01,1129,27.4,37.9,
1770189274436,dev01,1183,25.7,55.3,
1770189274639,dev01,450,22.5,64,
1770189274843,dev01,773,25.2,48.5,
1770189275046,dev01,764,26.7,36.2,
1770189275252,dev01,1162,26.7,45.4,
1770189275452,dev01,1221,23.2,51,
1770189275664,dev01,1041,22.8,71.2,
1770189275868,dev01,595,27.7,54,
1770189276069,dev01,541,20.5,54.8,
1770189276271,dev01,669,23.5,60.4,
1770189276485,dev01,1013,20.5,69.9,
1770189276686,dev01,473,23.7,45.1,
1770189276890,dev01,1165,26.6,59.8,
1770189277104,dev01,1129,25.3,45.4,
1770189277317,dev01,607,26.9,71.1,
1770189277519,dev01,745,27.9,59.7,
1770189277734,dev01,563,20.5,56,
1770189277937,dev01,919,21.3,49.4,
1770189278136,dev01,590,21.5,53.8,
1770189278349,dev01,450,22.1,54.3,
1770189278554,dev01,737,23.5,68.3,
1770189278767,dev01,798,22.9,58,
1770189278968,dev01,664,24.5,36,
1770189279185,dev01,680,26.2,66.7,
1770189279400,dev01,674,24,42.3,
1770189279602,dev01,809,25.4,52.2,
1770189279814,dev01,659,27.2,63.5,
1770189280030,dev01,796,27.8,59.5,
1770189280230,dev01,680,24.5,62.9,
1770189280435,dev01,566,26,49.8,
1770189280650,dev01,1047,22.7,69.8,
1770189280866,dev01,404,25.2,41.1,
1770189281083,dev01,534,26.3,58.1,
1770189281285,dev01,958,22,48.6,
1770189281500,dev01,815,20.6,72.2,
1770189281699,dev01,1233,24.3,39.9,
1770189281900,dev01,1010,22,57.1,
1770189282114,dev01,497,25.4,37.8,
1770189282316,dev01,1038,27.5,64,
1770189282527,dev01,1068,26.1,57,
1770189282733,dev01,546,21.8,65.7,
1770189282952,dev01,1100,22.8,63.9,
1770189283165,dev01,805,21.5,53.8,
1770189283377,dev01,690,22.9,47.3,
1770189283589,dev01,720,27.4,36.2,
1770189283796,dev01,595,26.2,43.3,
1770189283998,dev01,400,23,64,
1770189284201,dev01,565,26.9,47.9,
1770189284404,dev01,407,24,38.9,
1770189284609,dev01,740,21.9,69,
1770189284812,dev01,1075,22.9,54.9,
1770189285026,dev01,945,21.4,45.8,
1770189285234,dev01,1135,25.3,62.2,
1770189285437,dev01,1210,25,47.1,
1770189285646,dev01,567,20.2,51.5,
1770189285863,dev01,1015,24.8,43.2,
1770189286063,dev01,853,21,53.5,
1770189286280,dev01,553,25.4,52.6,
1770189286485,dev01,956,20.6,35,
1770189286694,dev01,488,25.9,71.8,
1770189286908,dev01,954,20,75,
1770189287109,dev01,929,25.5,59.8,
1770189287315,dev01,885,23.7,35.9,
1770189287523,dev01,1217,25.9,58.1,
1770189287727,dev01,1187,22.1,70.2,
1770189287929,dev01,971,25.9,69.4,
1770189288142,dev01,853,23.8,59.1,
1770189288344,dev01,744,21.6,68,
1770189288550,dev01,1014,21.8,57.3,
1770189288761,dev01,666,20.6,73.1,
1770189288974,dev01,631,27.9,68.9,
1770189289175,dev01,961,27.9,66.2,
1770189289389,dev01,1246,20.3,70.9,
1770189289590,dev01,1132,21.1,50.5,
1770189289792,dev01,984,21.8,46.8,
1770189289991,dev01,715,24,46.5,
1770189290193,dev01,761,26.4,68.9,
1770189290393,dev01,757,21.9,65.3,
1770189290609,dev01,1166,25,67.2,
1770189290813,dev01,1077,20.4,61.9,
1770189291026,dev01,494,23.3,37.1,
1770189291230,dev01,800,26.9,51.9,
1770189291442,dev01,495,27.9,40.4,
1770189291647,dev01,595,20,65.7,
1770189291853,dev01,1208,22.1,59.2,
1770189292067,dev01,639,21.5,56.9,
1770189292268,dev01,529,23.2,64.7,
1770189292471,dev01,741,24.1,43.1,
1770189292687,dev01,1233,22.6,73.3,
1770189292895,dev01,548,21.2,73.4,
1770189293108,dev01,1275,23.5,35.2,
1770189293310,dev01,1166,23.6,73.9,
1770189293510,dev01,814,22.6,55.2,
1770189293724,dev01,950,20.6,45.2,
1770189293926,dev01,882,25.6,60.5,
1770189294125,dev01,708,22.5,39.7,
1770189294339,dev01,430,26.2,47.4,
1770189294541,dev01,1120,24.1,37.4,
1770189294751,dev01,621,20.8,47.4,
1770189294959,dev01,1054,20,43,
1770189295169,dev01,820,22.1,49.8,
1770189295369,dev01,491,21.6,45,
1770189295571,dev01,863,22.3,64.7,
1770189295772,dev01,851,23.2,39.9,
1770189295985,dev01,883,21.5,63.8,
1770189296187,dev01,669,22.4,44.5,
1770189296395,dev01,895,20.3,73.2,
1770189296596,dev01,489,26.5,63.3,
1770189296797,dev01,801,21.8,43.3,
1770189297004,dev01,775,26.8,55.8,
1770189297204,dev01,1074,20.9,43.7,
1770189297403,dev01,921,22.3,43.5,
1770189297606,dev01,750,24.8,36.2,
1770189297815,dev01,817,20.3,44.1,
1770189298019,dev01,493,25.6,40.2,
1770189298239,dev01,836,21.1,71.9,
1770189298445,dev01,1065,20.6,71.5,
1770189298650,dev01,580,20.6,41.3,
1770189298853,dev01,789,22,73.4,
1770189299056,dev01,850,25.3,51.3,
1770189299272,dev01,952,25.7,46.9,
1770189299478,dev01,641,27.9,35.1,
1770189299682,dev01,1293,26.5,72,
1770189299882,dev01,969,23.8,58.6,
1770189300095,dev01,1042,24.4,65.1,
1770189300298,dev01,418,21.7,52.2,
1770189300512,dev01,421,20.6,61.1,
1770189300712,dev01,900,27.5,65.4,
1770189300926,dev01,683,20.5,45.3,
1770189301132,dev01,1134,27.4,46.8,
1770189301344,dev01,836,27,51.3,
1770189301547,dev01,1120,26.6,53.3,
1770189301761,dev01,658,20.4,50.2,
1770189301966,dev01,442,24.4,50.4,
1770189302179,dev01,1173,24.4,42,
1770189302393,dev01,1226,24.5,67,
1770189302595,dev01,689,23.4,74.5,
1770189302797,dev01,604,20.3,47.4,
1770189303003,dev01,1060,27.8,41,
1770189303213,dev01,638,26.5,38.5,
1770189303423,dev01,414,25.9,51.8,
1770189303632,dev01,655,27.6,46.4,
1770189303844,dev01,1294,22.7,40.9,
1770189304057,dev01,724,21.6,47.6,
1770189304264,dev01,417,27.4,50.5,
1770189304467,dev01,470,22.1,73.9,
1770189304678,dev01,837,24.4,57.6,
1770189304898,dev01,410,27.1,35.6,
1770189305112,dev01,1020,23.6,70.9,
1770189305326,dev01,1159,22.7,71.7,
1770189305528,dev01,1077,25.2,59.9,
1770189305729,dev01,850,26.5,64.1,
1770189305947,dev01,493,24.8,66,
1770189306149,dev01,487,24.3,35.4,
1770189306360,dev01,759,21.9,36.5,
1770189306564,dev01,762,21.7,57,
1770189306778,dev01,1008,27.9,68.9,
1770189306978,dev01,828,26.1,64.5,
1770189307179,dev01,439,22.3,64.9,
1770189307379,dev01,719,21.2,54.5,
1770189307593,dev01,1206,26.7,61.5,
1770189307794,dev01,1255,23,50.5,
1770189308009,dev01,895,27.1,67.5,
1770189308223,dev01,759,24.6,54.4,
1770189308425,dev01,1219,27.1,70.4,
1770189308636,dev01,496,27.6,36.4,
1770189308849,dev01,825,24.8,45.2,
1770189309057,dev01,1064,21.2,68,
1770189309259,dev01,756,27.2,58.6,
1770189309460,dev01,840,20.7,58.2,
1770189309660,dev01,785,21,39.7,
1770189309876,dev01,646,26.5,67.1,
1770189310091,dev01,575,23.5,69.5,
1770189310292,dev01,905,24.3,72.3,
1770189310494,dev01,641,22.7,51.8,
1770189310706,dev01,1272,26.9,54,
1770189310916,dev01,1285,22.1,43.5,
1770189311120,dev01,687,22.4,55.8,
1770189311334,dev01,882,27.4,73.1,
1770189311540,dev01,1235,27.5,69.1,
1770189311752,dev01,1052,22,67.4,
1770189311967,dev01,837,25.5,53.3,
1770189312178,dev01,573,27.9,36.6,
1770189312389,dev01,627,20.3,41.2,
1770189312591,dev01,661,23.6,49.3,
1770189312792,dev01,1203,22.9,65.3,
1770189312997,dev01,1050,21,36.1,
1770189313201,dev01,629,21.9,42.2,
1770189313407,dev01,510,23.4,65.7,
1770189313609,dev01,441,25.6,74.4,
1770189313815,dev01,1300,20,41.7,
1770189314023,dev01,478,22.5,44.6,
1770189314228,dev01,1008,23.9,57.1,
1770189314441,dev01,860,22.8,73.7,
1770189314646,dev01,1226,22.3,64.2,
1770189314853,dev01,747,22.2,38.4,
1770189315063,dev01,1147,27.3,68.3,
1770189315268,dev01,1003,23.8,63.1,
1770189315478,dev01,493,27.6,42.3,
1770189315683,dev01,505,26.7,46.1,
1770189315887,dev01,942,22,36.3,
1770189316090,dev01,1027,23.8,44,
1770189316293,dev01,1010,26.8,60.4,
1770189316497,dev01,536,23.7,64.5,
1770189316701,dev01,883,24.8,68.6,
1770189316911,dev01,780,21.4,61.6,
1770189317117,dev01,969,21.9,66.1,
1770189317324,dev01,671,26.3,41.6,
1770189317526,dev01,456,22.6,58.4,
1770189317733,dev01,630,21,48,
1770189317935,dev01,499,24.9,36,
1770189318141,dev01,850,26.1,66.2,
1770189318351,dev01,1282,25.2,64.9,
1770189318556,dev01,910,25,52.2,
1770189318760,dev01,819,25.4,39.7,
1770189318961,dev01,592,22.7,47.3,
1770189319165,dev01,837,23.4,71.7,
1770189319378,dev01,1009,23.8,44.9,
1770189319582,dev01,595,20,72,
1770189319786,dev01,547,24,47.5,
1770189319989,dev01,740,24.5,46.2,
1770189320194,dev01,1116,22.1,65.7,
1770189320401,dev01,984,24.6,59.5,
1770189320606,dev01,573,27.7,50,
1770189320810,dev01,1131,20.3,68.8,
1770189321018,dev01,602,26.6,54.6,
1770189321232,dev01,1161,26.5,69.1,
1770189321433,dev01,791,26.3,39.7,
1770189321648,dev01,420,27.5,57.5,
1770189321861,dev01,1102,23.8,56.5,
1770189322066,dev01,1254,26.4,45,
1770189322280,dev01,749,24.5,53.3,
1770189322481,dev01,1239,21.7,36.2,
1770189322696,dev01,555,27.6,62.3,
1770189322912,dev01,1055,26.7,51.1,
1770189323118,dev01,1224,26.3,46.5,
1770189323332,dev01,799,22.1,48,
1770189323536,dev01,693,26.3,38,
1770189323743,dev01,969,20,67.9,
1770189323956,dev01,652,23.3,45.8,
1770189324163,dev01,820,26.2,37,
1770189324380,dev01,955,23.2,43.2,
1770189324592,dev01,775,26.4,72.3,
1770189324796,dev01,982,26,35.9,
1770189325007,dev01,1288,25.8,48.5,
1770189325215,dev01,1021,25.2,64.1,
1770189325429,dev01,727,21.3,40.2,
1770189325629,dev01,491,20.3,43.8,
1770189325844,dev01,695,26.7,70.3,
1770189326057,dev01,1235,21.2,37,
1770189326263,dev01,918,26.9,74,
1770189326476,dev01,470,20.2,58,
1770189326676,dev01,892,23.8,41.2,
1770189326885,dev01,1063,25,46.9,
1770189327094,dev01,1159,22,64.3,
1770189327306,dev01,872,24.3,50.7,
1770189327509,dev01,915,25,69.5,
1770189327713,dev01,710,20.2,61.9,
1770189327925,dev01,882,22.5,42.4,
1770189328127,dev01,922,26.1,74.1,
1770189328328,dev01,996,24.7,71,
1770189328544,dev01,881,23.8,37.6,
1770189328747,dev01,1246,24.9,61.7,
1770189328961,dev01,1145,24.2,40.6,
1770189329175,dev01,1024,24.7,61.8,
1770189329378,dev01,1088,26.2,71,
1770189329578,dev01,864,26.6,38.3,
1770189329792,dev01,578,24.8,73.7,
1770189330006,dev01,515,24.3,40.1,
1770189330209,dev01,1214,21.5,46.3,
1770189330425,dev01,522,20.1,53.4,
1770189330640,dev01,577,21.9,57.9,
1770189330842,dev01,945,22.2,46.1,
1770189331053,dev01,501,23.9,56.4,
1770189331259,dev01,656,20.9,52.6,
1770189331460,dev01,794,21.3,44.8,
1770189331660,dev01,694,22.2,41.3,
1770189331861,dev01,898,23.6,45.7,
1770189332075,dev01,1067,24.7,73.3,
1770189332279,dev01,1106,22.8,72.5,
1770189332489,dev01,498,21.4,69.8,
1770189332691,dev01,1288,21.4,35.6,
1770189332891,dev01,935,26.1,46.4,
1770189333107,dev01,803,22.6,57.4,
1770189333308,dev01,1144,23.8,61.1,
1770189333523,dev01,1216,24.9,39.6,
1770189333724,dev01,1009,25.2,69.1,
1770189333938,dev01,955,24.4,46.8,
1770189334140,dev01,1032,25.8,55.3,
1770189334352,dev01,1262,27.2,55.6,
1770189334555,dev01,1256,24.6,40.6,
1770189334755,dev01,687,25.3,74.6,
1770189334955,dev01,437,26.8,54.4,
1770189335171,dev01,834,20.5,56.1,
1770189335388,dev01,1248,24.8,51.6,
1770189335604,dev01,796,22.5,35.1,
1770189335819,dev01,843,21,49.1,
1770189336024,dev01,492,20.1,65.3,
1770189336228,dev01,1044,20.7,68.7,
1770189336431,dev01,793,24.1,40,
1770189336636,dev01,930,26.6,63.7,
1770189336846,dev01,1110,22.6,58.4,
1770189337052,dev01,585,21.5,72.7,
1770189452104,dev01,1253,25.7,63.2,
1770189452309,dev01,452,26.4,55,
1770189452524,dev01,796,23.1,44.6,
1770189452724,dev01,915,21.8,40.9,
1770189452925,dev01,777,24.7,36.9,
1770189453140,dev01,1013,24.4,69.8,
1770189453342,dev01,1228,26.4,45.6,
1770189453556,dev01,879,24.4,49.3,
1770189453771,dev01,1055,25.9,65.5,
1770189453976,dev01,1182,20.2,74.1,
1770189454189,dev01,963,20.1,35.1,
1770189454402,dev01,534,21.3,72.3,
1770189454614,dev01,411,26.4,42.2,
1770189454821,dev01,986,22.5,44.1,
1770189455031,dev01,1059,25.5,50.3,
1770189455236,dev01,1157,25.5,49.8,
1770189455442,dev01,455,24.3,61.6,
1770189455658,dev01,568,25.4,35,
1770189455865,dev01,565,21.5,39.9,
1770189456070,dev01,829,21.9,72.7,
1770189456270,dev01,586,26.9,35.1,
1770189456477,dev01,744,27.6,39.5,
1770189456683,dev01,791,25.8,71.6,
1770189456898,dev01,471,26.2,61.4,
1770189457102,dev01,917,27.4,39.8,
1770189457308,dev01,603,21.1,36.9,
1770189457516,dev01,549,20.6,48.1,
1770189457727,dev01,520,25.3,70.9,
1770189457934,dev01,1226,26.7,65.2,
1770189458140,dev01,846,24,41.2,
1770189458353,dev01,828,27.5,35.7,
1770189458558,dev01,1041,26.8,39.1,
1770189458765,dev01,927,26.2,36.4,
1770189458969,dev01,671,22.8,51.7,
1770189459174,dev01,1152,24.9,72.9,
1770189459379,dev01,982,21.5,59.3,
1770189459592,dev01,856,25.7,35.6,
1770189459797,dev01,1209,20.4,73.9,
1770189460003,dev01,732,25.7,36.2,
1770189460219,dev01,1056,24.3,65.5,
1770189460425,dev01,441,26.4,66.2,
1770189460631,dev01,539,27.4,51,
1770189460844,dev01,472,26.5,60,
1770189461048,dev01,405,25.8,61.8,
1770189461254,dev01,669,27,54.9,
1770189461460,dev01,679,27.8,43.6,
1770189461664,dev01,1193,23.3,44.5,
1770189461868,dev01,1222,25.3,52.5,
1770189462071,dev01,1175,22.6,73.6,
1770189462275,dev01,724,25.2,44.9,
1770189462479,dev01,1052,25.9,71.4,
1770189462684,dev01,1192,24.5,45.3,
1770189462888,dev01,607,20.5,61.5,
1770189463092,dev01,1105,27.4,47.8,
1770189463305,dev01,1174,26.1,48,
1770189463509,dev01,443,23,63.2,
1770189463714,dev01,595,25.6,65.7,
1770189463925,dev01,589,23.1,63.2,
1770189464130,dev01,419,23.1,73,
1770189464334,dev01,1158,21.2,57.5,
1770189464534,dev01,1291,21.9,69.6,
1770189464738,dev01,1009,22,55.9,
1770189464942,dev01,529,25.9,55.1,
1770189465143,dev01,711,27.6,41.3,
1770189465348,dev01,471,22.6,57.4,
1770189465553,dev01,1158,23.3,40.1,
1770189465766,dev01,1100,27.6,71.7,
1770189465971,dev01,581,23.8,63.2,
1770189466175,dev01,1258,25.8,63.1,
1770189466385,dev01,650,24.8,42.1,
1770189466589,dev01,680,20.6,65.4,
1770189466792,dev01,891,25.3,43.8,
1770189466995,dev01,1153,26.5,55.6,
1770189467199,dev01,626,23.6,39.9,
1770189467402,dev01,1153,21.8,48,
1770190362030,dev01,624,24.9,71,
1770190362248,dev01,1145,21.6,53.6,
1770190362467,dev01,777,22.8,35.1,
1770190362686,dev01,1163,25.2,35.9,
1770190362905,dev01,1134,20.1,56.3,
1770190363123,dev01,1162,20.9,46.8,
1770190363328,dev01,723,25.3,51.1,
1770190363530,dev01,1299,26.9,67.3,
1770190363743,dev01,1288,22.6,38.2,
1770190363944,dev01,817,22.5,45.6,
1770190364157,dev01,563,20.8,54.4,
1770190364370,dev01,657,26.9,51.5,
1770190364577,dev01,914,21.9,37.7,
1770190364781,dev01,1227,24.9,39.4,
1770190364984,dev01,450,24,53.6,
1770190365202,dev01,1215,26.6,60.5,
1770190365410,dev01,1017,23.2,42.5,
1770190365623,dev01,895,26.7,45.8,
1770190365835,dev01,1287,25,56.2,
1770190366047,dev01,719,24,61.8,
1770190366250,dev01,1226,25.9,35.9,
1770190366456,dev01,701,27.4,55.8,
1770190366669,dev01,500,24.3,70.8,
1770190366874,dev01,1223,22.5,53.3,
1770190367081,dev01,596,24.8,57.1,
1770190367288,dev01,935,23.4,73.7,
1770190367490,dev01,910,22.9,52,
1770190367704,dev01,512,20.3,47,
1770190367905,dev01,824,25.4,72.6,
1770190368107,dev01,1000,23.9,60.9,
1770190368321,dev01,408,23.1,70.5,
1770190368523,dev01,1263,27,37.5,
1770190368730,dev01,1251,24.7,68.6,
1770190368932,dev01,1288,21.7,62.7,
1770190369132,dev01,470,25,60.9,
1770190369332,dev01,1180,22.1,58.8,
1770190369539,dev01,1032,27.5,71.6,
1770190369747,dev01,1276,20.2,74.8,
1770190369952,dev01,863,21.6,72.5,
1770190370158,dev01,743,27.8,63.3,
1770190370364,dev01,556,26.3,50.8,
1770190370568,dev01,823,26.8,59,
1770190370773,dev01,488,21.1,45.1,
1770190370986,dev01,833,25.5,57.5,
1770190371187,dev01,723,21.2,65.9,
1770190371389,dev01,621,21.4,44.9,
1770190371597,dev01,1115,24.2,45.2,
1770190371803,dev01,890,27,43.1,
1770190372004,dev01,540,22.5,61.5,
1770190372217,dev01,1011,22.9,47.9,
1770190372419,dev01,922,23.6,69.7,
1770190372625,dev01,1295,22.1,53.2,
1770190372825,dev01,888,27,37.5,
1770190373031,dev01,889,27.7,65.2,
1770190373236,dev01,658,25.9,61.2,
1770190373440,dev01,1156,21.9,71.2,
1770190373656,dev01,769,21.5,60.7,
1770190373862,dev01,1202,20.8,50.4,
1770190374066,dev01,1095,21,37.5,
1770190374277,dev01,592,22.2,56.6,
1770190374482,dev01,828,26.5,68,
1770190374688,dev01,1160,27.1,38.5,
1770190374890,dev01,451,27.7,65.6,
1770190375093,dev01,1112,26.9,48.4,
1770190375296,dev01,944,20.5,67.4,
1770190375498,dev01,734,23.4,69.7,
1770190375702,dev01,1114,27.3,56.6,
1770190375911,dev01,1119,26.8,51.4,
1770190376124,dev01,1017,26.9,65.9,
1770190376327,dev01,1110,27.2,57.3,
1770190376529,dev01,1295,26.1,59.5,
1770190376737,dev01,1143,21.5,66.3,
1770190376947,dev01,718,25.9,73.4,
1770190377147,dev01,523,25.5,74.9,
1770190377358,dev01,437,27.5,48.6,
1770190377559,dev01,581,22.6,35.8,
1770190377764,dev01,518,22.8,69.6,
1770190377977,dev01,959,21.5,49.3,
1770190378179,dev01,1059,22.2,50.9,
1770190378392,dev01,731,20.3,62.2,
1770190378608,dev01,673,21.6,55.6,
1770190378811,dev01,1008,22.7,46.2,
1770190379014,dev01,970,21.4,46.8,
1770190379215,dev01,514,23.1,67.2,
1770190379430,dev01,662,26.8,72.2,
1770190379638,dev01,488,24.3,42.4,
1770190379844,dev01,671,24.6,64.8,
1770190380056,dev01,851,21.4,74,
1770190380266,dev01,1088,22.1,45.7,
1770190380467,dev01,726,20.2,44.8,
1770190380686,dev01,637,26.6,74.2,
1770190380904,dev01,1150,25.6,63.4,
1770190381115,dev01,1028,27.9,58.3,
1770190381329,dev01,586,21.2,57.9,
1770190381532,dev01,1036,23.1,37,
1770190381735,dev01,572,23.8,71,
1770190381936,dev01,817,24.1,46.1,
1770190382139,dev01,1122,26.7,38.4,
1770190382342,dev01,1240,22.5,71.4,
1770190382545,dev01,1194,22.1,62.5,
1770190382777,dev01,1299,20.9,40.2,
1770190382982,dev01,569,21.8,60,
1770190383192,dev01,927,25.7,41.3,
1770190383410,dev01,1125,25.5,35.2,
1770190383611,dev01,965,23.4,73.7,
1770190383825,dev01,502,25.1,71.4,
1770190384026,dev01,496,21.6,74,
1770190384226,dev01,484,25.3,72.5,
1770190384425,dev01,831,27.1,62.9,
1770190384643,dev01,1138,27.7,38.8,
1770190384843,dev01,639,25.5,42.2,
1770190385060,dev01,767,27.9,63.1,
1770190385276,dev01,507,22.5,35.6,
1770190385492,dev01,750,21.5,49.5,
1770190385707,dev01,718,23.6,43.2,
1770190385908,dev01,431,21.4,60.9,
1770190386109,dev01,514,23.9,56.5,
1770190386311,dev01,831,23.5,42.7,
1770190386515,dev01,753,21.9,49.7,
1770190386718,dev01,1067,23.3,74.7,
1770190386920,dev01,615,27.8,53.5,
1770190387123,dev01,1129,25.6,71.9,
1770190387327,dev01,570,27,67.8,
1770190387529,dev01,735,21.6,73.7,
1770190387734,dev01,596,23.8,53.2,
1770190387937,dev01,1230,24.4,54.4,
1770190388139,dev01,1026,23.5,65.1,
1770190388342,dev01,415,24.9,72.7,
1770190388545,dev01,670,27.2,59.2,
1770190388749,dev01,764,22.8,42.3,
1770190388955,dev01,932,26.6,57.1,
1770190389170,dev01,580,24.7,69.2,
1770190389373,dev01,531,26.8,72.1,
1770190389577,dev01,843,22.3,51.2,
1770190389781,dev01,923,21.2,63.7,
1770190389984,dev01,470,21.4,70.1,
1770190390189,dev01,1283,21.9,57.5,
1770190390389,dev01,1138,27.3,41.7,
1770190390592,dev01,510,25,43.9,
1770190390796,dev01,746,23.8,66.7,
1770190390999,dev01,922,23.5,37.2,
1770190391202,dev01,882,26.8,37.4,
1770190391405,dev01,587,25,67.6,
1770190391608,dev01,552,27.9,73.5,
1770190391811,dev01,1247,24,71.6,
1770190392013,dev01,1179,24.2,45.4,
1770190392216,dev01,1051,25.3,59.8,
1770190392420,dev01,897,23.8,74.7,
1770190392633,dev01,1071,25.8,56.4,
1770190392847,dev01,787,20.4,48.5,
1770190393052,dev01,1037,25.8,39.2,
1770190393253,dev01,1087,20.7,61.2,
1770190393464,dev01,1156,23.7,48,
1770190393666,dev01,988,25.8,60.5,
1770190393872,dev01,1159,27.4,73.1,
1770190394076,dev01,1246,27,60.7,
1770190394285,dev01,435,21.6,37.6,
1770190394493,dev01,514,22.3,73.9,
1770190394702,dev01,562,24.1,51.7,
1770190394904,dev01,463,22.5,44.5,
1770190395108,dev01,876,28,45.1,
1770190395327,dev01,1008,21.5,42.9,
1770190395532,dev01,1214,20.5,69.1,
1770190395733,dev01,1208,20.7,54.2,
1770190395934,dev01,1011,21.6,42.6,
1770190396140,dev01,716,23,68.9,
1770190396342,dev01,710,23,63.9,
1770190396546,dev01,639,26.2,52.9,
1770190396750,dev01,596,23,58.6,
1770190396956,dev01,683,21.3,59.1,
1770190397162,dev01,1166,24,55.5,
1770190397373,dev01,976,23.7,71.6,
1770190397576,dev01,987,25.7,57.5,
1770190397781,dev01,529,22.8,50,
1770190397983,dev01,1239,26.8,50,
1770190398187,dev01,904,26.3,63.9,
1770190398389,dev01,1216,20.3,71.6,
1770190398592,dev01,709,27.5,62.2,
1770190398811,dev01,926,22.4,63.2,
1770190399015,dev01,830,20.2,51.9,
1770190399234,dev01,1022,20.2,50.3,
1770190399452,dev01,859,26.1,74.9,
1770190399671,dev01,1073,23.8,45,
1770190399890,dev01,511,20.3,59.2,
1770190400108,dev01,651,24.4,60.4,
1770190400327,dev01,1264,21.2,62.2,
1770190400546,dev01,1252,26.9,55.8,
1770190400764,dev01,689,26.6,60.1,
1770190400982,dev01,484,26.2,44.1,
1770190401186,dev01,1293,21.4,37.1,
1770190401389,dev01,924,22.6,57.9,
1770190401592,dev01,452,22.2,42.9,
1770190401796,dev01,1283,24.8,70.4,
1770190401999,dev01,1097,20.1,64.2,
1770190402202,dev01,1180,24.1,72.3,
1770190402405,dev01,475,22.6,68,
1770190402607,dev01,646,25.2,73.5,
1770190402811,dev01,1265,26,62.5,
1770190403015,dev01,569,24.3,61.3,
1770190403219,dev01,481,23.8,68.3,
1770190407418,dev01,652,24.7,47.8,
1770190407625,dev01,982,21,61.2,
1770190407828,dev01,576,26.4,65.4,
1770190408030,dev01,962,27.9,66,
1770190408233,dev01,875,20.3,70.1,
1770190408438,dev01,1063,26.2,67.7,
1770190408639,dev01,583,20.7,57.5,
1770190408845,dev01,720,21.5,66.7,
1770190409046,dev01,854,24.6,54.2,
1770190409249,dev01,1087,26.6,72.7,
1770190409451,dev01,1211,21.7,68.9,
1770190409655,dev01,906,26.6,36.2,
1770190409860,dev01,1021,22.6,43.2,
1770190410069,dev01,886,26.2,58,
1770190410276,dev01,1222,20.3,50.2,
1770190410478,dev01,1021,27.1,70.4,
1770190410686,dev01,889,21.2,52.6,
1770190410886,dev01,496,26.4,58.5,
1770190411087,dev01,1044,24.4,59.4,
1770190411300,dev01,452,26.5,57.6,
1770190411503,dev01,1019,23.5,55.6,
1770190411703,dev01,930,21.9,69.8,
1770190411913,dev01,1051,20.5,61.3,
1770190412119,dev01,1109,21.5,67.5,
1770190412319,dev01,596,25.7,45.9,
1770190412532,dev01,752,23.1,65,
1770190412737,dev01,982,22.4,67,
1770190412940,dev01,1173,24.8,68.5,
1770190413150,dev01,991,25.1,71.9,
1770190413350,dev01,496,24.5,72.8,
1770190413553,dev01,972,20.7,52.9,
1770190413765,dev01,1139,25.8,40.8,
1770190413974,dev01,1111,23.7,40.1,
1770190414182,dev01,618,26.8,43.1,
1770190414394,dev01,805,27.8,60.3,
1770190414608,dev01,799,20.3,49.8,
1770190414814,dev01,822,23.3,53.6,
1770190415018,dev01,1178,27.7,44.7,
1770190415232,dev01,1299,22.4,66.7,
1770190415433,dev01,697,21.8,44.9,
1770190415648,dev01,997,22.8,52.4,
1770190415851,dev01,456,25,60.4,
1770190416056,dev01,734,22,71.2,
1770190416262,dev01,690,24.3,51.6,
1770190416468,dev01,690,24.5,74.4,
1770190416680,dev01,744,27.9,71.4,
1770190416888,dev01,714,20.4,40.9,
1770190417109,dev01,621,26.5,40.5,
1770190417315,dev01,836,26.5,35.1,
1770190417516,dev01,1284,26.9,38.7,
1770190417717,dev01,1212,27.5,40.2,
1770190417925,dev01,806,27,65,
1770190418130,dev01,560,27.9,65.7,
1770190418331,dev01,640,27.8,54.6,
1770190418543,dev01,795,26.6,65.7,
1770190418746,dev01,996,26.7,60.2,
1770190418948,dev01,974,27.8,41.4,
1770190419163,dev01,1011,23.1,67.9,
1770190419380,dev01,1030,25.7,68.5,
1770190419590,dev01,1087,25.5,54.5,
1770190419796,dev01,533,20.2,38.9,
1770190419996,dev01,1234,21.7,47.1,
1770190420195,dev01,492,27.3,47.5,
1770190420402,dev01,1054,26.3,57.5,
1770190420610,dev01,857,25.8,43.2,
1770190420812,dev01,1011,22.1,66.2,
1770190421025,dev01,573,27.3,71.1,
1770190421236,dev01,815,25.7,47.1,
1770190421448,dev01,1113,26.5,64.3,
1770190421659,dev01,527,20.5,62.8,
1770190421860,dev01,1200,24.9,74.1,
1770190422060,dev01,582,26.6,62.9,
1770190422261,dev01,969,21.5,74.9,
1770190422468,dev01,1180,25.9,51.7,
1770190422675,dev01,631,22,57.8,
1770190422883,dev01,1055,26,47.6,
1770190423086,dev01,685,23.1,42.5,
1770190423292,dev01,509,21.7,50.9,
1770190423498,dev01,1173,27.3,43.1,
1770190423704,dev01,755,23.7,58.5,
1770190423910,dev01,470,21.1,35.8,
1770190424116,dev01,1196,24.1,49.8,
1770190424323,dev01,675,24,50.3,
1770190424530,dev01,624,21.4,59.7,
1770190424735,dev01,1006,21.8,54.9,
1770190424944,dev01,661,21.3,54.4,
1770190425151,dev01,1110,21.7,47.2,
1770190425359,dev01,956,24.6,55.6,
1770190425566,dev01,548,26.1,44.3,
1770190425771,dev01,1255,27.6,70.4,
1770190425978,dev01,772,23.7,68.7,
1770190426182,dev01,1023,21,72.5,
1770190426386,dev01,1211,27.2,39.9,
1770190426591,dev01,526,27.4,41.1,
1770190426794,dev01,1085,23.6,62.3,
1770190426997,dev01,935,22.1,61.3,
1770190427201,dev01,1076,20.1,62.5,
1770190427405,dev01,548,26.8,57.4,
1770190427610,dev01,1072,20.4,65.3,
1770190427822,dev01,938,25.2,51.7,
1770190428025,dev01,629,25.8,75,
1770190428229,dev01,954,21.4,39.1,
1770190428433,dev01,987,23.6,40.5,
1770190428640,dev01,1178,26.7,42.6,
1770190428849,dev01,1071,21.7,41,
1770190429056,dev01,900,24.2,65.7,
1770190429270,dev01,922,21.1,43.3,
1770190429476,dev01,701,27.8,46.2,
1770190429684,dev01,500,22.8,47.9,
1770190429891,dev01,485,27,63,
1770190430093,dev01,867,26.3,39.3,
1770190430295,dev01,403,26.5,65.6,
1770190430499,dev01,1138,23.4,37.3,
1770190430701,dev01,531,22.8,74.9,
1770190430905,dev01,959,26.8,46.2,
1770190431108,dev01,1199,26.1,37.9,
1770190431312,dev01,601,21,73.5,
1770190431514,dev01,879,21.7,49.6,
1770190431721,dev01,945,22.8,73.7,
1770190431937,dev01,812,20.7,59.3,
1770190432142,dev01,751,27.8,71.8,
1770190432342,dev01,801,20.7,52.9,
1770190432546,dev01,650,25.4,68.8,
1770190432750,dev01,1137,21.9,38.1,
1770190432952,dev01,793,23.5,37,
1770190433155,dev01,1211,27.9,59.3,
1770190433358,dev01,1209,24.4,58.8,
1770190433562,dev01,458,21.6,60.5,
1770190433780,dev01,1222,27.2,53.5,
1770190433982,dev01,459,24.2,74.3,
1770190434184,dev01,641,20.9,68,
1770190434390,dev01,598,22,60.4,
1770190434604,dev01,477,23.1,62.5,
1770190434806,dev01,1132,22,70.3,
1770190435014,dev01,1023,22.4,65.6,
1770190435221,dev01,948,26.3,69.3,
1770190435422,dev01,1223,24.4,53.9,
1770190435633,dev01,941,27.5,41.5,
1770190435834,dev01,629,24.8,36.8,
1770190436048,dev01,939,27.2,53.8,
1770190436249,dev01,892,21.9,39.5,
1770190436462,dev01,1078,23.2,40,
1770190436673,dev01,585,21.7,38.9,
1770190436879,dev01,951,27.7,37.8,
1770190437081,dev01,1160,26.5,55.3,
1770190437283,dev01,1082,25.3,40.5,
1770190437497,dev01,1023,25.4,44.2,
1770190437699,dev01,863,26,44.5,
1770190437909,dev01,1216,25.4,48.8,
1770190438124,dev01,922,27.5,41.4,
1770190438327,dev01,421,26.5,54.3,
1770190438532,dev01,459,27.2,59.5,
1770190438748,dev01,798,26.5,47,
1770190438958,dev01,401,20.2,63,
1770190439170,dev01,1065,23.3,53.9,
1770190439374,dev01,792,23,39.8,
1770190439577,dev01,663,20.2,43.4,
1770190439780,dev01,1193,24,74.3,
1770190439983,dev01,1180,23.2,53.5,
1770190440192,dev01,1191,22.5,58.4,
1770190440394,dev01,799,21.7,63.5,
1770190440609,dev01,559,21.2,44.8,
1770190440813,dev01,786,20.4,58.6,
1770190441015,dev01,1262,20.9,58.3,
1770190441218,dev01,1091,24.3,44.9,
1770190441427,dev01,520,21.5,43.6,
1770190441629,dev01,802,25.7,43.8,
1770190441836,dev01,1237,20.1,41.4,
1770190442043,dev01,1296,23.4,65.1,
1770190442244,dev01,716,26.9,42.5,
1770190442444,dev01,1119,23.2,55.6,
1770190442653,dev01,671,27.2,64,
1770190442858,dev01,974,21.9,44.8,
1770190443074,dev01,424,27.7,66.1,
1770190443280,dev01,1083,22,57.9,
1770190443487,dev01,523,21.2,35.2,
1770190443697,dev01,890,22.5,50,
1770190443924,dev01,835,21.3,50,
1770190444139,dev01,443,26.8,48.6,
1770190444356,dev01,892,21.3,39.4,
1770190444560,dev01,888,21.6,63.8,
1770190444771,dev01,1209,21,46.9,
1770190444977,dev01,974,26.9,56.5,
1770190445193,dev01,433,28,37.6,
1770190445407,dev01,1292,25.4,57.3,
1770190445609,dev01,874,22.8,67.5,
1770190445812,dev01,674,27.8,54.2,
1770190446013,dev01,1298,21.5,47.3,
1770190446213,dev01,1225,25,61.1,
1770190446423,dev01,800,26.9,41.5,
1770190446625,dev01,1265,27.1,59.4,
1770190446837,dev01,518,21.1,45.1,
1770190447045,dev01,1174,27,69,
1770190447249,dev01,620,21.4,59.1,
1770190447458,dev01,459,27.8,48.3,
1770190447669,dev01,1118,26.3,73.2,
1770190447873,dev01,582,23.5,58,
1770190448076,dev01,737,24.9,55.8,
1770190448296,dev01,1147,20.8,49.9,
1770190448498,dev01,1118,22.3,68.7,
1770190448702,dev01,696,23.3,68.4,
1770190448905,dev01,723,27.2,52.4,
1770190449119,dev01,590,22.2,47.8,
1770190449331,dev01,1038,23.6,39,
1770190449546,dev01,570,27.1,35.9,
1770190449750,dev01,540,21.1,49.9,
1770190449957,dev01,1081,20.3,74.3,
1770190450166,dev01,410,21.3,46.3,
1770190450372,dev01,1252,23,58.4,
1770190450582,dev01,1226,24.7,69.2,
1770190450786,dev01,854,27.4,57.4,
1770190450998,dev01,746,25.1,67,
1770190451202,dev01,712,20.7,74,
1770190451406,dev01,833,21.3,42.3,
1770190451610,dev01,400,26.6,38.5,
1770190451813,dev01,1040,23.2,49,
1770190452014,dev01,873,21.5,65.4,
1770190452218,dev01,516,27.6,52.5,
1770190452421,dev01,1230,22.4,43.5,
1770190452624,dev01,944,22.2,36.6,
1770190452831,dev01,950,25,41.2,
1770190453046,dev01,801,25.4,71.6,
1770190453253,dev01,1112,20.6,71.5,
1770190453452,dev01,1237,27.9,45.8,
1770190453669,dev01,402,22.2,69.8,
1770190453874,dev01,488,22.6,68.8,
1770190454077,dev01,584,26,62.7,
1770190454281,dev01,1166,23.2,72.5,
1770190454483,dev01,735,22.9,68.6,
1770190454684,dev01,619,22.2,55.1,
1770190454905,dev01,961,23.9,48.9,
1770190455124,dev01,562,22.8,72.3,
1770190455331,dev01,1280,22.7,48.4,
1770190455536,dev01,1258,22,47.4,
1770190455750,dev01,841,21.2,45.2,
1770190455955,dev01,652,25.8,37,
1770190456163,dev01,1297,22.4,69.3,
1770190456374,dev01,400,22.5,37.8,
1770190456577,dev01,1149,21.3,61,
1770190456781,dev01,760,23.3,38.1,
1770190456983,dev01,619,24.5,51,
1770190457186,dev01,543,26.2,36.3,
1770190457390,dev01,693,24.3,52.7,
1770190457592,dev01,1255,20.1,39.7,
1770190457797,dev01,699,25.4,35.1,
1770190458011,dev01,423,27.7,42.9,
1770190458212,dev01,1083,23.3,60.5,
1770190458420,dev01,962,23.9,38.9,
1770190458624,dev01,862,22.5,57.4,
1770190458824,dev01,652,25.2,56.9,
1770190459031,dev01,1081,25.4,73.7,
1770190459247,dev01,1179,21.1,49.3,
1770190459453,dev01,1274,25.1,73.2,
1770190459656,dev01,1064,24.5,71,
1770190459858,dev01,860,27.4,44.8,
1770190460064,dev01,979,23.9,50.1,
1770190460274,dev01,953,21.8,54.1,
1770190460480,dev01,1083,25.1,38.9,
1770190460688,dev01,1067,27.1,37.2,
1770190460893,dev01,838,21,58.6,
1770190461108,dev01,531,25.5,40.5,
1770190461313,dev01,939,20.6,72.5,
1770190461514,dev01,600,25.8,69.6,
1770190461734,dev01,935,22.8,42.3,
1770190461935,dev01,523,22.4,71.2,
1770190462144,dev01,765,22.7,45.1,
1770190462367,dev01,1163,22.8,54.4,
1770190462573,dev01,911,25.8,48.5,
1770190462782,dev01,1058,22.1,43.6,
1770190462986,dev01,911,26.7,40.2,
1770190463192,dev01,798,22,39.4,
1770190463405,dev01,768,25.5,42.4,
1770190463617,dev01,713,23.2,62.1,
1770190463821,dev01,1026,25.3,70.7,
1770190464029,dev01,1194,22.8,58.7,
1770190464233,dev01,556,21.3,39.7,
1770190464434,dev01,1130,27.1,54.1,
1770190464640,dev01,719,25.6,51.5,
1770190464858,dev01,1053,21.9,40.4,
1770190465065,dev01,1250,21.6,61.1,
1770190465272,dev01,411,21.2,57.7,
1770190465476,dev01,889,24.7,72.7,
1770190465690,dev01,1256,21,64.4,
1770190465892,dev01,437,25.8,39.9,
1770190466105,dev01,1220,20.5,37.4,
1770190466311,dev01,911,20.8,44.2,
1770190466526,dev01,598,22.6,44.6,
1770190466740,dev01,1123,20.4,60.2,
1770190466948,dev01,579,24.7,38,
1770190467157,dev01,1046,26.3,64.2,
1770190467368,dev01,1249,22,44.5,
1770190467570,dev01,870,27.1,61.3,
1770190467786,dev01,664,25.8,48.8,
1770190468014,dev01,739,26.3,53.3,
1770190468233,dev01,726,23,38.2,
1770190468441,dev01,1228,20.8,62.4,
1770190468655,dev01,1170,21.7,66.8,
1770190468857,dev01,549,23.9,71.7,
1770190469069,dev01,532,26.2,72.9,
1770190469272,dev01,419,21.5,59.1,
1770190469489,dev01,692,21.2,39.7,
1770190469697,dev01,1175,26.4,58.9,
1770190469900,dev01,1010,26.2,60.3,
1770190470113,dev01,683,21.7,54.1,
1770190470317,dev01,577,22.9,41.1,
1770190470526,dev01,906,24.1,63.1,
1770190470733,dev01,1094,25.3,58.1,
1770190470935,dev01,1234,25.8,40.3,
1770190471150,dev01,1138,21,35.7,
1770190471351,dev01,684,26.1,46.7,
1770190471560,dev01,920,23.3,57.9,
1770190471769,dev01,777,24.2,37,
1770190471983,dev01,834,22.6,38.4,
1770190472184,dev01,812,26.2,39.4,
1770190472393,dev01,1111,23.3,50.2,
1770190472608,dev01,940,24.6,49.5,
1770190472824,dev01,848,20.8,70.1,
1770190473032,dev01,917,20.6,35.5,
1770190473241,dev01,1062,20.1,71.1,
1770190473449,dev01,1145,21.9,65.9,
1770190473663,dev01,434,24.8,56.2,
1770190473864,dev01,850,20.9,48.7,
1770190474078,dev01,1048,22.4,65.6,
1770190474283,dev01,641,20.6,62.9,
1770190474501,dev01,700,24.2,70.7,
1770190474710,dev01,1224,26.2,46.3,
1770190474923,dev01,431,27.3,55.5,
1770190475124,dev01,1122,23.5,38.6,
1770190475327,dev01,539,20.5,60.9,
1770190475528,dev01,1208,27.5,64.5,
1770190475735,dev01,929,22.4,40.5,
1770190475948,dev01,905,23.6,61.4,
1770190476158,dev01,877,22.5,54.2,
1770190476361,dev01,776,24.9,69.1,
1770190476576,dev01,945,22.3,45.6,
1770190476780,dev01,702,22.3,55.4,
1770190476982,dev01,589,21.4,73.9,
1770190477186,dev01,1210,21,49.7,
1770190477396,dev01,798,26.8,71.6,
1770190477608,dev01,863,22.7,53.5,
1770190477811,dev01,1095,22.1,69.2,
1770190478011,dev01,1094,25.5,50.2,
1770190478217,dev01,813,23.8,48.8,
1770190478428,dev01,575,22.1,73.5,
1770190478641,dev01,1263,26.4,38.5,
1770190478845,dev01,764,27.2,70.7,
1770190479046,dev01,908,26.3,56,
1770190479246,dev01,509,27.4,54.2,
1770190479448,dev01,440,26.3,50.4,
1770190479655,dev01,1086,22.3,62.3,
1770190479864,dev01,1062,21.3,41.8,
1770190480070,dev01,430,20.2,53.8,
1770190480273,dev01,745,20.9,40.4,
1770190480481,dev01,1259,24.1,38.9,
1770190480696,dev01,601,26.2,50.9,
1770190480912,dev01,1085,20.2,59.3,
1770190481117,dev01,1222,20.1,67.4,
1770190481333,dev01,963,20.8,53.3,
1770190481534,dev01,1140,24.4,41.9,
1770190481741,dev01,794,25.2,49,
1770190481956,dev01,965,24.9,45.1,
1770190482171,dev01,575,20.7,49,
1770190482380,dev01,895,26.4,50.9,
1770190482592,dev01,793,26.2,60.9,
1770190482795,dev01,875,22.8,40.2,
1770190482999,dev01,844,25.5,45.9,
1770190483212,dev01,944,25.3,73.9,
1770190483427,dev01,1095,22.7,36.7,
1770190483631,dev01,719,20,42.9,
1770190483844,dev01,1065,27.9,52.2,
1770190484060,dev01,785,20.9,58.8,
1770190484259,dev01,794,24.8,43.5,
1770190484474,dev01,605,23.1,71.5,
1770190484685,dev01,882,21.2,40.7,
1770190484899,dev01,1007,27.1,41.4,
1770190485103,dev01,651,21.6,56.6,
1770190485308,dev01,729,26.5,38.1,
1770190485510,dev01,1097,20.5,72.2,
1770190485721,dev01,961,24.3,40.8,
1770190485922,dev01,669,25.7,44.8,
1770190486126,dev01,809,21.7,41.8,
1770190486341,dev01,625,21.7,59.9,
1770190486555,dev01,508,25.7,43.9,
1770190486758,dev01,1067,24.7,43,
1770190486975,dev01,1238,21,74.8,
1770190487179,dev01,598,24,49.3,
1770190487390,dev01,1109,27.8,40.8,
1770190487606,dev01,589,21.3,42.2,
1770190487822,dev01,1145,27.8,55.6,
1770190488023,dev01,773,22.4,51.3,
1770190488240,dev01,1080,22,69.6,
1770190488456,dev01,662,24.9,52.5,
1770190488659,dev01,481,22.3,58.9,
1770190488873,dev01,590,24.7,42.8,
1770190489077,dev01,900,22.3,42.4,
1770190489287,dev01,472,22.2,45.2,
1770190489489,dev01,1205,24.2,39.2,
1770190489702,dev01,805,22.3,69.9,
1770190489903,dev01,682,25.4,65.2,
1770190490105,dev01,1104,27.1,38,
1770190490307,dev01,878,22.8,44.2,
1770190490517,dev01,619,23.8,52.5,
1770190490727,dev01,544,22.5,60.1,
1770190490937,dev01,490,27.3,43.3,
1770190491151,dev01,1274,21.2,44.4,
1770190491356,dev01,438,25.8,47.8,
1770190491568,dev01,466,24,53,
1770190491768,dev01,740,22.4,47.8,
1770190491970,dev01,640,25.7,64.9,
1770190492186,dev01,1047,23.4,56.7,
1770190492402,dev01,962,25.5,36.4,
1770190492603,dev01,1077,24.5,42.7,
1770190492806,dev01,447,26,70.1,
1770190493019,dev01,1115,26.6,66.2,
1770190493222,dev01,570,21.1,46.1,
1770190493434,dev01,760,22,74.4,
1770190493634,dev01,766,26.7,48,
1770190493841,dev01,531,24.2,55.7,
1770190494050,dev01,930,20.2,64.7,
1770190494263,dev01,964,26.1,52.3,
1770190494486,dev01,634,25.4,70.6,
1770190494701,dev01,576,22.1,43.5,
1770190494914,dev01,769,21.5,73.1,
1770190495123,dev01,1097,20.9,64,
1770190495332,dev01,462,20.4,68.4,
1770190495535,dev01,1229,26.2,55.6,
1770190495749,dev01,1169,27.6,50.7,
1770190495950,dev01,1212,26,45.4,
1770190496153,dev01,708,26.8,35.8,
1770190496368,dev01,489,23.3,54.8,
1770190496582,dev01,440,27.3,59.3,
1770190496782,dev01,733,24.4,37,
1770190496985,dev01,461,24.2,64,
1770190497198,dev01,534,21.7,44.6,
1770190497405,dev01,555,26.8,37.9,
1770190497612,dev01,1209,25.8,51,
1770190497811,dev01,1239,25,57.2,
1770190498015,dev01,673,22.1,63.1,
1770190498215,dev01,644,23.7,72,
1770190498429,dev01,1108,22.2,66.2,
1770190498631,dev01,1024,22.4,44.3,
1770190498836,dev01,931,20.8,59.3,
1770190499047,dev01,960,21.6,74.8,
1770190499261,dev01,837,27.5,43.4,
1770190499463,dev01,466,27.1,35.8,
1770190499665,dev01,1027,23.2,43.4,
1770190499878,dev01,886,21.5,58.5,
1770190500079,dev01,1216,27.8,61.9,
1770190500281,dev01,698,23.2,47.5,
1770190500483,dev01,991,20.8,43.3,
1770190500694,dev01,934,24.4,62.9,
1770190500896,dev01,609,26.1,70.1,
1770190501110,dev01,727,23.5,62.3,
1770190501321,dev01,714,21.5,68.6,
1770190501526,dev01,1213,23,44.5,
1770190501729,dev01,1039,25.6,63,
1770190501943,dev01,632,25.8,53.4,
1770190502155,dev01,1154,25.4,41.7,
1770190502364,dev01,1012,24.7,43.8,
1770190502575,dev01,561,24.7,45.4,
1770190502790,dev01,415,27.2,45,
1770190502991,dev01,1156,20.1,60.9,
1770190503201,dev01,1168,25.3,44.2,
1770190503410,dev01,1094,21,43.5,
1770190503627,dev01,796,27.5,65.1,
1770190503840,dev01,540,20.8,52.4,
1770190504053,dev01,493,21.5,67.7,
1770190504261,dev01,451,26,71.9,
1770190504473,dev01,699,21.7,74.1,
1770190504682,dev01,1104,20.6,53,
1770190504885,dev01,965,21.8,45.6,
1770190505089,dev01,845,23.3,65.3,
1770190505292,dev01,1228,23.4,48.6,
1770190505505,dev01,870,25.8,40.1,
1770190505708,dev01,534,20.8,59.6,
1770190505914,dev01,1027,26.4,36.7,
1770190506122,dev01,591,25.5,62.5,
1770190506326,dev01,1112,28,37.3,
1770190506540,dev01,1263,21.2,55,
1770190506750,dev01,1095,22,56.8,
1770190506961,dev01,1184,27.7,71.4,
1770190507166,dev01,513,24.6,42.3,
1770190507369,dev01,1237,26.1,41.2,
1770190507570,dev01,450,24.6,42.2,
1770190507772,dev01,1043,21.1,70.1,
1770190507986,dev01,1162,22.5,48,
1770190508192,dev01,1211,21.5,67,
1770190508406,dev01,1088,25.5,43.8,
1770190508609,dev01,1219,25.9,39.2,
1770190508814,dev01,728,22,65.8,
1770190509023,dev01,924,23.1,43.5,
1770190509226,dev01,480,25.5,37.1,
1770190509440,dev01,1236,21,71.4,
1770190509653,dev01,426,20.3,55.5,
1770190509853,dev01,1095,27.2,45.4,
1770190510056,dev01,919,20.6,44.1,
1770190510270,dev01,1292,25,70.4,
1770190510470,dev01,1183,25.9,73.5,
1770190510672,dev01,721,24.5,47.5,
1770190510888,dev01,570,21.2,35.4,
1770190511102,dev01,1213,24.4,70.1,
1770190511304,dev01,1184,21.9,41.4,
1770190511519,dev01,480,20.1,70.9,
1770190511720,dev01,1149,27.5,54.7,
1770190511922,dev01,768,27.8,60.3,
1770190512132,dev01,771,21.5,36.1,
1770190512341,dev01,1041,24.1,35.4,
1770190512550,dev01,576,26,48.6,
1770190512751,dev01,1216,21.9,60.2,
1770190512952,dev01,992,21.7,71.7,
1770190513159,dev01,516,27,39.1,
1770190513370,dev01,1229,20.2,70.8,
1770190513583,dev01,534,23.9,68.6,
1770190513785,dev01,925,20.4,36.6,
1770190514000,dev01,1059,24.5,56.6,
1770190514201,dev01,647,21.8,56.2,
1770190514415,dev01,631,26.3,60.5,
1770190514616,dev01,651,23.5,40,
1770190514819,dev01,879,26.7,68.2,
1770190515035,dev01,756,26.8,61.2,
1770190515249,dev01,825,26.6,39,
1770190515463,dev01,743,22.8,72.5,
1770190515673,dev01,642,23.1,68.3,
1770190515882,dev01,785,20.6,64.8,
1770190516086,dev01,954,24.2,45.7,
1770190516296,dev01,800,28,48.4,
1770190516500,dev01,799,25.8,37.7,
1770190516701,dev01,454,24.1,40.1,
1770190516912,dev01,718,27.4,69.7,
1770190517127,dev01,647,21.6,66,
1770190517331,dev01,1045,27.2,58.5,
1770190517545,dev01,485,27.5,36.4,
1770190517748,dev01,407,25.1,42.3,
1770190517963,dev01,789,24.8,35.2,
1770190518173,dev01,997,26.9,72.6,
1770190518380,dev01,855,21.7,74.8,
1770190518596,dev01,1273,25.7,45.7,
1770190518797,dev01,572,27.9,69.9,
1770190519012,dev01,1119,26.1,73.4,
1770190519214,dev01,1077,22.3,46.8,
1770190519419,dev01,580,24.1,67.1,
1770190519631,dev01,493,21,40.1,
1770190519832,dev01,513,26.1,46.3,
1770190520045,dev01,865,23.7,41.3,
1770190520246,dev01,683,23.2,56.1,
1770190520446,dev01,941,22.4,62.3,
1770190520646,dev01,1213,22.8,50.2,
1770190520861,dev01,1167,21.9,38.5,
1770190521063,dev01,954,20.1,63.1,
1770190521276,dev01,1088,24.7,37.1,
1770190521477,dev01,432,20.2,45.3,
1770190521692,dev01,613,25,40.8,
1770190521894,dev01,605,25.3,69.1,
1770190522095,dev01,1085,27.6,53.5,
1770190522299,dev01,823,21.5,60.1,
1770190522505,dev01,1262,22,72.8,
1770190522710,dev01,697,26.6,58.9,
1770190522912,dev01,1127,26.5,44.1,
1770190523112,dev01,1034,21.8,72.7,
1770190523324,dev01,910,21.1,44.7,
1770190523525,dev01,474,23.9,60.6,
1770190523728,dev01,508,23.2,36.1,
1770190523930,dev01,1294,21.9,51.4,
1770190524141,dev01,1169,24.2,61.6,
1770190524342,dev01,761,22.4,50,
1770190524545,dev01,1026,26.6,43.6,
1770190524757,dev01,1000,25.1,38.1,
1770190524960,dev01,1249,24.6,62.7,
1770190525163,dev01,990,20.3,67.4,
1770190525376,dev01,1131,27.9,62.1,
1770190525588,dev01,1000,20.4,37.1,
1770190525791,dev01,621,24.7,65.6,
1770190525992,dev01,920,25.8,39.5,
1770190526205,dev01,1128,23.4,46.1,
1770190526408,dev01,944,25.5,49.5,
1770190526623,dev01,1218,25.4,62.1,
1770190526823,dev01,406,21.9,58.2,
1770190527024,dev01,881,27.1,35.7,
1770190527233,dev01,406,22.8,51.6,
1770190527441,dev01,444,24.8,70,
1770190527657,dev01,535,24.3,36.8,
1770190527872,dev01,584,25.7,38.1,
1770190528074,dev01,476,23.6,70,
1770190528280,dev01,1206,23.5,39,
1770190528491,dev01,892,20.9,41.9,
1770190528706,dev01,1209,27.5,64.8,
1770190528909,dev01,780,21.2,56.7,
1770190529121,dev01,1113,20.3,53.3,
1770190529324,dev01,1064,21.4,64.7,
1770190529534,dev01,447,27.3,68.9,
1770190529748,dev01,1051,25.8,42.3,
1770190529956,dev01,514,21.7,59.6,
1770190530158,dev01,973,22.8,44,
1770190530361,dev01,1137,24.5,51,
1770190530570,dev01,668,26.6,61.5,
1770190530771,dev01,438,22,60.6,
1770190530989,dev01,1257,27.2,46.2,
1770190531201,dev01,753,27.6,65.6,
1770190531415,dev01,1065,21.1,45,
1770190531619,dev01,892,27.2,44.4,
1770190531821,dev01,1263,25.9,65,
1770190532037,dev01,807,24.1,47.6,
1770190532250,dev01,993,26.7,52.3,
1770190532450,dev01,729,25.6,38.1,
1770190532666,dev01,674,22,49.6,
1770190532870,dev01,670,27.3,43.3,
1770190533079,dev01,676,26,42.4,
1770190533281,dev01,415,23.9,45.7,
1770190533486,dev01,1132,22.9,48.7,
1770190533694,dev01,459,26.4,61.2,
1770190533897,dev01,1130,25.1,65.2,
1770190534102,dev01,971,21.6,53.4,
1770190534308,dev01,1131,23.2,52.3,
1770190534517,dev01,1169,26.3,49.2,
1770190534732,dev01,823,23.5,44.7,
1770190534935,dev01,404,20.5,72.8,
1770190535149,dev01,443,26.6,72.1,
1770190535352,dev01,718,24.2,73.8,
1770190535567,dev01,544,21.6,64.7,
1770190535783,dev01,1086,22.1,39.6,
1770190535984,dev01,1208,24.4,70.8,
1770190536197,dev01,910,21.2,65.6,
1770190536397,dev01,653,26.4,45.2,
1770190536601,dev01,1289,25.8,64.2,
1770190536814,dev01,704,24.8,66.4,
1770190537029,dev01,495,28,36.7,
1770190537233,dev01,529,25.7,48.7,
1770190537437,dev01,954,25.1,47.6,
1770190537648,dev01,1144,20.6,42.1,
1770190537859,dev01,552,21.1,51.7,
1770190538061,dev01,956,27.8,62.1,
1770190538264,dev01,590,24.3,63.6,
1770190538465,dev01,959,21.6,74.2,
1770190538680,dev01,1012,24.1,42,
1770190538894,dev01,1124,25.3,71.7,
1770190539098,dev01,829,26.7,55.3,
1770190539310,dev01,1225,24.7,65,
1770190539512,dev01,917,22.4,51.6,
1770190539717,dev01,730,26.4,39.8,
1770190539921,dev01,492,20.3,70.7,
1770190540125,dev01,607,25.6,48.4,
1770190540327,dev01,1219,25.5,56.3,
1770190540530,dev01,589,24,64.4,
1770190540734,dev01,613,26.8,56.1,
1770190540937,dev01,1226,20.8,69,
1770190541140,dev01,945,24.6,36.2,
1770190541342,dev01,858,26.3,42.7,
1770190541547,dev01,878,27.9,59.9,
1770190541748,dev01,1202,21.5,59.6,
1770190541952,dev01,1205,25.4,73.5,
1770190542155,dev01,413,21.4,41.5,
1770190542359,dev01,759,21.2,66.2,
1770190542562,dev01,1064,21.1,48.9,
1770190542764,dev01,1093,24.9,56.4,
1770190542968,dev01,1072,21,62.3,
1770190543172,dev01,494,26.7,71.4,
1770190543373,dev01,656,23.6,51.1,
1770190543592,dev01,1021,23.8,59.4,
1770190543812,dev01,611,21.7,68.6,
1770190544030,dev01,1029,24.8,60,
1770190544233,dev01,689,20.8,46.7,
1770190544438,dev01,662,26.2,36.9,
1770190544640,dev01,885,22.9,49.2,
1770190544845,dev01,1275,20.1,63.8,
1770190545045,dev01,1249,22.4,72,
1770190545249,dev01,700,25.8,68,
1770190545452,dev01,1275,21.7,37.1,
1770190545655,dev01,1105,27.3,39.6,
1770190545859,dev01,1226,22.4,58.6,
1770190546061,dev01,683,27,74.5,
1770190546265,dev01,1114,27.6,66.5,
1770190546467,dev01,560,26.2,56.5,
1770190546671,dev01,958,27.8,61.3,
1770190546875,dev01,503,25.9,52.6,
1770190547080,dev01,946,23.8,60.8,
1770190547295,dev01,484,24.1,50.8,
1770190547500,dev01,1293,24.6,67.6,
1770190547701,dev01,514,21.6,49,
1770190547908,dev01,495,23.6,45.6,
1770190548108,dev01,1120,25.9,66.4,
1770190548311,dev01,645,23.3,60.6,
1770190548512,dev01,990,21.2,47.5,
1770190548718,dev01,462,24,41.2,
1770190548921,dev01,641,20,47.9,
1770190549123,dev01,944,21.4,48.8,
1770190549337,dev01,553,22.1,72.1,
1770190549540,dev01,1107,20.3,66.3,
1770190549748,dev01,1279,23.6,47.5,
1770190549955,dev01,775,26.1,42,
1770190550170,dev01,615,24.4,49.5,
1770190550382,dev01,727,27.8,65.7,
1770190550584,dev01,594,27.1,53.8,
1770190550790,dev01,1134,27,68.9,
1770190550993,dev01,1111,20.5,38.4,
1770190551197,dev01,1162,21,70.9,
1770190551399,dev01,1246,21.4,56.5,
1770190551605,dev01,521,23.4,40.7,
1770190551808,dev01,993,20.9,43.4,
1770190552018,dev01,748,21.7,59.3,
1770190552228,dev01,500,28,45.4,
1770190552436,dev01,402,23.9,43.8,
1770190552636,dev01,1039,26.5,60.9,
1770190552850,dev01,679,26.2,70.1,
1770190553051,dev01,1087,21.3,56.1,
1770190553263,dev01,813,26.9,59.2,
1770190553469,dev01,706,24.7,63.6,
1770190553677,dev01,659,25.3,42.4,
1770190553884,dev01,1143,21.3,46.9,
1770190554090,dev01,986,26.6,46.7,
1770190554297,dev01,820,25.6,37.8,
1770190554502,dev01,1126,26.1,35.2,
1770190554711,dev01,567,24.7,37,
1770190554916,dev01,588,27.5,58,
1770190555122,dev01,625,23,53,
1770190555326,dev01,1120,25.8,74.5,
1770190555528,dev01,831,26.1,64.3,
1770190555733,dev01,447,24.3,38.5,
1770190555938,dev01,1002,24.2,66.7,
1770190556146,dev01,802,26.1,47.4,
1770190556352,dev01,434,21.8,74.8,
1770190556558,dev01,532,26.9,70.3,
1770190556763,dev01,883,22.6,61.1,
1770190556968,dev01,742,20.9,54.6,
1770190557173,dev01,929,21,56.9,
1770190646125,dev01,1147,22.4,74.7,
1770190646328,dev01,1240,27.9,61.3,
1770190646530,dev01,1297,20.6,66.7,
1770190646733,dev01,804,21.1,65.4,
1770190646940,dev01,810,24.4,37,
1770190647154,dev01,881,21.1,58.4,
1770190647359,dev01,743,25.8,39.8,
1770190647563,dev01,801,24.6,59.9,
1770190647765,dev01,644,27,60.3,
1770190647968,dev01,1239,21,52.7,
1770190648171,dev01,847,23.2,35.2,
1770190648385,dev01,513,22.8,46,
1770190648590,dev01,991,21.3,54.7,
1770190648792,dev01,797,27,39.6,
1770190649004,dev01,563,21.6,69.1,
1770190649205,dev01,1215,23.9,40.7,
1770190649413,dev01,400,25.6,48.9,
1770190649623,dev01,1240,26.3,74.2,
1770190649824,dev01,1121,22.3,62.3,
1770190650038,dev01,1270,27.6,59,
1770190650241,dev01,944,24.4,57.6,
1770190650445,dev01,420,26.9,38.8,
1770190650652,dev01,988,20.5,47.6,
1770190650854,dev01,1062,21.6,39.6,
1770190651054,dev01,1087,21.9,67.6,
1770190651254,dev01,1269,25.2,61,
1770190651454,dev01,1087,25.1,40.7,
1770190651669,dev01,842,21.8,55.1,
1770190651869,dev01,1296,25.4,37.1,
1770190652070,dev01,636,26.2,59.6,
1770190652270,dev01,444,24.5,68.5,
1770190652470,dev01,825,26.1,57.9,
1770190652671,dev01,499,23.1,65.3,
1770190652877,dev01,980,23.9,60.1,
1770190653087,dev01,1137,24,72.5,
1770190653302,dev01,1080,26.7,68.1,
1770190653504,dev01,1036,20.9,63.5,
1770190653716,dev01,966,27.4,55.2,
1770190653929,dev01,725,21.2,46,
1770190654136,dev01,968,22.8,56.7,
1770190654338,dev01,462,22.4,58.1,
1770190654541,dev01,699,24.9,54.3,
1770190654748,dev01,889,26.6,43.5,
1770190654952,dev01,808,25,50.4,
1770190655166,dev01,973,25.4,57.8,
1770190655367,dev01,996,25.8,64.4,
1770190655569,dev01,1116,24.8,55.5,
1770190655769,dev01,1213,23.9,61.3,
1770190655983,dev01,1259,21.5,37.1,
1770190656185,dev01,1063,26.1,72.5,
1770190656399,dev01,541,24.4,72.7,
1770190656600,dev01,1011,27.7,67.3,
1770190656817,dev01,415,24.4,39.4,
1770190657032,dev01,1084,23.8,38.3,
1770190657235,dev01,438,20.2,69.2,
1770190657448,dev01,1132,24.6,61.4,
1770190657650,dev01,1229,22.3,35,
1770190657850,dev01,1155,27.6,59.5,
1770190658065,dev01,757,24.4,44.5,
1770190658269,dev01,524,26.6,60.8,
1770190658484,dev01,830,27.1,37.6,
1770190658697,dev01,1237,25.1,44.4,
1770190658913,dev01,1139,25.2,71.6,
1770190659114,dev01,1232,20.8,41.5,
1770190659317,dev01,1226,20.9,55.2,
1770190659531,dev01,456,27.5,68.7,
1770190659748,dev01,1224,20.4,49.9,
1770190659963,dev01,1065,22.7,60.6,
1770190660164,dev01,938,26.5,64.5,
1770190660365,dev01,1049,26.8,69.6,
1770190660580,dev01,882,27.3,55.5,
1770190660782,dev01,742,23.2,49.1,
1770190660995,dev01,762,27.1,51.6,
1770190661198,dev01,709,22.5,72,
1770190661413,dev01,873,23.4,58.8,
1770190661619,dev01,933,25.9,55,
1770190661829,dev01,1288,23.6,72.5,
1770190662044,dev01,1278,27.1,42.7,
1770190662245,dev01,558,26.4,39.3,
1770190662446,dev01,1228,24.9,50.8,
1770190662661,dev01,930,23.5,53.7,
1770190662863,dev01,917,20.1,73.6,
1770190663064,dev01,1219,26.3,58.4,
1770190663281,dev01,583,24.5,47.6,
1770190663481,dev01,1225,21.6,42.2,
1770190663694,dev01,1069,22,52.6,
1770190663895,dev01,723,21.6,41.1,
1770190664111,dev01,1030,25.3,62.6,
1770190664327,dev01,1091,25.7,38.4,
1770190664542,dev01,475,24.6,47.5,
1770190664744,dev01,877,24.3,69.8,
1770190664956,dev01,487,24.1,50.1,
1770190665160,dev01,716,23,38.6,
1770190665375,dev01,696,24.1,58.5,
1770190665577,dev01,1123,23,55.3,
1770190665792,dev01,465,27.7,35.7,
1770190665994,dev01,1216,25.8,48.1,
1770190666209,dev01,574,27.5,47.5,
1770190666414,dev01,853,24.3,36.9,
1770190666628,dev01,956,20.5,48.3,
1770190666830,dev01,801,21.1,44.9,
1770190667044,dev01,981,22.1,37,
1770190667258,dev01,400,23.5,49.3,
1770190667460,dev01,1199,26.6,43,
1770190667674,dev01,667,21.4,59.7,
1770190667875,dev01,1051,23.5,61.9,
1770190668089,dev01,1263,24.2,42.7,
1770190668291,dev01,476,21.3,39.6,
1770190668507,dev01,559,22.6,69.4,
1770190668722,dev01,850,24.1,39.3,
1770190668924,dev01,845,20.9,71.2,
1770190669139,dev01,1272,24.8,51.6,
1770190669339,dev01,694,20,55.1,
1770190669539,dev01,956,23.2,46.2,
1770190669754,dev01,1188,23.6,57,
1770190669956,dev01,1129,21.5,69,
1770190670155,dev01,521,21.8,70.1,
1770190670356,dev01,1130,25.6,40.6,
1770190670571,dev01,810,27.2,54.3,
1770190670771,dev01,677,26.5,43.4,
1770190670972,dev01,1059,25.5,65.6,
1770190671188,dev01,1156,27.2,40,
1770190671388,dev01,1005,21.5,65.6,
1770190671603,dev01,943,26.8,53.7,
1770190671804,dev01,997,23.2,74.6,
1770190672019,dev01,1017,23.8,70.2,
1770190672220,dev01,496,26,56.3,
1770190672423,dev01,420,21.2,62.9,
1770190672637,dev01,1029,24.3,53.9,
1770190672852,dev01,432,20,56.3,
1770190673061,dev01,1191,25.8,37.8,
1770190673271,dev01,1224,26.6,62.4,
1770190673471,dev01,1214,21.1,59,
1770190673671,dev01,1110,26.1,68.7,
1770190673885,dev01,1036,22.6,65.6,
1770190674089,dev01,822,27.7,52.7,
1770190674304,dev01,780,20.5,46.1,
1770190674518,dev01,652,25.8,48.2,
1770190674718,dev01,843,20.3,68.9,
1770190674934,dev01,493,23.2,57.9,
1770190675135,dev01,616,22.3,63.2,
1770190675335,dev01,983,23.1,57.1,
1770190675550,dev01,702,22.4,41.6,
1770190675751,dev01,1197,27.1,35.6,
1770190675951,dev01,1288,27.4,37.7,
1770190676151,dev01,669,22.9,51.4,
1770190676352,dev01,1272,21.2,50.5,
1770190676552,dev01,1220,27.1,42.4,
1770190676767,dev01,1059,25.5,44,
1770190676969,dev01,1284,25.3,42.2,
1770190677182,dev01,624,27.1,50.6,
1770190677382,dev01,892,24.8,71,
1770190677583,dev01,754,26.3,46.6,
1770190677798,dev01,408,26.2,47.2,
1770190677999,dev01,1121,23,49.1,
1770190678201,dev01,756,22.5,69,
1770190678408,dev01,943,20.6,65.1,
1770190678617,dev01,1042,22.4,43.3,
1770190678831,dev01,890,25.2,63.2,
1770190679032,dev01,414,25,53.2,
1770190679234,dev01,880,22.8,70.5,
1770190679451,dev01,990,26.1,48.5,
1770190679664,dev01,776,22.3,42.5,
1770190679866,dev01,595,26.4,68.5,
1770190680082,dev01,805,27.7,68.3,
1770190680284,dev01,456,27.6,47.5,
1770190680498,dev01,720,25.7,37.3,
1770190680698,dev01,1277,23.1,58.6,
1770190680912,dev01,727,26.1,45.5,
1770190681113,dev01,652,25.9,44.7,
1770190681313,dev01,956,25.6,42.9,
1770190681513,dev01,765,24.5,46.4,
1770190681713,dev01,543,24.7,59.8,
1770190681928,dev01,1283,21.9,55.2,
1770190682129,dev01,1272,20.7,37,
1770190682329,dev01,674,22.8,52.8,
1770190682543,dev01,579,21.3,37.6,
1770190682744,dev01,553,20.4,51.6,
1770190682945,dev01,785,24,54.8,
1770190683160,dev01,520,23.1,39.4,
1770190683363,dev01,1216,20.9,44.1,
1770190683564,dev01,635,27.3,74.1,
1770190683777,dev01,580,25.7,42.4,
1770190683978,dev01,1275,24.8,56.8,
1770190684193,dev01,983,21.8,37.4,
1770190684394,dev01,685,24.6,42.1,
1770190684608,dev01,641,21.1,57.4,
1770190684810,dev01,673,23.5,45,
1770190685012,dev01,740,21.8,42.7,
1770190685227,dev01,1165,23.9,65.9,
1770190685427,dev01,1269,20.3,39.8,
1770190685642,dev01,429,24.2,62.1,
1770190685843,dev01,1292,24.4,46.8,
1770190686059,dev01,1241,21.2,39.3,
1770190686261,dev01,1073,26.8,59.4,
1770190686475,dev01,1014,25,39.5,
1770190686675,dev01,532,23.5,59.3,
1770190686890,dev01,1284,21.5,37.6,
1770190687091,dev01,627,27.3,38.4,
1770190687293,dev01,654,24.4,70.9,
1770190687508,dev01,1117,26.2,59.1,
1770190687708,dev01,818,24.7,54.3,
1770190687908,dev01,1233,25.7,37.9,
1770190688122,dev01,514,20.9,63.5,
1770190688324,dev01,866,23.5,42.1,
1770190688540,dev01,702,25.1,52.8,
1770190688740,dev01,794,24.8,55.9,
1770190688941,dev01,575,24.1,54.9,
1770190689141,dev01,555,27.8,42.4,
1770190689356,dev01,870,26.3,56.8,
1770190689556,dev01,1068,20.8,42.5,
1770190689771,dev01,1089,24.5,63.9,
1770190689972,dev01,925,23,60.5,
1770190690191,dev01,1259,26,40,
1770190690404,dev01,806,23.2,45,
1770190690623,dev01,432,23.9,51.8,
1770190690838,dev01,795,22.9,51.8,
1770190691054,dev01,748,26.5,53.7,
1770190691255,dev01,1039,25.6,45.5,
1770190691456,dev01,1189,22.5,53.3,
1770190691671,dev01,1049,22,51.1,
1770190691871,dev01,1086,26.9,54.3,
1770190692071,dev01,657,22.2,53.7,
1770190692273,dev01,568,21.2,58.9,
1770190692487,dev01,576,23,50.7,
1770190692687,dev01,954,27.4,59,
1770190692902,dev01,769,25.1,61.9,
1770190693103,dev01,670,20.9,66.6,
1770190693303,dev01,576,22.9,61.5,
1770190693503,dev01,1113,20.3,46.3,
1770190693717,dev01,756,24.5,53.6,
1770190693919,dev01,1290,24.8,54.4,
1770190694119,dev01,1029,22.7,53.8,
1770190694334,dev01,605,22.8,44.7,
1770190694535,dev01,632,27.1,36.5,
1770190694735,dev01,1153,22.4,46.7,
1770190694937,dev01,1224,21,43,
1770190695140,dev01,1264,26.9,73.4,
1770190695350,dev01,602,27,67.2,
1770190695551,dev01,407,24.5,53.7,
1770190695755,dev01,888,21.6,64,
1770190695970,dev01,705,24.2,67.8,
1770190696174,dev01,810,23.9,42,
1770190696381,dev01,450,27,60.9,
1770190696593,dev01,643,20.3,56.5,
1770190696799,dev01,645,23.2,52.8,
1770190697003,dev01,433,21.9,64.3,
1770190697218,dev01,471,26.3,43.9,
1770190697418,dev01,911,24.7,56.5,
1770190697620,dev01,655,23.3,48.2,
1770190697821,dev01,921,27.8,57.3,
1770190698033,dev01,765,22.4,37.6,
1770190698233,dev01,832,23.7,51,
1770190698434,dev01,699,21.3,44.3,
1770190698637,dev01,958,24.1,43.6,
1770190698844,dev01,922,25.2,51.5,
1770190699059,dev01,1085,20.1,72.9,
1770190699265,dev01,585,26.4,71,
1770190699467,dev01,541,27.8,39.3,
1770190699671,dev01,727,25,42.1,
1770190699876,dev01,1279,21.3,37.6,
1770190700084,dev01,1206,23.3,38.2,
1770190700293,dev01,826,27.7,74.8,
1770190700500,dev01,1132,27.1,43.5,
1770190700703,dev01,641,23.5,55.1,
1770190700906,dev01,1018,27.8,55.8,
1770190701124,dev01,1111,25.7,43.1,
1770190701343,dev01,894,25,40.3,
1770190701546,dev01,429,24,63.2,
1770190701749,dev01,554,23.3,51.7,
1770190701949,dev01,1254,25.6,74,
1770190702156,dev01,516,20.4,53.2,
1770190702359,dev01,485,23.1,68.8,
1770190702561,dev01,874,20.7,62.9,
1770190702764,dev01,862,25.7,69.5,
1770190702968,dev01,1269,22.3,57.2,
1770190703173,dev01,644,20.7,54.7,
1770190703375,dev01,826,20.3,66,
1770190703579,dev01,635,26.4,59.9,
1770190703780,dev01,561,26,59.7,
1770190703984,dev01,550,21.5,54.2,
1770190704187,dev01,1011,22.6,36.9,
1770190704389,dev01,405,25.6,35.6,
1770190704594,dev01,1008,25,60.6,
1770190704796,dev01,952,27.2,60.5,
1770190704999,dev01,522,24.3,69.5,
1770190705202,dev01,669,20.7,73.3,
1770190705405,dev01,797,23.6,37.7,
1770190705608,dev01,1119,24.6,71.8,
1770190705829,dev01,1019,24,42,
1770190706040,dev01,421,22.3,60.5,
1770190706264,dev01,671,24.4,69.9,
1770190706467,dev01,545,26.6,63.8,
1770190706670,dev01,605,25.8,53.8,
1770190706874,dev01,1104,22.3,57.7,
1770190707077,dev01,631,23.1,52.2,
1770190707280,dev01,634,26.4,42.8,
1770190707483,dev01,1120,24.7,46.3,
1770190707686,dev01,476,20.2,47.4,
1770190707904,dev01,892,25.2,39.4,
1770190708123,dev01,1170,23,47.4,
1770190708328,dev01,853,25.2,48.5,
1770190708528,dev01,1190,24.3,56.9,
1770190708734,dev01,1027,23.8,44,
1770190708939,dev01,532,23.8,66,
1770190709139,dev01,533,20.1,38.7,
1770190709342,dev01,549,26,51.3,
1770190709545,dev01,1219,25.1,61.8,
1770190709748,dev01,984,26.3,40.8,
1770190709953,dev01,1212,23.4,44.3,
1770190710154,dev01,1142,24.7,69.3,
1770190710359,dev01,752,22.9,45.7,
1770190710561,dev01,1026,25.5,38.3,
1770190710767,dev01,496,22.7,69.1,
1770190710979,dev01,924,26.9,52.4,
1770190711186,dev01,651,26.2,60.3,
1770190711390,dev01,1038,25.3,59.6,
1770190711593,dev01,880,22.1,42.8,
1770190711796,dev01,865,21.1,45.7,
1770190711999,dev01,639,27.7,54.8,
1770190712201,dev01,857,21.6,55.7,
1770190712404,dev01,1218,20.4,54.7,
1770190712606,dev01,432,20.3,64.4,
1770190712811,dev01,832,25.1,70.8,
1770190713014,dev01,984,27.3,51,
1770190713218,dev01,1198,20.2,53.1,
1770190713421,dev01,458,21.4,43.7,
1770190713623,dev01,467,22.1,61.2,
1770190713827,dev01,634,27.3,41.6,
1770190714029,dev01,1037,26.1,74.2,
1770190714248,dev01,857,26.1,62.9,
1770190714467,dev01,883,21.2,72.3,
1770190714670,dev01,1289,25.6,74.5,
1770190714875,dev01,1032,27.2,36.1,
1770190715083,dev01,681,20.1,51.2,
1770190715296,dev01,435,26,63.6,
1770190715498,dev01,1205,23.2,68.7,
1770190715702,dev01,476,24.4,60.1,
1770190715906,dev01,1016,24.9,63.4,
1770190716015,dev01,565,22.5,69,
1770190716108,dev01,494,23.2,69.8,
1770190716218,dev01,1116,22.2,72.4,
1770190716310,dev01,1285,24.2,54.5,
1770190716420,dev01,1182,27.1,68.6,
1770190716514,dev01,523,24.6,52.1,
1770190716624,dev01,939,25.3,47.1,
1770190716717,dev01,575,20.8,47.2,
1770190716827,dev01,991,22.7,48.1,
1770190716922,dev01,742,23.8,53.8,
1770190717032,dev01,1247,26.6,56.3,
1770190717124,dev01,1288,23.3,74.3,
1770190717233,dev01,952,21.8,59,
1770190717327,dev01,791,27.9,66.7,
1770190717437,dev01,893,25.9,74.1,
1770190717529,dev01,921,21.3,65.6,
1770190717640,dev01,1299,22,57.7,
1770190717735,dev01,1109,27.5,56.2,
1770190717849,dev01,1187,24.9,41.6,
1770190717948,dev01,1225,24.3,44.9,
1770190718059,dev01,696,22,65.5,
1770190718155,dev01,1056,26.2,63.6,
1770190718264,dev01,1092,27.8,50.4,
1770190718357,dev01,1105,24.6,43,
1770190718465,dev01,572,26,61.9,
1770190718573,dev01,613,21.8,72.2,
1770190718668,dev01,1266,22.3,74.9,
1770190718784,dev01,876,22.4,72.1,
1770190718880,dev01,929,23.2,44.6,
1770190718985,dev01,909,25.1,57.7,
1770190719085,dev01,526,26.1,70.5,
1770190719186,dev01,1078,25.1,57,
1770190719297,dev01,959,24,49.7,
1770190719394,dev01,835,24.6,46.4,
1770190719500,dev01,730,23.4,74.1,
1770190719594,dev01,1269,25.3,52.8,
1770190719704,dev01,1046,24.6,64.7,
1770190719795,dev01,871,20.9,52,
1770190719905,dev01,661,26.4,66.8,
1770190720005,dev01,507,26.2,52.7,
1770190720117,dev01,584,22,56.9,
1770190720217,dev01,705,21.4,44.3,
1770190720326,dev01,1087,24.8,59.7,
1770190720420,dev01,725,20.1,74.5,
1770190720530,dev01,1231,20.4,55.5,
1770190720639,dev01,990,22.1,39.6,
1770190720749,dev01,998,26.5,48.4,
1770190720857,dev01,656,26.2,72,
1770190720968,dev01,738,22.1,37.1,
1770190721076,dev01,1233,25.8,74.6,
1770190721187,dev01,434,25.8,60.9,
1770190721295,dev01,1229,21.3,44.2,
1770190721390,dev01,713,21.6,64.4,
1770190721514,dev01,1243,25.4,44.9,
1770190721593,dev01,474,24.1,58,
1770190721725,dev01,699,26.5,65.6,
1770190721796,dev01,1083,23.9,37.1,
1770190721929,dev01,1269,20.8,52.6,
1770190721997,dev01,956,22.3,51.2,
1770190722132,dev01,575,20,41.2,
1770190722210,dev01,1276,22.3,39.7,
1770190722344,dev01,400,27.3,47.5,
1770190722410,dev01,587,24.2,41.3,
1770190722547,dev01,659,26.3,52.2,
1770190722616,dev01,726,25.8,38.3,
1770190722761,dev01,558,26.1,52.7,
1770190722830,dev01,694,22.7,66.3,
1770190722963,dev01,1029,23.5,36,
1770190723029,dev01,1081,20.2,49.2,
1770190723177,dev01,1034,26.5,55.7,
1770190723245,dev01,820,22.2,46.4,
1770190723379,dev01,505,27.7,55.5,
1770190723446,dev01,1254,26.2,48.6,
1770190723582,dev01,1003,20.4,69.6,
1770190723647,dev01,1184,23.3,61.3,
1770190723797,dev01,1220,24.7,44.5,
1770190723861,dev01,510,24.1,47,
1770190723997,dev01,787,26.5,50.5,
1770190724063,dev01,643,25.5,49.7,
1770190724212,dev01,966,24.2,66.8,
1770190724276,dev01,857,23.3,36.5,
1770190724427,dev01,974,23.3,44.3,
1770190724479,dev01,1203,22.9,47.8,
1770190724628,dev01,572,21.1,66.7,
1770190724693,dev01,1225,23.2,74.5,
1770190724836,dev01,736,26.5,56.9,
1770190724901,dev01,1281,22,49.3,
1770190725045,dev01,505,23.9,41.3,
1770190725108,dev01,965,25.4,44.9,
1770190725250,dev01,626,26.1,71.1,
1770190725311,dev01,937,21.3,36.2,
1770190725458,dev01,513,26.1,47.8,
1770190725516,dev01,917,23.5,56.4,
1770190725659,dev01,1174,26.2,63.4,
1770190725726,dev01,423,26.2,55.3,
1770190725875,dev01,676,26.3,38.8,
1770190725927,dev01,1214,25,53.2,
1770190726075,dev01,628,24.5,65.2,
1770190726142,dev01,1172,27.1,63.6,
1770190726275,dev01,874,25.3,66.4,
1770190726344,dev01,1006,22.4,68.9,
1770190726476,dev01,1040,23.4,56.1,
1770190726558,dev01,822,23.5,52.9,
1770190726690,dev01,602,26.3,36.9,
1770190726761,dev01,663,26.2,43.2,
1770190726891,dev01,1057,22.9,52.7,
1770190726976,dev01,1074,26.3,42.9,
1770190727107,dev01,1293,24.8,48.7,
1770190727176,dev01,678,20.3,57.8,
1770190727318,dev01,735,22.8,60.5,
1770190727377,dev01,929,22.7,40.6,
1770190727523,dev01,896,25,41.8,
1770190727581,dev01,451,20.6,36.8,
1770190727726,dev01,958,27.8,52.6,
1770190727790,dev01,1255,24,64.6,
1770190727940,dev01,456,25.2,38.4,
1770190727989,dev01,979,21.3,55.9,
1770190728143,dev01,620,20.6,49.4,
1770190728191,dev01,786,25.7,62.1,
1770190728362,dev01,1071,21.9,52.4,
1770190728392,dev01,799,27.8,69.3,
1770190728572,dev01,463,27.5,70.5,
1770190728605,dev01,938,21.6,62.5,
1770190728775,dev01,408,25.7,73.5,
1770190728810,dev01,405,26.4,72.4,
1770190728986,dev01,1197,21.9,61.9,
1770190729021,dev01,551,27.6,61.7,
1770190729190,dev01,1127,25.6,55.3,
1770190729223,dev01,418,25.4,41.3,
1770190729400,dev01,495,25.1,57.3,
1770190729427,dev01,634,24.6,71.8,
1770190729603,dev01,429,26.3,57.7,
1770190729643,dev01,462,27.5,65.2,
1770190729804,dev01,1008,27.1,47.9,
1770190729854,dev01,562,22.7,40.6,
1770190730007,dev01,840,23.7,60.9,
1770190730057,dev01,450,25.8,58.4,
1770190730222,dev01,478,22.3,42.1,
1770190730271,dev01,792,25.7,45,
1770190730422,dev01,1247,23.8,50.1,
1770190730475,dev01,899,26.9,54,
1770190730638,dev01,917,26,38.9,
1770190730687,dev01,722,23.9,47.2,
1770190730854,dev01,1111,26.5,43.1,
1770190730891,dev01,818,20.6,66.1,
1770190731058,dev01,631,25.3,64.2,
1770190731105,dev01,685,20.4,73.2,
1770190731271,dev01,1018,20.2,44.9,
1770190731323,dev01,1272,22.7,65.2,
1770190731471,dev01,1160,23.6,54.8,
1770190731523,dev01,1257,21.8,37.3,
1770190731674,dev01,611,27.9,38.4,
1770190731737,dev01,907,25.1,48,
1770190731876,dev01,705,24.6,56.7,
1770190731941,dev01,1266,23.5,41.3,
1770190732077,dev01,674,24.8,44.1,
1770190732154,dev01,647,26.7,63.4,
1770190732286,dev01,526,27.7,64.1,
1770190732354,dev01,487,23.5,52.3,
1770190732487,dev01,1216,20.2,35.1,
1770190732556,dev01,894,27.4,67.2,
1770190732690,dev01,633,25.9,72.9,
1770190732770,dev01,1198,27.3,36.7,
1770190732903,dev01,488,21.5,53.6,
1770190732970,dev01,928,25.1,64.5,
1770190733118,dev01,1239,25.5,49.2,
1770190733172,dev01,468,23.4,39.9,
1770190733320,dev01,603,22,71.5,
1770190733386,dev01,557,23.3,74.6,
1770190733535,dev01,1111,20.9,53.4,
1770190733589,dev01,467,20.7,48.7,
1770190733738,dev01,850,26.7,65.8,
1770190733801,dev01,726,26.7,54.4,
1770190733952,dev01,1252,27.4,66.4,
1770190734002,dev01,1256,24.7,41.9,
1770190734152,dev01,600,24.7,51.3,
1770190734205,dev01,1113,21.5,73.5,
1770190734367,dev01,1163,25.8,59.5,
1770190734419,dev01,1228,25,59.7,
1770190734569,dev01,1026,24.4,52.3,
1770190734621,dev01,947,28,56.4,
1770190734784,dev01,1108,25.2,55.2,
1770190734833,dev01,672,25.9,52.4,
1770190734984,dev01,931,23.7,66.8,
1770190735037,dev01,1066,23.5,72.6,
1770190735199,dev01,1053,26.7,40.9,
1770190735251,dev01,946,25.7,55.5,
1770190735414,dev01,656,23.1,72.4,
1770190735453,dev01,871,24.6,45.8,
1770190735614,dev01,926,22.4,58.1,
1770190735666,dev01,537,22.1,54.6,
1770190735817,dev01,1131,27.6,47.3,
1770190735870,dev01,671,23.8,42.5,
1770190736032,dev01,1199,25.2,38.2,
1770190736084,dev01,402,20.1,68.2,
1770190736234,dev01,427,27.3,35,
1770190736286,dev01,883,20,60.8,
1770190736451,dev01,773,25.4,52.3,
1770190736500,dev01,530,27.3,48.6,
1770190736650,dev01,863,26.8,57.6,
1770190736701,dev01,882,25.4,49.5,
1770190736850,dev01,1084,27.9,69.6,
1770190736916,dev01,424,25.2,70.9,
1770190737051,dev01,1094,21.6,59.4,
1770190737118,dev01,563,24.9,54.1,
1770190737250,dev01,567,22.3,41.5,
1770190737333,dev01,665,24.8,65.5,
1770190737451,dev01,1278,27.7,49,
1770190737548,dev01,550,24.9,39.9,
1770190737666,dev01,815,27.9,46.7,
1770190737752,dev01,540,23.3,55.9,
1770190737882,dev01,1013,23.1,56.4,
1770190737967,dev01,1260,26.5,47.9,
1770190738081,dev01,862,21.9,64.1,
1770190738179,dev01,721,21.7,60.8,
1770190738281,dev01,818,26.3,55.8,
1770190738380,dev01,473,28,64.5,
1770190738483,dev01,910,25.7,37.1,
1770190738581,dev01,712,20.6,66.7,
1770190738684,dev01,1019,21.7,64.5,
1770190738795,dev01,618,23.7,70.9,
1770190738897,dev01,710,25.6,49.5,
1770190738998,dev01,1195,20.4,57,
1770190739113,dev01,963,20.4,69.2,
1770190739199,dev01,1202,24.1,37.9,
1770190739327,dev01,500,24.7,53.7,
1770190739414,dev01,1193,25,40.5,
1770190739531,dev01,1035,26.3,41.5,
1770190739616,dev01,757,26.6,49.5,
1770190739732,dev01,995,26.4,66.3,
1770190739829,dev01,1277,22.8,58.8,
1770190739947,dev01,1049,25,63.1,
1770190740030,dev01,1076,22.8,45.5,
1770190740162,dev01,845,22.4,43.5,
1770190740233,dev01,1118,21.9,40.3,
1770190740364,dev01,573,21.9,54.3,
1770190740447,dev01,620,20.8,53.6,
1770190740563,dev01,1175,20.3,41.5,
1770190740647,dev01,850,20.1,67.4,
1770190740778,dev01,1014,21.6,60,
1770190740862,dev01,631,22.8,67.4,
1770190740980,dev01,742,23.9,61.3,
1770190741062,dev01,1127,21.4,64.2,
1770190741195,dev01,758,27.5,49.8,
1770190741264,dev01,410,23.7,48.2,
1770190741397,dev01,1230,22.4,71.9,
1770190741463,dev01,910,24.1,38.6,
1770190741596,dev01,783,23.2,52.1,
1770190741664,dev01,523,26.8,68.2,
1770190741797,dev01,967,25,69,
1770190741879,dev01,954,21.1,50.9,
1770190742012,dev01,1019,24.4,47.3,
1770190742079,dev01,777,27.3,66.3,
1770190742228,dev01,1102,23.5,70.3,
1770190742283,dev01,1165,23.4,44.9,
1770190742444,dev01,1027,21,61.7,
1770190742496,dev01,602,20.8,37.8,
1770190742645,dev01,984,21.1,73.6,
1770190742697,dev01,1266,24.5,66.2,
1770190742860,dev01,762,27.5,58.3,
1770190742912,dev01,423,22.8,53.2,
1770190743061,dev01,1210,22.3,47,
1770190743113,dev01,950,25.2,60.9,
1770190743261,dev01,518,23.9,62.7,
1770190743328,dev01,656,26.6,41.5,
1770190743476,dev01,826,23.3,46.9,
1770190743528,dev01,808,21.1,71.5,
1770190743677,dev01,1187,26.9,50.5,
1770190743729,dev01,531,24.5,55.6,
1770190743877,dev01,706,23.6,41.5,
1770190743943,dev01,892,23.1,60.3,
1770190744092,dev01,1206,21.7,52.2,
1770190744143,dev01,919,25.4,73.3,
1770190744294,dev01,948,27.1,64.4,
1770190744346,dev01,1110,21.9,60.6,
1770190744493,dev01,870,23.3,59.9,
1770190744560,dev01,922,20.5,73.4,
1770190744694,dev01,405,23,68.6,
1770190744760,dev01,863,22.6,60.7,
1770190744895,dev01,837,23.3,36.4,
1770190744962,dev01,423,20.6,73.2,
1770190745110,dev01,1156,25,65.7,
1770190745161,dev01,1160,27.2,61.2,
1770190745325,dev01,889,23.5,40.3,
1770190745377,dev01,547,21.3,59.9,
1770190745526,dev01,1125,22.4,37.3,
1770190745577,dev01,1219,26,63.8,
1770190745727,dev01,871,23,51.5,
1770190745792,dev01,761,24.6,42.3,
1770190745941,dev01,841,26.8,56.9,
1770190745993,dev01,1124,22.2,67.4,
1770190746142,dev01,530,23.8,64,
1770190746194,dev01,1125,27.6,56.9,
1770190746342,dev01,473,23.9,37.2,
1770190746408,dev01,501,27,53.2,
1770190746543,dev01,1112,27,48.3,
1770190746608,dev01,878,24,56.2,
1770190746758,dev01,478,22.1,61.8,
1770190746808,dev01,452,21.7,47.5,
1770190746975,dev01,657,20,57.3,
1770190747010,dev01,1299,27.2,43.7,
1770190747176,dev01,523,26.5,70.4,
1770190747224,dev01,507,21.4,45.5,
1770190747377,dev01,1156,21.3,44.3,
1770190747426,dev01,670,24.6,41.1,
1770190747590,dev01,1169,26.4,41.3,
1770190747641,dev01,1268,23.4,49.7,
1770190747791,dev01,1232,26.8,58.9,
1770190747842,dev01,783,21.4,39.9,
1770190748005,dev01,868,22.7,46.6,
1770190748057,dev01,1276,20.9,72.3,
1770190748207,dev01,768,26.1,45.6,
1770190748258,dev01,1030,23.5,46.2,
1770190748407,dev01,1042,21.8,63.6,
1770190748473,dev01,1004,21.7,50.6,
1770190748622,dev01,971,23.9,51.5,
1770190748674,dev01,1222,24.9,73.6,
1770190748824,dev01,490,25.8,38.6,
1770190748889,dev01,584,21.6,74.2,
1770190749039,dev01,1242,24,48.9,
1770190749089,dev01,849,21.6,62.8,
1770190749239,dev01,405,23,72.2,
1770190749289,dev01,656,24.1,61.6,
1770190749439,dev01,428,26.4,65.6,
1770190749491,dev01,1189,24.5,48.9,
1770190749639,dev01,960,21.5,50.7,
1770190749691,dev01,1250,24.2,52.3,
1770190749839,dev01,1080,20.7,67.8,
1770190749905,dev01,948,27.5,73.2,
1770190750039,dev01,438,20.3,64.6,
1770190750106,dev01,715,23,50.5,
1770190750253,dev01,1216,22.8,72.4,
1770190750321,dev01,615,23.3,63.7,
1770190750455,dev01,745,23.2,36.6,
1770190750522,dev01,697,25.2,47.6,
1770190750655,dev01,1107,26.4,36.5,
1770190750738,dev01,775,21.4,41.4,
1770190750855,dev01,670,26.3,37.3,
1770190750938,dev01,1227,27.8,38.7,
1770190751070,dev01,685,26.5,37.5,
1770190751139,dev01,834,21.5,35.6,
1770190751271,dev01,1000,24.6,67.8,
1770190751354,dev01,990,24.4,49,
1770190751471,dev01,1058,27.8,64,
1770190751555,dev01,799,24.6,48.9,
1770190751687,dev01,797,21.3,65,
1770190751773,dev01,799,25.4,63,
1770190751887,dev01,499,24.8,63.1,
1770190751986,dev01,1272,22,51.6,
1770190752091,dev01,979,25.7,48,
1770190752186,dev01,717,22.3,68.3,
1770190752304,dev01,895,27.1,49.2,
1770190752386,dev01,640,26.7,73.5,
1770190752519,dev01,415,22.1,36.6,
1770190752587,dev01,544,26,72.8,
1770190752723,dev01,1205,26.7,48.8,
1770190752789,dev01,1012,21.2,70.9,
1770190752933,dev01,799,21.6,44.8,
1770190753003,dev01,922,25.1,42.8,
1770190753136,dev01,753,22.3,44,
1770190753203,dev01,788,24,61.5,
1770190753351,dev01,454,28,35.9,
1770190753421,dev01,427,20.2,40.8,
1770190753552,dev01,450,26.7,60.7,
1770190753620,dev01,1008,27.9,70.5,
1770190753753,dev01,556,21.2,52.5,
1770190753835,dev01,1069,25.2,49.4,
1770190753968,dev01,1116,21.2,44,
1770190754055,dev01,861,22.5,37,
1770190754168,dev01,1091,26.8,35.4,
1770190754270,dev01,427,23.6,58.3,
1770190754369,dev01,680,22.2,60.7,
1770190754480,dev01,529,24.3,57.8,
1770190754583,dev01,1006,20.6,36.7,
1770190754687,dev01,1154,25.8,65.6,
1770190754789,dev01,822,25.6,63,
1770190754888,dev01,920,22.1,68.9,
1770190755003,dev01,962,26,61.2,
1770190755101,dev01,501,21.9,58.7,
1770190755219,dev01,1051,20.5,74.8,
1770190755305,dev01,770,20.3,71.2,
1770190755420,dev01,839,21.5,72.4,
1770190755518,dev01,1233,26.9,47.1,
1770190755635,dev01,1219,24,71,
1770190755720,dev01,587,27.7,53.1,
1770190755836,dev01,1065,20.9,72,
1770190755933,dev01,492,22,49.4,
1770190756051,dev01,905,24.1,47,
1770190756135,dev01,1168,27.4,46.7,
1770190756266,dev01,1206,27.1,68.6,
1770190756351,dev01,903,22.3,46.5,
1770190756467,dev01,916,20.7,55.3,
1770190756553,dev01,1115,23.6,55.5,
1770190756669,dev01,967,27.5,57.8,
1770190756758,dev01,486,25.9,67.8,
1770190756883,dev01,637,27.9,74.6,
1770190756968,dev01,700,22.3,35,
1770190757096,dev01,643,25.4,57.9,
1770190757168,dev01,1195,27.5,69.4,
1770190757313,dev01,571,25.4,67.7,
1770190757385,dev01,1018,27.9,50.9,
1770190757516,dev01,716,23.7,57.5,
1770190757599,dev01,1045,21.7,53,
1770190757717,dev01,861,26.7,45.7,
1770190757801,dev01,609,23.6,40.9,
1770190757918,dev01,587,21.1,64.6,
1770190758015,dev01,1085,26.5,48.8,
1770190758132,dev01,627,20.2,40.1,
1770190758217,dev01,1117,27,50.6,
1770190758333,dev01,416,20.1,73.6,
1770190758420,dev01,1193,22.6,67.5,
1770190758546,dev01,658,21.8,68.4,
1770190758634,dev01,955,20,42,
1770190758747,dev01,870,25.2,67.1,
1770190758835,dev01,787,23.2,56.7,
1770190758950,dev01,403,21.5,56.2,
1770190759037,dev01,1214,26.2,53,
1770190759165,dev01,1299,26.1,39.3,
1770190759256,dev01,1008,24.8,55.4,
1770190759379,dev01,1131,26.7,55.5,
1770190759463,dev01,1038,27.3,71.3,
1770190759579,dev01,1293,21.8,55.7,
1770190759667,dev01,1134,27.7,70.4,
1770190759779,dev01,557,22.9,36.4,
1770190759878,dev01,632,23,69.3,
1770190759980,dev01,1288,21.5,52.5,
1770190760079,dev01,445,20.8,63.9,
1770190760183,dev01,577,24.2,48.2,
1770190760284,dev01,619,24.8,61.6,
1770190760400,dev01,842,26.9,60.9,
1770190760487,dev01,1222,27.1,53.3,
1770190760612,dev01,1300,20.1,50.9,
1770190760693,dev01,833,21.9,54.7,
1770190760812,dev01,806,23.5,54.7,
1770190760899,dev01,1086,21,42.8,
1770190761015,dev01,1256,26.4,45.8,
1770190761100,dev01,470,24.2,62,
1770190761219,dev01,485,27.3,42.9,
1770190761305,dev01,1019,26.8,60.1,
1770190761429,dev01,996,21,69.4,
1770190761513,dev01,1056,20.7,64.8,
1770190761630,dev01,763,24.1,57.5,
1770190761727,dev01,1108,24.6,51.6,
1770190761829,dev01,888,27.6,45.8,
1770190761928,dev01,961,23.6,38.1,
1770190762044,dev01,724,21.6,55.7,
1770190762129,dev01,629,24.4,38.9,
1770190762245,dev01,824,24.3,48.4,
1770190762344,dev01,1136,24.9,42.7,
1770190762445,dev01,596,20.8,54.8,
1770190762558,dev01,416,23.5,52.9,
1770190762645,dev01,900,27.6,63.7,
1770190762759,dev01,434,26.4,61.7,
1770190762859,dev01,806,26.2,37.2,
1770190762965,dev01,1089,27.1,74,
1770190763061,dev01,1222,22.5,50.5,
1770190763177,dev01,788,25.2,62.6,
1770190763276,dev01,537,26.9,41.7,
1770190763391,dev01,887,21.6,37.7,
1770190763479,dev01,1235,20.5,69.1,
1770190763606,dev01,963,21.9,59.4,
1770190763694,dev01,1269,26,43,
1770190763812,dev01,545,22,73,
1770190763909,dev01,579,22.6,59.5,
1770190764012,dev01,691,23.2,65.2,
1770190764109,dev01,903,20.2,59.1,
1770190764227,dev01,540,23,39.4,
1770190764325,dev01,542,21.9,36.3,
1770190764428,dev01,584,26.1,59.8,
1770190764529,dev01,1041,22.3,42.8,
1770190764630,dev01,1280,26.5,73.9,
1770190764742,dev01,1087,20.4,37.6,
1770190764830,dev01,540,27.7,49.5,
1770190764946,dev01,689,24.3,67.7,
1770190765045,dev01,989,20.2,59.5,
1770190765150,dev01,1238,26.6,38.3,
1770190765245,dev01,648,27.1,44,
1770190765360,dev01,1051,21.4,44.9,
1770190765460,dev01,1059,23.2,41.8,
1770190765562,dev01,686,24,43.6,
1770190765661,dev01,950,21.3,46.8,
1770190765766,dev01,869,21.8,71.5,
1770190765860,dev01,744,20.1,66.5,
1770190765971,dev01,434,25.1,40.6,
1770190766062,dev01,562,23.6,35.1,
1770190766177,dev01,612,23.9,37.1,
1770190766261,dev01,1288,23,47.6,
1770190766391,dev01,1066,21.6,37.4,
1770190766476,dev01,784,22.2,73,
1770190766592,dev01,605,22.4,50,
1770190766676,dev01,1238,21.3,35.4,
1770190766796,dev01,1021,21.3,47.1,
1770190766876,dev01,952,27.2,44.8,
1770190767004,dev01,702,20.5,37.6,
1770190767076,dev01,658,22.9,50.4,
1770190767210,dev01,660,20.3,63.4,
1770190767277,dev01,605,24.7,56.7,
1770190767425,dev01,905,26.4,51.9,
1770190767477,dev01,483,25.1,41.4,
1770190767640,dev01,714,24.2,36.2,
1770190767677,dev01,800,20.1,66.1,
1770190767843,dev01,1147,25.7,38.2,
1770190767891,dev01,703,20.4,59.3,
1770190768043,dev01,902,21.1,49.2,
1770190768110,dev01,1299,25.7,53.7,
1770190768258,dev01,709,26.1,68.6,
1770190768310,dev01,1190,26.7,39.7,
1770190768459,dev01,563,27.4,60.6,
1770190768523,dev01,677,21.9,70.9,
1770190768659,dev01,905,21.6,49.7,
1770190768722,dev01,1202,23,42.8,
1770190768874,dev01,1113,25.4,61.6,
1770190768924,dev01,529,25.1,53,
1770190769074,dev01,492,20.2,55.9,
1770190769139,dev01,707,25.7,38.6,
1770190769276,dev01,1242,23.9,63.1,
1770190769340,dev01,407,21.2,72.2,
1770190769490,dev01,1160,26.7,64.8,
1770190769542,dev01,1021,26.6,49.6,
1770190769708,dev01,841,24.9,48.3,
1770190769755,dev01,491,22,59.1,
1770190769922,dev01,820,25.5,45.1,
1770190769970,dev01,1083,23.8,55.6,
1770190770122,dev01,761,26.1,41.1,
1770190770172,dev01,471,20.7,40.1,
1770190770338,dev01,1020,24,72,
1770190770372,dev01,650,27.7,61.2,
1770190770539,dev01,541,22.3,72.1,
1770190770573,dev01,480,25.4,65,
1770190770740,dev01,688,28,47.4,
1770190770773,dev01,924,27.2,43.8,
1770190770956,dev01,829,25.3,40.2,
1770190770974,dev01,813,21.7,48.1,
1770190771155,dev01,1093,27.2,37.7,
1770190771189,dev01,588,27.4,37.3,
1770190771370,dev01,1178,23.3,60.7,
1770190771388,dev01,1028,26,44.3,
1770190771571,dev01,715,23.5,47.7,
1770190771588,dev01,593,22.9,39.6,
1770190771772,dev01,1040,21.1,60,
1770190771790,dev01,516,21.4,60,
1770190771971,dev01,1195,27.6,46.2,
1770190772005,dev01,1032,26,65,
1770190772186,dev01,1227,25.8,71.1,
1770190772219,dev01,1023,23.5,40.6,
1770190772387,dev01,582,26.1,72.7,
1770190772421,dev01,1047,27.4,57.6,
1770190772603,dev01,855,23.1,38.2,
1770190772626,dev01,1181,23.6,46.3,
1770190772803,dev01,740,21.7,65.8,
1770190772836,dev01,768,27.6,67.5,
1770190773003,dev01,1151,20.2,52.1,
1770190773036,dev01,1244,23.1,48.9,
1770190773203,dev01,1176,24.9,43.5,
1770190773250,dev01,769,21.9,52.1,
1770190773403,dev01,986,25.5,36.9,
1770190773452,dev01,1161,23.2,40.7,
1770190773603,dev01,495,26.2,52.5,
1770190773818,dev01,863,20.6,39.2,
1770190774019,dev01,967,21.9,57.9,
1770190774234,dev01,459,23.3,59.3,
1770190774435,dev01,555,21.9,50.4,
1770190774636,dev01,998,25,71.6,
1770190774852,dev01,543,22.4,50.2,
1770190775052,dev01,1218,20.2,71.2,
1770190775267,dev01,1198,21.9,59.2,
1770190775468,dev01,925,21.4,55.5,
1770190775668,dev01,766,27.2,69.6,
1770190775884,dev01,701,27.9,69.5,
1770190776085,dev01,1065,24.2,68.1,
1770190776302,dev01,838,28,51.2,
1770190776517,dev01,716,23.1,42,
1770190776720,dev01,812,27,70,
1770190776933,dev01,583,23.4,45.6,
1770190777149,dev01,495,20.7,73.2,
1770190777349,dev01,1031,27.3,71.7,
1770190777550,dev01,1109,24,68.8,
1770190777757,dev01,1061,27,59.8,
1770190777966,dev01,798,23.6,64,
1770190778182,dev01,915,21.9,53.7,
1770190778383,dev01,431,21.9,56,
1770190778597,dev01,1223,25.8,47.9,
1770190778799,dev01,489,23.7,41,
1770190779014,dev01,964,25.8,62.6,
1770190779214,dev01,730,27.8,69.9,
1770190779416,dev01,1263,27,35.1,
1770190779617,dev01,764,22.2,52.2,
1770190779816,dev01,624,21.8,70.4,
1770190780031,dev01,440,27.1,41.6,
1770190780246,dev01,1285,24.1,44,
1770190780446,dev01,878,25.7,38.7,
1770190780649,dev01,446,21.6,49.8,
1770190780863,dev01,1103,20.4,58.3,
1770190781064,dev01,477,23.9,61.6,
1770190781267,dev01,933,23.8,51.5,
1770190781481,dev01,476,27,67.7,
1770190781698,dev01,713,26.8,50,
1770190781912,dev01,593,24.5,54.7,
1770190782113,dev01,1003,21.9,57.9,
1770190782312,dev01,484,23.2,42.9,
1770190782513,dev01,416,21,52.1,
1770190782714,dev01,435,22.2,69.2,
1770190782928,dev01,977,22.3,40.1,
1770190783143,dev01,750,22.4,72.1,
1770190783345,dev01,560,24.5,56.2,
1770190783547,dev01,574,21.1,60.1,
1770190783746,dev01,612,24.6,54.8,
1770190783961,dev01,639,26.9,55.8,
1770190784177,dev01,983,27.8,62.2,
1770190784377,dev01,1004,22,66.5,
1770190784491,dev01,744,27.9,37.1,
1770190784579,dev01,473,20.5,45.4,
1770190784696,dev01,1282,25.3,44.5,
1770190784779,dev01,1202,22.6,70.5,
1770190784904,dev01,1229,24.6,36.8,
1770190784994,dev01,664,25.9,40,
1770190785111,dev01,615,26.7,60.6,
1770190785209,dev01,1225,25.4,60,
1770190785311,dev01,728,23.4,41.6,
1770190785408,dev01,990,26,72.5,
1770190785527,dev01,843,20.4,38.1,
1770190785609,dev01,994,23.3,50.4,
1770190785728,dev01,915,24,63.8,
1770190785819,dev01,1201,21.9,46,
1770190785928,dev01,980,26.6,42.3,
1770190786028,dev01,716,22.6,62.7,
1770190786142,dev01,941,27.7,59,
1770190786240,dev01,812,27.5,53,
1770190786343,dev01,1144,27.8,46.9,
1770190786441,dev01,949,25.2,61,
1770190786544,dev01,613,26.2,48.7,
1770190786646,dev01,1266,24.4,51.8,
1770190786759,dev01,755,22.5,42.9,
1770190786859,dev01,1046,24.8,74.7,
1770190786973,dev01,930,25.6,44.4,
1770190787060,dev01,985,25.8,49.9,
1770190787175,dev01,1198,20.4,35.9,
1770190787261,dev01,827,27.7,46.7,
1770190787377,dev01,1275,27.8,44.5,
1770190787462,dev01,491,28,69.4,
1770190787577,dev01,526,25.4,72.6,
1770190787675,dev01,707,26.3,63.5,
1770190787787,dev01,590,26,54.9,
1770190787877,dev01,896,25.7,41,
1770190787995,dev01,1026,24.4,70.8,
1770190788079,dev01,841,24.8,71.3,
1770190788208,dev01,605,22.9,65.4,
1770190788282,dev01,733,20.1,44.6,
1770190788408,dev01,449,21.5,43,
1770190788492,dev01,792,21.5,46.5,
1770190788610,dev01,959,26.5,36.2,
1770190788701,dev01,935,22.5,46.5,
1770190788813,dev01,1300,23.8,57.3,
1770190788909,dev01,524,26.8,72.2,
1770190789023,dev01,472,27.2,59.3,
1770190789124,dev01,1212,25.6,41.7,
1770190789225,dev01,1255,21.7,71.3,
1770190789333,dev01,539,23.2,65.6,
1770190789435,dev01,819,26.5,59.4,
1770190789539,dev01,564,24.6,46.9,
1770190789641,dev01,555,23.4,43.4,
1770190789740,dev01,478,23.6,65.2,
1770190789842,dev01,973,24.8,43.9,
1770190789942,dev01,619,20.4,49.7,
1770190790056,dev01,645,20,47.8,
1770190790155,dev01,864,23.8,71.5,
1770190790271,dev01,542,23.5,46.4,
1770190790357,dev01,1109,24,37.6,
1770190790487,dev01,591,27.7,72.2,
1770190790572,dev01,1123,25.6,70.5,
1770190790688,dev01,502,26.4,49.3,
1770190790773,dev01,961,20.2,61.2,
1770190790893,dev01,1234,24.9,69.1,
1770190790974,dev01,839,21.8,70.8,
1770190791105,dev01,1235,25.6,49.7,
1770190791173,dev01,414,24.6,50.7,
1770190791309,dev01,1275,25.2,73.7,
1770190791380,dev01,950,27.2,72.4,
1770190791524,dev01,513,24.3,55.5,
1770190791588,dev01,1106,21.1,36.4,
1770190791738,dev01,521,23,68,
1770190791788,dev01,998,25.7,60,
1770190791953,dev01,1172,26.1,48.1,
1770190791989,dev01,1234,26.9,54.7,
1770190792157,dev01,1054,27.2,44.5,
1770190792189,dev01,1085,21.2,58.7,
1770190792372,dev01,1200,27.9,49.3,
1770190792390,dev01,1117,23,72.7,
1770190792573,dev01,841,21.8,40.4,
1770190792596,dev01,902,24.8,69.5,
1770190792787,dev01,1069,22.8,38.8,
1770190792804,dev01,837,24,62.5,
1770190793000,dev01,1235,25.6,35.4,
1770190793016,dev01,1187,20.3,66.4,
1770190793214,dev01,1248,20.2,65.6,
1770190793230,dev01,688,23.3,59.1,
1770190793416,dev01,897,24.1,56.7,
1770190793432,dev01,1079,25.7,42.4,
1770190793618,dev01,1115,24.8,38.5,
1770190793634,dev01,1274,27.6,37.6,
1770190793823,dev01,716,20.1,64.5,
1770190793845,dev01,708,22.6,43.6,
1770190794024,dev01,439,21.8,58.5,
1770190794053,dev01,1104,27.2,63.1,
1770190794231,dev01,1188,27.9,35.9,
1770190794263,dev01,1020,24,46.9,
1770190794439,dev01,921,22.6,47,
1770190794468,dev01,934,25.3,61.8,
1770190794650,dev01,410,26.7,53.9,
1770190794672,dev01,410,20.9,42,
1770190794861,dev01,1213,23.8,41.8,
1770190794881,dev01,1037,23.7,49.6,
1770190795076,dev01,619,20.3,38.2,
1770190795093,dev01,984,20.5,53.8,
1770190795285,dev01,746,27.6,67.9,
1770190795303,dev01,1038,22.7,35.3,
1770190795501,dev01,512,26.1,61.9,
1770190795504,dev01,1028,23.7,66.5,
1770190795703,dev01,420,25.3,61.5,
1770190795720,dev01,923,25.7,45.1,
1770190795916,dev01,642,21.1,62.6,
1770190795930,dev01,522,25.5,63,
1770190796117,dev01,884,25.4,65.8,
1770190796135,dev01,1147,21,43.9,
1770190796321,dev01,454,20.1,54.4,
1770190796337,dev01,940,26.8,49.3,
1770190796533,dev01,697,26.5,67.8,
1770190796551,dev01,602,24.3,43.2,
1770190796747,dev01,1101,23.6,38.9,
1770190796770,dev01,910,24.5,61.3,
1770190796953,dev01,1049,27.2,40.7,
1770190796984,dev01,961,26.9,55.2,
1770190797155,dev01,1193,24.5,51.1,
1770190797187,dev01,1168,27.6,53.3,
1770190797366,dev01,432,27.2,37.5,
1770190797398,dev01,807,25.1,40.1,
1770190797577,dev01,1249,27,36.9,
1770190797609,dev01,1187,27.6,54.8,
1770190797785,dev01,832,22.6,60.2,
1770190797815,dev01,421,21.2,48.6,
1770190798001,dev01,1083,23,71.3,
1770190798016,dev01,1201,20.7,61.2,
1770190798214,dev01,565,26,64.1,
1770190798239,dev01,509,27.9,61.4,
1770190798426,dev01,481,27,52.9,
1770190798449,dev01,1259,24.1,56.9,
1770190798633,dev01,471,21.3,54.9,
1770190798665,dev01,1267,20.7,72.6,
1770190798843,dev01,1132,24.3,68.5,
1770190798871,dev01,970,21,45.9,
1770190799061,dev01,561,22.3,53.4,
1770190799077,dev01,1140,27.8,55.7,
1770190799280,dev01,916,24.5,64.2,
1770190799280,dev01,805,27.4,66.8,
1770190799498,dev01,609,21,57.8,
1770190799498,dev01,960,22,55.8,
1770190799700,dev01,1193,27.5,41,
1770190799700,dev01,962,27.9,63.6,
1770190799913,dev01,842,27.4,66.7,
1770190799914,dev01,1114,23.6,53.4,
1770190800114,dev01,628,23.3,55.9,
1770190800114,dev01,572,23.7,41.6,
1770190800328,dev01,1225,21.6,52,
1770190800328,dev01,1033,27.1,39.8,
1770190800530,dev01,1193,24.2,58.4,
1770190800530,dev01,1285,20.4,36.5,
1770190800750,dev01,421,27.8,36.5,
1770190800750,dev01,796,24,58.2,
1770190800961,dev01,1109,21,70.2,
1770190800961,dev01,665,24.3,69.7,
1770190801164,dev01,614,27.1,65.5,
1770190801165,dev01,675,20.2,37.5,
1770190801379,dev01,743,26.3,63.3,
1770190801379,dev01,510,21.4,40.9,
1770190801580,dev01,911,22.5,58.8,
1770190801580,dev01,1126,22.1,47.6,
1770190801782,dev01,757,27.5,57.1,
1770190801782,dev01,673,26.2,59.2,
1770190801985,dev01,420,21.3,58.5,
1770190801985,dev01,698,23.5,55.2,
1770190802196,dev01,667,21.2,39.7,
1770190802196,dev01,1252,23.6,48.4,
1770190802409,dev01,640,22.7,73.3,
1770190802409,dev01,927,21.8,55.4,
1770190802639,dev01,1200,23.3,61.4,
1770190802640,dev01,1179,22.8,46.5,
1770190802839,dev01,1108,23.3,71.4,
1770190802854,dev01,488,24.5,49.7,
1770190803047,dev01,842,27.2,53.2,
1770190803077,dev01,1174,25.2,65.2,
1770190803262,dev01,488,21.3,56.7,
1770190803278,dev01,1015,20.6,40.1,
1770190803465,dev01,1120,22.5,38.4,
1770190803493,dev01,682,27.2,50.4,
1770190803670,dev01,874,26.1,45.2,
1770190803711,dev01,542,23.5,54.2,
1770190803876,dev01,1187,23.2,72.7,
1770190803924,dev01,884,21.3,45.4,
1770190804077,dev01,649,26.5,35,
1770190804131,dev01,1093,20.1,63.7,
1770190804278,dev01,565,23.6,39.2,
1770190804341,dev01,969,20.2,74.8,
1770190804483,dev01,1155,26.9,52.1,
1770190804554,dev01,899,27.3,69.2,
1770190804696,dev01,1143,21.9,35.4,
1770190804761,dev01,992,21.2,37.2,
1770190804904,dev01,1074,26.4,64.2,
1770190804966,dev01,462,20.4,45,
1770190805108,dev01,1291,22.1,41.5,
1770190805171,dev01,628,21.4,42.9,
1770190805313,dev01,812,25.6,37.3,
1770190805377,dev01,476,24.5,65.6,
1770190805526,dev01,581,20.5,64.9,
1770190805580,dev01,718,25.8,58.4,
1770190805728,dev01,1264,21.8,71,
1770190805791,dev01,549,22.5,74.5,
1770190805943,dev01,1100,24,64.8,
1770190805992,dev01,1080,20.5,44,
1770190806155,dev01,466,24.5,43.4,
1770190806194,dev01,1050,21.6,47.8,
1770190806356,dev01,924,25.4,54.2,
1770190806395,dev01,750,24.9,67.3,
1770190806561,dev01,631,20.9,45.1,
1770190806597,dev01,590,24.5,49.6,
1770190806760,dev01,576,24,48.9,
1770190806809,dev01,1255,27,49,
1770190806966,dev01,754,21.4,63.9,
1770190807013,dev01,704,24.4,45.3,
1770190807178,dev01,1269,24.5,72.2,
1770190807222,dev01,1214,27.2,73.3,
1770190807404,dev01,772,20.7,67.1,
1770190807436,dev01,864,22,59.3,
1770190807609,dev01,1219,20.8,46.5,
1770190807640,dev01,557,24,50,
1770190807811,dev01,472,27.7,61.9,
1770190807842,dev01,667,22.5,57.5,
1770190808015,dev01,405,22.3,49.1,
1770190808043,dev01,1171,23.2,65.4,
1770190808217,dev01,1000,21.6,53.8,
1770190808247,dev01,983,22.5,72.1,
1770190808421,dev01,921,27,38,
1770190808461,dev01,1095,27.6,73.6,
1770190808630,dev01,725,20.3,39.4,
1770190808675,dev01,880,22.1,41.2,
1770190808840,dev01,627,25.3,44.2,
1770190808887,dev01,592,22.4,59.5,
1770190809039,dev01,1297,27.7,37,
1770190809096,dev01,1101,21.5,70.1,
1770190809249,dev01,496,24.5,43.4,
1770190809297,dev01,1071,26.7,62.6,
1770190809451,dev01,944,27.6,35.2,
1770190809499,dev01,943,20.2,60.3,
1770190809656,dev01,475,23.1,55.1,
1770190809717,dev01,663,22.1,61,
1770190809860,dev01,848,21,50.2,
1770190809936,dev01,635,26.9,61.5,
1770190810061,dev01,1071,24.7,52.9,
1770190810155,dev01,839,23.7,54.8,
1770190810268,dev01,782,23.4,65.3,
1770190810373,dev01,489,26.9,49.9,
1770190810482,dev01,631,27,35.1,
1770190810591,dev01,1006,26.3,71.9,
1770190810703,dev01,532,22.1,37.6,
1770190810792,dev01,1010,22.9,61.2,
1770190810919,dev01,873,22.6,39,
1770190810998,dev01,665,24.6,38.9,
1770190811127,dev01,793,23.8,73.8,
1770190811205,dev01,587,20.4,73.6,
1770190811335,dev01,857,23.3,35.2,
1770190811404,dev01,807,22.1,45.3,
1770190811542,dev01,1249,27.7,59.1,
1770190811606,dev01,588,23.8,43.2,
1770190811753,dev01,796,23.4,38.5,
1770190811811,dev01,705,27.3,67.5,
1770190811966,dev01,1054,24.9,45.8,
1770190812024,dev01,790,24.2,64.6,
1770190812172,dev01,1081,25.1,62.9,
1770190812232,dev01,936,22.2,41.8,
1770190812371,dev01,609,24.8,54.6,
1770190812453,dev01,705,23.7,38.5,
1770190812577,dev01,776,25.5,60.2,
1770190812670,dev01,730,26.6,44.3,
1770190812779,dev01,403,22.5,35.1,
1770190812886,dev01,994,23.6,50.5,
1770190812989,dev01,798,24.1,71.8,
1770190813093,dev01,1195,20.6,59.5,
1770190813200,dev01,1095,26.2,50.2,
1770190813296,dev01,1182,23.7,53.7,
1770190813406,dev01,529,21.1,62.8,
1770190813504,dev01,1125,24.9,45,
1770190813612,dev01,1091,27,71.5,
1770190813718,dev01,698,27.3,63.9,
1770190813813,dev01,1252,27.7,66.1,
1770190813921,dev01,1184,25.5,67.3,
1770190814017,dev01,475,24.3,41.4,
1770190814124,dev01,1261,21.3,42.8,
1770190814232,dev01,1147,21.9,74.7,
1770190814327,dev01,1114,24.1,39.8,
1770190814437,dev01,739,23.5,69.5,
1770190814537,dev01,1222,20,66.8,
1770190814637,dev01,1244,24,64.8,
1770190814740,dev01,1029,20.1,47.9,
1770190814842,dev01,794,20,71.2,
1770190814950,dev01,1225,20.6,59.4,
1770190815045,dev01,758,20.5,72.1,
1770190815155,dev01,431,25.4,64.6,
1770190815253,dev01,944,25.2,36.7,
1770190815356,dev01,868,23.3,47.3,
1770190815467,dev01,460,25.3,42.2,
1770190815563,dev01,1006,21.4,45.7,
1770190815669,dev01,1210,25.1,35.8,
1770190815764,dev01,495,20.9,42.1,
1770190815875,dev01,1246,25.6,45.2,
1770190815968,dev01,901,26.6,60.7,
1770190816077,dev01,444,20.6,62.2,
1770190816170,dev01,717,21.3,46.3,
1770190816291,dev01,670,21.5,43.2,
1770190816375,dev01,654,27.4,54.1,
1770190816499,dev01,845,27.4,41.2,
1770190816579,dev01,1121,27.9,63.4,
1770190816703,dev01,1279,25.9,48.6,
1770190816792,dev01,544,27.4,73.6,
1770190816905,dev01,793,26.1,50.2,
1770190816998,dev01,827,24.9,57.8,
1770190817108,dev01,551,24.3,43.8,
1770190817202,dev01,675,20.7,74.2,
1770190817321,dev01,486,25.4,56.4,
1770190817415,dev01,483,25.4,35.1,
1770190817526,dev01,1288,27.2,63.1,
1770190817624,dev01,1180,20.9,52.8,
1770190817733,dev01,880,21.2,73.1,
1770190817839,dev01,904,27.8,47.9,
1770190817949,dev01,1184,26.4,48.4,
1770190818045,dev01,774,25.9,58.5,
1770190818149,dev01,645,23.1,38,
1770190818250,dev01,480,25.5,40.5,
1770190818352,dev01,911,27,67.1,
1770190818461,dev01,1161,23.2,57.7,
1770190818561,dev01,583,21.2,74.6,
1770190818666,dev01,560,21.8,59.5,
1770190818776,dev01,1138,21.4,59.2,
1770190818874,dev01,1195,25.7,63.7,
1770190818982,dev01,721,23.3,36.8,
1770190819084,dev01,871,25.7,42.4,
1770190819189,dev01,836,22.1,56.3,
1770190819285,dev01,980,27.4,59.2,
1770190819398,dev01,1236,21.3,73.3,
1770190819499,dev01,1150,22.5,45.8,
1770190819609,dev01,605,27.8,71.1,
1770190819717,dev01,1163,23.2,39.3,
1770190819823,dev01,982,20.7,66.4,
1770190819933,dev01,1258,21.9,40.6,
1770190820031,dev01,997,25,39.4,
1770190820144,dev01,947,21.8,47,
1770190820234,dev01,1125,28,61.6,
1770190820350,dev01,759,20.6,65.8,
1770190820443,dev01,1041,21.7,48.1,
1770190820564,dev01,502,26.8,39.1,
1770190820657,dev01,1014,20.6,39.3,
1770190820772,dev01,671,25.3,51.7,
1770190820859,dev01,1151,26.9,71.6,
1770190820985,dev01,1160,26.4,66.5,
1770190821060,dev01,525,24,41.9,
1770190821186,dev01,1058,23.8,66.8,
1770190821266,dev01,674,27.1,39.2,
1770190821390,dev01,1073,24.5,35,
1770190821467,dev01,424,24,66.4,
1770190821591,dev01,502,26.5,46.1,
1770190821680,dev01,792,22,43.6,
1770190821797,dev01,791,24.8,70.6,
1770190821905,dev01,658,26.8,61.1,
1770190822013,dev01,1126,26.1,57.5,
1770190822105,dev01,1084,22.1,52.1,
1770190822215,dev01,802,24.6,44.8,
1770190822313,dev01,1023,24.9,53.4,
1770190822421,dev01,650,27.4,43.5,
1770190822516,dev01,861,24.9,52.6,
1770190822636,dev01,786,20.3,56.4,
1770190822719,dev01,440,20,62.5,
1770190822844,dev01,665,22.4,44,
1770190822930,dev01,425,23.6,57.8,
1770190823048,dev01,901,22.4,74.2,
1770190823142,dev01,703,20.4,35.2,
1770190823261,dev01,797,26.7,35.9,
1770190823344,dev01,1248,24.6,54.6,
1770190823468,dev01,891,25.8,37.3,
1770190823546,dev01,634,24.8,68.6,
1770190823687,dev01,921,26.2,46,
1770190823749,dev01,1042,20,68.8,
1770190823889,dev01,893,21.1,61.1,
1770190823962,dev01,688,24.5,71.6,
1770190824092,dev01,466,27.3,45.5,
1770190824169,dev01,579,20.5,35.1,
1770190824294,dev01,515,24.3,69.6,
1770190824373,dev01,1119,27.4,44.6,
1770190824512,dev01,1043,22.2,41.6,
1770190824574,dev01,1075,26.4,69.3,
1770190824713,dev01,1174,27.3,52.9,
1770190824774,dev01,1232,23.8,40.6,
1770190824915,dev01,709,27.6,51.9,
1770190824977,dev01,524,25.7,66.1,
1770190825127,dev01,981,22.9,59.7,
1770190825195,dev01,658,21.7,54.5,
1770190825333,dev01,809,22.3,49.2,
1770190825421,dev01,586,24.3,68.2,
1770190825545,dev01,528,27.8,48.6,
1770190825634,dev01,529,22.2,54.9,
1770190825749,dev01,962,22.4,52.9,
1770190825845,dev01,460,26.5,58.6,
1770190825968,dev01,520,21.7,67.8,
1770190826057,dev01,657,22.3,52,
1770190826170,dev01,477,27.7,71.8,
1770190826269,dev01,878,20.8,69.8,
1770190826378,dev01,508,25.9,54.1,
1770190826474,dev01,1034,26,41.8,
1770190826583,dev01,1022,23.9,42,
1770190826673,dev01,688,25.7,60,
1770190826796,dev01,712,26.3,39.4,
1770190826875,dev01,550,25.7,43.9,
1770190826999,dev01,1139,24.8,45.5,
1770190827078,dev01,686,24.7,50.2,
1770190827203,dev01,1186,23.1,60.2,
1770190827281,dev01,767,22,59.4,
1770190827405,dev01,635,27.5,69,
1770190827492,dev01,821,24.1,61.9,
1770190827609,dev01,1279,26.5,47.8,
1770190827717,dev01,714,27.1,66.3,
1770190827812,dev01,602,27.5,71.4,
1770190827925,dev01,609,27.4,68.4,
1770190828025,dev01,695,27.2,44.9,
1770190828140,dev01,916,27.9,47.5,
1770190828234,dev01,689,22.6,59.6,
1770190828343,dev01,1068,25.2,60.6,
1770190828452,dev01,987,27.3,62.9,
1770190828557,dev01,466,23.6,42.5,
1770190828666,dev01,1201,20.2,66.5,
1770190828761,dev01,502,24.8,57.5,
1770190828889,dev01,1076,25.9,55.7,
1770190828968,dev01,1222,23,41.3,
1770190829090,dev01,771,20.1,39.2,
1770190829173,dev01,1142,25.3,53.1,
1770190829300,dev01,773,26.3,67.4,
1770190829375,dev01,820,26.9,53.2,
1770190829515,dev01,1039,22.1,69.3,
1770190829590,dev01,1208,21.1,51,
1770190829718,dev01,564,25.7,49.9,
1770190829796,dev01,467,23.4,42.3,
1770190829919,dev01,1261,20.3,57.2,
1770190830010,dev01,569,23.3,46.7,
1770190830126,dev01,1092,26,51.4,
1770190830233,dev01,840,20.6,66.9,
1770190830339,dev01,765,20.8,64.7,
1770190830441,dev01,807,24.9,45.4,
1770190830546,dev01,549,26.4,56.1,
1770190830650,dev01,534,27.3,67.4,
1770190830748,dev01,680,23.2,62.7,
1770190830859,dev01,971,25.9,69.4,
1770190830967,dev01,861,26.3,58.5,
1770190831065,dev01,897,22.6,70.7,
1770190831170,dev01,955,23.1,48.4,
1770190831271,dev01,968,26.3,73.6,
1770190831372,dev01,898,21,46.9,
1770190831499,dev01,1049,22.1,62.7,
1770190831578,dev01,1177,22.6,59.6,
1770190831708,dev01,459,20.3,70.9,
1770190831792,dev01,777,25.5,58.5,
1770190831917,dev01,1040,20.2,35.1,
1770190831996,dev01,1142,25.5,46.5,
1770190832119,dev01,1296,24.9,57.4,
1770190832205,dev01,463,26.6,67.6,
1770190832321,dev01,637,24.5,39.9,
1770190832406,dev01,1215,24.3,37.1,
1770190832534,dev01,1163,26.2,71.7,
1770190832617,dev01,540,27.7,73.2,
1770190832748,dev01,876,24.2,68.4,
1770190832820,dev01,554,20,38.9,
1770190832954,dev01,1149,25.3,47.7,
1770190833022,dev01,1087,21,48.7,
1770190833156,dev01,1037,24.1,72.7,
1770190833233,dev01,999,27.6,48.9,
1770190833367,dev01,727,25.5,60.8,
1770190833436,dev01,407,26.5,48.5,
1770190833572,dev01,1265,21.8,45.4,
1770190833641,dev01,720,26.1,37.1,
1770190833782,dev01,613,24.1,58.6,
1770190833843,dev01,814,26.8,55.5,
1770190833983,dev01,928,24.7,65.5,
1770190834055,dev01,682,20.7,58.4,
1770190834187,dev01,862,21.1,36.1,
1770190834264,dev01,416,23.4,35.2,
1770190834402,dev01,907,26.5,58.5,
1770190834466,dev01,869,25.4,40.7,
1770190834623,dev01,718,23.4,63.7,
1770190834670,dev01,1119,24.8,69.7,
1770190834837,dev01,1183,28,46.7,
1770190834878,dev01,433,27.2,38.8,
1770190835045,dev01,506,20.6,47.6,
1770190835094,dev01,621,22,59.9,
1770190835248,dev01,715,24.6,62.6,
1770190835298,dev01,674,20.1,66.9,
1770190835455,dev01,753,21,45.2,
1770190835498,dev01,727,26.4,47.1,
1770190835657,dev01,721,20.4,44.3,
1770190835702,dev01,502,26.8,63.3,
1770190835857,dev01,1089,21.9,47.4,
1770190835904,dev01,531,23.8,70.6,
1770190836061,dev01,659,23.7,69.1,
1770190836109,dev01,1286,20.9,72.3,
1770190836264,dev01,414,22.7,44,
1770190836316,dev01,1061,22.2,48.9,
1770190836470,dev01,1201,23.2,51.5,
1770190836519,dev01,802,20.9,58.3,
1770190836671,dev01,763,22.3,41.9,
1770190836733,dev01,1072,20,42.4,
1770190836875,dev01,846,24.9,72.6,
1770190836939,dev01,1266,21.7,57.2,
1770190837083,dev01,417,27.4,43.2,
1770190837140,dev01,485,22.2,71.8,
1770190837297,dev01,521,21.3,58.7,
1770190837350,dev01,1056,24.8,56.3,
1770190837499,dev01,837,26.2,66.2,
1770190837568,dev01,599,21.3,39.9,
1770190837702,dev01,1206,20.6,51.9,
1770190837780,dev01,950,23.3,44.4,
1770190837905,dev01,411,24.6,41.7,
1770190837991,dev01,439,24,42,
1770190838125,dev01,474,24.8,41,
1770190838202,dev01,430,20.5,44.1,
1770190838330,dev01,629,21.2,72.7,
1770190838412,dev01,598,21.6,49.9,
1770190838529,dev01,1024,22.4,48.5,
1770190838616,dev01,966,23.2,68.6,
1770190838731,dev01,1299,24,48.2,
1770190838823,dev01,571,26,48.3,
1770190838952,dev01,614,21.3,53.8,
1770190839037,dev01,980,20.5,44.5,
1770190839167,dev01,694,22.9,62.6,
1770190839247,dev01,1186,25.2,54.6,
1770190839376,dev01,929,25,55.2,
1770190839454,dev01,413,22.6,57,
1770190839592,dev01,828,24.5,54.6,
1770190839667,dev01,787,21.5,71.1,
1770190839795,dev01,619,22.7,61.8,
1770190839880,dev01,986,22,48.2,
1770190839999,dev01,826,21.2,59.4,
1770190840093,dev01,1260,23.1,37.2,
1770190840207,dev01,1044,24,48.2,
1770190840298,dev01,1022,20.9,40.9,
1770190840417,dev01,855,20.1,63.5,
1770190840511,dev01,1069,20.3,66.6,
1770190840620,dev01,576,27,36.4,
1770190840718,dev01,1018,26.7,55.9,
1770190840825,dev01,1074,27.7,37.3,
1770190840921,dev01,860,25.3,66,
1770190841031,dev01,730,26.5,35.7,
1770190841126,dev01,784,20.3,60.5,
1770190841232,dev01,699,21.5,66.6,
1770190841327,dev01,1232,20.9,53.7,
1770190841436,dev01,1261,26.4,53.7,
1770190841530,dev01,692,27,52.4,
1770190841646,dev01,1239,23.8,63,
1770190841733,dev01,1041,26,69.6,
1770190841858,dev01,440,21.1,40.2,
1770190841946,dev01,1134,27.9,47.2,
1770190842061,dev01,607,25.2,73.4,
1770190842153,dev01,474,26.8,56,
1770190842276,dev01,532,26.3,44,
1770190842358,dev01,938,24.6,56.8,
1770190842484,dev01,851,26.6,47.2,
1770190842562,dev01,428,26.2,73.6,
1770190842697,dev01,1193,22.4,62.4,
1770190842764,dev01,971,22.7,41.4,
1770190842906,dev01,1050,22.6,74.7,
1770190842983,dev01,767,23,58.4,
1770190843109,dev01,1218,20.4,61.9,
1770190843202,dev01,937,22.1,67.7,
1770190843312,dev01,1270,25.9,63.8,
1770190843412,dev01,547,26.8,73.5,
1770190843522,dev01,998,20,42.5,
1770190843624,dev01,742,22.4,40.7,
1770190843733,dev01,889,22.5,66.7,
1770190843842,dev01,672,24,73.5,
1770190843937,dev01,617,21.4,50.5,
1770190844061,dev01,1106,21.7,60.1,
1770190844140,dev01,459,26.8,48.9,
1770190844263,dev01,894,21.3,40.7,
1770190844344,dev01,417,26.7,43,
1770190844468,dev01,1164,25.4,40.9,
1770190844548,dev01,770,20.7,69.4,
1770190844670,dev01,782,25.3,41.1,
1770190844759,dev01,743,21.6,65.1,
1770190844878,dev01,468,26.8,52.5,
1770190844966,dev01,1117,20.8,49.9,
1770190845092,dev01,778,25.5,63.6,
1770190845179,dev01,524,21.1,49.5,
1770190845298,dev01,1002,25.4,55.2,
1770190845389,dev01,1178,24.1,63.9,
1770190845505,dev01,655,22.1,53,
1770190845593,dev01,1207,20.2,74,
1770190845713,dev01,1274,25.1,49.1,
1770190845793,dev01,1157,26.7,64.8,
1770190845921,dev01,1078,24.2,47.2,
1770190846000,dev01,1097,20.9,59.7,
1770190846123,dev01,615,27.2,59,
1770190846210,dev01,1058,26.6,47.5,
1770190846327,dev01,1066,21.2,59.3,
1770190846412,dev01,538,27.2,57.4,
1770190846538,dev01,1186,26.4,49.3,
1770190846617,dev01,853,21.6,66.4,
1770190846748,dev01,783,20.5,48.5,
1770190846827,dev01,883,20.7,59.6,
1770190846958,dev01,1199,27.5,38.1,
1770190847030,dev01,677,26.1,60.8,
1770190847169,dev01,998,27.1,64,
1770190847234,dev01,612,26.6,64.1,
1770190847375,dev01,453,23.6,42.8,
1770190847442,dev01,441,21.6,35,
1770190847577,dev01,1010,25.6,58.1,
1770190847655,dev01,1141,24.7,59.6,
1770190847782,dev01,1251,26.7,55,
1770190847860,dev01,1029,22.8,46.2,
1770190847984,dev01,756,23.5,60.8,
1770190848075,dev01,487,26,45.5,
1770190848194,dev01,663,24.5,63.1,
1770190848289,dev01,985,22.4,59.8,
1770190848405,dev01,460,20.9,35.9,
1770190848492,dev01,830,23.7,72.5,
1770190848605,dev01,1054,22.7,49.4,
1770190848696,dev01,933,23.5,72.2,
1770190848813,dev01,413,25.4,40.3,
1770190848906,dev01,469,21.3,50.9,
1770190849027,dev01,520,25.7,53.3,
1770190849106,dev01,996,22,46.7,
1770190849235,dev01,930,20.5,59,
1770190849313,dev01,742,22.7,40.8,
1770190849437,dev01,649,24.6,54.1,
1770190849515,dev01,984,26,69,
1770190849639,dev01,1200,24.6,44.7,
1770190849725,dev01,1125,22.5,64.7,
1770190849844,dev01,1047,25.7,60.5,
1770190849935,dev01,1082,24.4,67.7,
1770190850046,dev01,1007,25.1,57.7,
1770190850140,dev01,1129,22.5,56,
1770190850253,dev01,852,23.3,44.8,
1770190850347,dev01,869,26.5,71.1,
1770190850457,dev01,875,23.1,57.1,
1770190850557,dev01,431,26.3,73.6,
1770190850656,dev01,473,22.3,57.1,
1770190850759,dev01,804,26.6,44.6,
1770190850871,dev01,1140,27.7,73.8,
1770190850971,dev01,888,22.5,40.4,
1770190851074,dev01,1037,23.4,55.9,
1770190851171,dev01,817,25.9,59.5,
1770190851274,dev01,1234,25.4,61,
1770190851375,dev01,450,26.3,68.2,
1770190851476,dev01,1006,23,63.3,
1770190851588,dev01,995,24.1,67.4,
1770190851689,dev01,664,27.5,57.1,
1770190851796,dev01,1139,20.3,41.7,
1770190851890,dev01,957,24.4,63.2,
1770190852005,dev01,709,25.3,73.8,
1770190852104,dev01,627,25.9,62,
1770190852207,dev01,791,21,65.5,
1770190852319,dev01,649,27,44.3,
1770190852420,dev01,466,20.2,39.7,
1770190852519,dev01,1101,27.6,35.3,
1770190852635,dev01,672,25.3,39,
1770190852721,dev01,811,23.7,51.9,
1770190852837,dev01,851,25.3,50.5,
1770190852921,dev01,1176,23.1,61.9,
1770190853038,dev01,1254,21.7,50.8,
1770190853122,dev01,805,24.7,50.9,
1770190853252,dev01,913,25.7,51.9,
1770190853338,dev01,1010,23.8,54,
1770190853454,dev01,1213,23.8,66.4,
1770190853554,dev01,883,27.9,59.5,
1770190853669,dev01,1140,23.6,50.9,
1770190853768,dev01,599,26.2,46.1,
1770190853884,dev01,471,26.1,43.2,
1770190853969,dev01,1054,25.6,39.2,
1770190854087,dev01,985,21.3,42.3,
1770190854170,dev01,779,24.9,66.2,
1770190854293,dev01,894,24.1,44.7,
1770190854371,dev01,937,24.7,66.7,
1770190854503,dev01,1065,24.2,66.4,
1770190854572,dev01,881,24.6,39.6,
1770190854702,dev01,676,20.3,38,
1770190854786,dev01,673,26.6,53.8,
1770190854918,dev01,1089,25.9,45.1,
1770190854988,dev01,563,23.5,73,
1770190855119,dev01,1249,23.5,49.6,
1770190855203,dev01,527,23.2,51,
1770190855319,dev01,773,25.8,44.4,
1770190855421,dev01,425,25.7,50.7,
1770190855533,dev01,984,20.2,69.6,
1770190855620,dev01,766,20.1,54,
1770190855736,dev01,563,27.5,72.1,
1770190855834,dev01,954,21.8,40.1,
1770190855936,dev01,723,23.4,58.1,
1770190856049,dev01,1190,20.5,37.2,
1770190856149,dev01,1216,23.7,50.5,
1770190856265,dev01,1271,23.6,74,
1770190856351,dev01,441,24.2,51.2,
1770190856469,dev01,844,26.9,47.4,
1770190856552,dev01,881,23.9,62.2,
1770190856670,dev01,1113,24.6,68.6,
1770190856767,dev01,794,26.3,37.5,
1770190856885,dev01,1247,26,45.2,
1770190856968,dev01,642,21.7,49.1,
1770190857085,dev01,495,24.4,72.5,
1770190857183,dev01,1051,20.7,44.8,
1770190857285,dev01,848,26.2,69.9,
1770190857399,dev01,845,20.8,67.8,
1770190857498,dev01,1077,22.4,42.6,
1770190857602,dev01,956,25.8,43.8,
1770190857699,dev01,814,27.7,72.2,
1770190857816,dev01,514,25.2,70.1,
1770190857903,dev01,573,20.7,68,
1770190858017,dev01,846,26.4,55.8,
1770190858115,dev01,416,24,52.2,
1770190858232,dev01,1292,22.1,66.4,
1770190858317,dev01,762,23.6,62,
1770190858434,dev01,552,24.7,37.7,
1770190858516,dev01,1053,27.3,60.7,
1770190858649,dev01,1042,27.3,49,
1770190858718,dev01,1238,24.4,51.6,
1770190858850,dev01,1001,20.8,39.8,
1770190858933,dev01,802,22.4,65.7,
1770190859050,dev01,795,25.5,49.8,
1770190859147,dev01,642,24.4,59.6,
1770190859265,dev01,900,27.7,41.5,
1770190859351,dev01,1266,25.5,40.9,
1770190859466,dev01,973,25.6,69.7,
1770190859551,dev01,406,22.3,57.4,
1770190859681,dev01,602,21.4,44.2,
1770190859764,dev01,1116,24.8,74.2,
1770190859882,dev01,618,26.4,41.8,
1770190859965,dev01,1056,23.1,41.7,
1770190860083,dev01,978,22.1,69.6,
1770190860180,dev01,488,27.4,35.5,
1770190860301,dev01,916,23.9,66.9,
1770190860381,dev01,874,21.9,36.6,
1770190860514,dev01,1008,27.3,72.7,
1770190860581,dev01,469,24.7,49.3,
1770190860715,dev01,430,21,61.5,
1770190860781,dev01,1025,27,42.4,
1770190860915,dev01,738,27.9,56.9,
1770190861131,dev01,696,24.8,47.8,
1770190861331,dev01,1034,24.7,35.9,
1770190861531,dev01,1044,24.3,48.2,
1770190861746,dev01,1008,21.8,49.8,
1770190861946,dev01,1243,20.5,65.7,
1770190862147,dev01,603,27.5,47.5,
1770190862364,dev01,1299,25.3,54.5,
1770190862565,dev01,438,21.4,50.2,
1770190862764,dev01,1105,27.9,43,
1770190862978,dev01,615,21.3,71.7,
1770190863180,dev01,1185,27.9,45.1,
1770190863379,dev01,1270,21.4,58.9,
1770190863589,dev01,990,22,43.7,
1770190863796,dev01,1172,26.9,67.9,
1770190863997,dev01,1231,25.7,46.8,
1770190864198,dev01,479,22.1,65.4,
1770190864406,dev01,944,25.1,39.7,
1770190864613,dev01,462,20.9,70.8,
1770190864813,dev01,1237,26.7,62.2,
1770190865028,dev01,424,21,59.9,
1770190865243,dev01,562,20.5,40.2,
1770190865445,dev01,972,23,74.4,
1770190865645,dev01,580,25.4,52.5,
1770190865861,dev01,533,21.5,65.2,
1770190866064,dev01,1037,25,64.6,
1770190866277,dev01,1139,25.4,39.7,
1770190866481,dev01,1253,21.4,52.1,
1770190866694,dev01,1102,26.2,61.7,
1770190866909,dev01,437,23.3,35.3,
1770190867110,dev01,460,22.7,67.9,
1770190867324,dev01,746,21.7,58.9,
1770190867525,dev01,581,25.9,44.4,
1770190867740,dev01,1030,26.4,73.4,
1770190867943,dev01,887,25.9,72.5,
1770190900346,dev01,794,26.3,42.7,
1770190900546,dev01,1093,25,49.1,
1770190900747,dev01,1273,23.9,58.4,
1770190900961,dev01,1195,20.6,48,
1770190901164,dev01,437,24.7,74.3,
1770190901377,dev01,617,25.2,52,
1770190901580,dev01,1220,23.2,40.7,
1770190901793,dev01,795,27.1,64.9,
1770190901994,dev01,1032,25.4,60.2,
1770190902195,dev01,791,25.2,63.9,
1770190902395,dev01,527,21.8,51.6,
1770190902595,dev01,1024,20.9,45.1,
1770190902801,dev01,814,20.4,66,
1770190903002,dev01,791,25.1,46.6,
1770190903210,dev01,1225,27.6,61.3,
1770190903423,dev01,527,26.4,36,
1770190903627,dev01,1027,23.9,68.3,
1770190903841,dev01,518,23.8,51.2,
1770190904043,dev01,1157,23.5,60.1,
1770190904243,dev01,800,24,49.4,
1770190904445,dev01,1001,25.1,39.6,
1770190904649,dev01,873,23.5,48.6,
1770190904857,dev01,949,22.6,72.3,
1770190905059,dev01,1124,26.5,59,
1770190905273,dev01,481,26.6,42.7,
1770190905475,dev01,1098,27.2,35.7,
1770190905677,dev01,812,24.3,68.4,
1770190905891,dev01,1252,25.2,67.7,
1770190906093,dev01,415,26.6,40.6,
1770190906292,dev01,804,27.2,55.5,
1770190906498,dev01,1129,25.4,63,
1770190906707,dev01,746,21.8,48.8,
1770190906909,dev01,434,26.5,47.7,
1770190907110,dev01,1159,20.6,69.9,
1770190907323,dev01,446,24.2,42.7,
1770190907539,dev01,956,20.2,62.9,
1770190907740,dev01,833,21.8,70.4,
1770190907941,dev01,870,26.7,41.1,
1770190908156,dev01,623,20.1,65.2,
1770190908359,dev01,1060,25.5,45.5,
1770190908572,dev01,1076,25.2,64.8,
1770190908774,dev01,638,27,48.3,
1770190908975,dev01,445,20.1,47.1,
1770190909187,dev01,865,27.8,73.9,
1770190909388,dev01,1070,24.2,60.1,
1770190909589,dev01,1190,20.2,52.7,
1770190909788,dev01,1198,23.3,47.1,
1770190909989,dev01,558,24.9,46.9,
1770190910194,dev01,855,27.1,49.8,
1770190910402,dev01,1166,20.1,57.3,
1770190910606,dev01,809,24.2,64.9,
1770190910820,dev01,476,20.5,49.3,
1770190911023,dev01,565,22,73.7,
1770190911233,dev01,776,27.8,48.6,
1770190911446,dev01,556,23.8,46.2,
1770190911659,dev01,1162,24.9,67.3,
1770190911872,dev01,681,21.4,62.4,
1770190912083,dev01,1105,22.7,68.2,
1770190912286,dev01,1173,23,37.3,
1770190912495,dev01,1152,21.1,42.4,
1770190912711,dev01,1063,21.6,55,
1770190912914,dev01,1201,22,52.1,
1770190913121,dev01,1262,23.4,39.1,
1770190913338,dev01,487,20.1,45.1,
1770190913551,dev01,728,26.4,44.9,
1770190913766,dev01,916,25,63.8,
1770190913968,dev01,561,28,69.7,
1770190914181,dev01,552,21.7,51.5,
1770190914386,dev01,670,25.3,68.2,
1770190914590,dev01,1100,20.8,72.8,
1770190914800,dev01,567,27.3,63.2,
1770190915015,dev01,838,21.2,47.7,
1770190915217,dev01,1181,26.5,42.1,
1770190915419,dev01,1275,25.9,71.4,
1770190915619,dev01,945,22.8,63.6,
1770190915831,dev01,683,27.1,64.9,
1770190916045,dev01,1206,25.9,38.3,
1770190916251,dev01,462,21.6,48,
1770190916453,dev01,1260,25,52,
1770190916666,dev01,1094,22.2,38.6,
1770190916878,dev01,703,23.5,71,
1770190917079,dev01,522,24.5,39.3,
1770190917280,dev01,470,21.2,52.9,
1770190917495,dev01,1153,21.1,42.4,
1770190917709,dev01,479,26.6,56.4,
1770190917915,dev01,891,24.5,60.1,
1770190918115,dev01,501,25.7,43.7,
1770190918328,dev01,1257,22.8,38.6,
1770190918531,dev01,1111,27.9,35.3,
1770190918734,dev01,1103,21.5,70.8,
1770190918946,dev01,765,26.8,42.4,
1770190919146,dev01,965,21.5,57.8,
1770190919349,dev01,1148,24.9,46.3,
1770190919555,dev01,1050,22.6,67.7,
1770190919761,dev01,1093,22.1,64.8,
1770190919966,dev01,923,23.7,37.2,
1770190920176,dev01,419,20.3,57.2,
1770190920391,dev01,777,22.8,59,
1770190920596,dev01,886,20.6,56.7,
1770190920811,dev01,449,26,53.4,
1770190921025,dev01,476,22.3,43.8,
1770190921228,dev01,1158,22.4,64.3,
1770190921431,dev01,1227,22.8,70.2,
1770190921644,dev01,611,23,68,
1770190921862,dev01,662,22.2,62.4,
1770190922065,dev01,700,23.6,74.3,
1770190922278,dev01,932,20.1,50.1,
1770190922479,dev01,742,24.4,54.9,
1770190922695,dev01,1086,24.9,60.4,
1770190922908,dev01,694,22.3,62.1,
1770190923121,dev01,499,24.9,43.1,
1770190923327,dev01,802,24.5,41.4,
1770190923527,dev01,1157,27.7,60,
1770190923738,dev01,1138,25.3,35.4,
1770190923941,dev01,433,21.3,59,
1770190924151,dev01,851,23.4,40.6,
1770190924358,dev01,937,25,36.7,
1770190924560,dev01,800,21.2,63.9,
1770190924776,dev01,900,23.7,55.8,
1770190924977,dev01,1283,27.5,71.2,
1770190925178,dev01,561,24,41.6,
1770190925391,dev01,705,20.3,50.8,
1770190925607,dev01,1040,27.4,55.3,
1770190925820,dev01,738,24.4,64.5,
1770190926025,dev01,953,26.6,50.2,
1770190926241,dev01,421,20.6,39.9,
1770190926455,dev01,868,23.9,56.2,
1770190926656,dev01,473,21.2,66.8,
1770190926857,dev01,1251,20.6,66.9,
1770190927073,dev01,1089,22.2,57.3,
1770190927287,dev01,406,22.8,39.9,
1770190927490,dev01,761,24.9,65.2,
1770190927706,dev01,969,25.7,71.2,
1770190927906,dev01,1255,20.3,47.2,
1770190928122,dev01,710,26.2,40.2,
1770190928335,dev01,402,27.9,48.2,
1770190928549,dev01,1025,21.7,55.1,
1770190928754,dev01,705,20.5,47.5,
1770190928957,dev01,737,20.8,53.5,
1770190929169,dev01,1213,21.3,60.1,
1770190929370,dev01,1018,20.3,40.5,
1770190929573,dev01,1255,24.3,55.6,
1770190929787,dev01,1055,27.6,63.5,
1770190930000,dev01,859,26.7,40.7,
1770190930201,dev01,1197,26.1,74.1,
1770190930405,dev01,483,28,35.9,
1770190930605,dev01,957,22,66.7,
1770190930820,dev01,1154,27.7,63.3,
1770190931034,dev01,981,22.3,60.3,
1770190931234,dev01,1138,22.7,45.4,
1770190931437,dev01,407,21.7,73.3,
1770190931637,dev01,1098,26.3,62.3,
1770190931850,dev01,1270,26.2,69.3,
1770190932053,dev01,445,22.3,59.4,
1770190932261,dev01,915,20.3,63.6,
1770190932469,dev01,707,21.7,59,
1770190932684,dev01,976,26.5,66.4,
1770190932886,dev01,504,28,41.4,
1770190933096,dev01,1191,25.2,56.5,
1770190933302,dev01,1106,26.1,35.8,
1770190933516,dev01,1283,27.1,49,
1770190933732,dev01,1013,27.5,64.9,
1770190933944,dev01,1150,25.7,50.7,
1770190934151,dev01,674,24.3,74.3,
1770190934352,dev01,522,25.8,55,
1770190934554,dev01,502,24.4,64.8,
1770190934765,dev01,729,24,38.9,
1770190934967,dev01,932,21.7,51.3,
1770190935166,dev01,1003,25.3,72.1,
1770190935382,dev01,693,25.5,74.4,
1770190935584,dev01,1214,23.1,53.5,
1770190935785,dev01,1025,21.2,39.2,
1770190935984,dev01,1250,20.9,52.7,
1770190936201,dev01,1299,20.8,36.7,
1770190936413,dev01,492,26.3,65,
1770190936616,dev01,1247,27,38.8,
1770190936816,dev01,957,20.8,73.3,
1770190937031,dev01,913,23.4,49.4,
1770190937245,dev01,790,20.9,57.3,
1770190937447,dev01,598,22.9,36.9,
1770190937649,dev01,666,25.3,67.8,
1770190937863,dev01,1021,21.6,64.3,
1770190938077,dev01,920,20.4,44.1,
1770190938283,dev01,611,20.2,61,
1770190938497,dev01,574,20.5,64.1,
1770190938712,dev01,1027,22.9,61.1,
1770190938914,dev01,913,26.2,50.8,
1770190939122,dev01,1154,26.8,49.6,
1770190939330,dev01,1067,22.9,41.3,
1770190939530,dev01,1153,26.8,54.2,
1770190939731,dev01,461,23.5,40.7,
1770190939943,dev01,814,21,59.4,
1770190940144,dev01,1162,24.5,49.8,
1770190940347,dev01,997,24.6,52.2,
1770190940547,dev01,570,24.6,56.7,
1770190940762,dev01,1250,21.7,39.8,
1770190940963,dev01,673,24.8,65.3,
1770190941171,dev01,710,26.7,73,
1770190941378,dev01,446,23.5,71.9,
1770190941597,dev01,596,20.6,63.8,
1770190941808,dev01,594,21.7,56.3,
1770190942011,dev01,870,22.3,53.6,
1770190942213,dev01,1170,21.2,57.9,
1770190942426,dev01,797,23.1,54.3,
1770190942627,dev01,1210,20.4,65.5,
1770190942827,dev01,466,24.4,64.6,
1770190943029,dev01,620,25.1,37.8,
1770190943243,dev01,440,22.9,67.3,
1770190943459,dev01,584,25.5,52.5,
1770190943661,dev01,649,22.8,68.9,
1770190943870,dev01,510,25.8,50.2,
1770190944077,dev01,535,25.6,36.2,
1770190944294,dev01,814,23.4,49.4,
1770190944506,dev01,1208,26,53.1,
1770190944721,dev01,686,23.5,47.6,
1770190944926,dev01,812,20.9,59.9,
1770190945139,dev01,802,27.6,69,
1770190945340,dev01,941,26.8,49.5,
1770190945539,dev01,866,25.3,35.8,
1770190945749,dev01,609,28,55.7,
1770190945958,dev01,768,26.3,35.8,
1770190946171,dev01,554,27.3,65.5,
1770190946375,dev01,764,22.1,55.4,
1770190946576,dev01,613,21.4,59.5,
1770190946791,dev01,629,21.5,67.9,
1770190946991,dev01,936,27.7,72.2,
1770190947202,dev01,559,26.6,63.8,
1770190947417,dev01,438,25.3,67.3,
1770190947623,dev01,1152,21.2,45.4,
1770190947837,dev01,1090,20.4,72,
1770190948054,dev01,1058,27.4,37.5,
1770190948257,dev01,423,28,50.2,
1770190948471,dev01,838,24,46.6,
1770190948672,dev01,882,28,72.5,
1770190948885,dev01,1209,24.2,50.6,
1770190949088,dev01,529,27.1,62,
1770190949289,dev01,732,25.7,71.5,
1770190949490,dev01,624,22.2,51.5,
1770190949707,dev01,455,24,36.3,
1770190949918,dev01,432,20.5,35.9,
1770190950122,dev01,743,23.9,53.4,
1770190950322,dev01,567,21.6,68.8,
1770190950536,dev01,1192,23.4,44.7,
1770190950751,dev01,1173,24.4,52.4,
1770190950953,dev01,1253,20.5,51.5,
1770190951157,dev01,500,26.3,53.7,
1770190951369,dev01,1227,23.5,61.9,
1770190951570,dev01,435,24.3,42.3,
1770190951771,dev01,1259,22.6,43.1,
1770190951972,dev01,713,21.8,49.7,
1770190952171,dev01,460,20.7,50.2,
1770190952385,dev01,1201,25.2,40,
1770190952586,dev01,734,23.6,71,
1770190952798,dev01,859,22,40.9,
1770190953004,dev01,511,25.1,70.6,
1770190953219,dev01,863,21,49.1,
1770190953433,dev01,1030,25.2,40.2,
1770190953649,dev01,836,27,49.3,
1770190953852,dev01,462,21,37.1,
1770190954066,dev01,873,20.7,64.3,
1770190954281,dev01,460,22.3,74.1,
1770190954484,dev01,668,23.7,62.9,
1770190954700,dev01,635,26.2,45.9,
1770190954902,dev01,678,22.1,69.2,
1770190955115,dev01,1065,27.1,67.4,
1770190955330,dev01,1244,21.6,44,
1770190955543,dev01,711,21.7,69.5,
1770190955750,dev01,533,26.1,41.2,
1770190955951,dev01,1084,27.8,65.1,
1770190956165,dev01,1087,20,68.6,
1770190956366,dev01,740,20.9,67.4,
1770190956567,dev01,1173,27.9,57,
1770190956782,dev01,884,23.7,40.1,
1770190956996,dev01,667,25.7,52.9,
1770190957198,dev01,698,26.4,54.9,
1770190957399,dev01,677,22.2,40.5,
1770190957600,dev01,1282,26.7,37.9,
1770190957814,dev01,596,22.9,74.8,
1770190958027,dev01,715,25.8,46.7,
1770190958233,dev01,574,25.4,73.5,
1770190958448,dev01,892,23.6,36,
1770190958649,dev01,414,23.4,61.3,
1770190958861,dev01,488,26.5,67.5,
1770190959062,dev01,871,24.5,35.4,
1770190959265,dev01,1242,21.2,66,
1770190959479,dev01,1277,21.8,59.3,
1770190959691,dev01,1280,24.7,47.8,
1770190959896,dev01,606,24.7,42.6,
1770190960096,dev01,787,21.1,66.8,
1770190960306,dev01,1111,25.5,67.1,
1770190960515,dev01,1088,25.4,46,
1770190960717,dev01,673,21.6,55.3,
1770190960917,dev01,1040,23.5,41,
1770190961130,dev01,436,27.3,38.5,
1770190961342,dev01,809,24.9,74.7,
1770190961549,dev01,747,20.9,53.5,
1770190961750,dev01,907,20.4,49.5,
1770190961964,dev01,1028,25.4,54.1,
1770190962178,dev01,440,24.9,41.5,
1770190962378,dev01,1252,24.3,41.6,
1770190962582,dev01,1120,27.9,52.7,
1770190962793,dev01,1010,27.2,36.2,
1770190963009,dev01,424,20.7,38.8,
1770190963215,dev01,1095,21.8,55.5,
1770190963428,dev01,762,27,36,
1770190963643,dev01,747,25.8,51.3,
1770190963845,dev01,1004,26.2,39.5,
1770190964058,dev01,930,22.5,38.3,
1770190964261,dev01,1175,25.3,36.2,
1770190964461,dev01,1060,24.2,44.9,
1770190964663,dev01,451,20.3,39,
1770190964864,dev01,432,26.8,41.5,
1770190965063,dev01,1272,26.5,55.8,
1770190965278,dev01,835,27.1,45.1,
1770190965491,dev01,1272,24.1,74.1,
1770190965692,dev01,843,20.5,61.6,
1770190965852,dev01,652,24.4,49.4,
1770190965894,dev01,718,20.5,65.2,
1770190966066,dev01,446,27.4,58,
1770190966095,dev01,1090,27.2,69.8,
1770190966273,dev01,1003,20.1,45,
1770190966296,dev01,766,23.9,49.7,
1770190966490,dev01,537,23.1,72.8,
1770190966497,dev01,1029,27.8,64.4,
1770190966701,dev01,922,20.4,48,
1770190966707,dev01,877,26.4,36.1,
1770190966910,dev01,498,22.6,53,
1770190966904,dev01,1109,20.4,69.1,
1770190967112,dev01,521,23.2,58.9,
1770190967106,dev01,412,21.7,44,
1770190967321,dev01,562,20.5,69.4,
1770190967315,dev01,570,20.5,66.8,
1770190967527,dev01,738,21.9,63.2,
1770190967522,dev01,1141,25.5,37.9,
1770190967736,dev01,928,26.9,47.5,
1770190967741,dev01,1043,25.2,41,
1770190967938,dev01,481,24.8,51,
1770190967944,dev01,523,26,55.8,
1770190968145,dev01,1054,23.5,70.3,
1770190968140,dev01,496,24.5,68.7,
1770190968354,dev01,1158,26.4,69.1,
1770190968359,dev01,796,24.9,62,
1770190968562,dev01,742,25.9,44.4,
1770190968557,dev01,1036,24.4,62.6,
1770190968778,dev01,1129,24.7,54.2,
1770190968773,dev01,1002,26.2,45.1,
1770190968980,dev01,895,24.2,64.5,
1770190968974,dev01,639,27.4,70.6,
1770190969192,dev01,469,20.5,59.4,
1770190969187,dev01,842,23.6,67.3,
1770190969395,dev01,1071,20.2,67.1,
1770190969391,dev01,485,20.3,44.5,
1770190969594,dev01,1246,23.9,62.2,
1770190969599,dev01,566,24.1,52.8,
1770190969810,dev01,1177,27.1,49,
1770190969804,dev01,1273,21.2,74.6,
1770190970007,dev01,904,26.7,52.7,
1770190970012,dev01,405,25.5,67.3,
1770190970218,dev01,717,27.3,37.4,
1770190970224,dev01,687,21.8,45.1,
1770190970419,dev01,1157,26.7,73.8,
1770190970424,dev01,649,27.4,64.8,
1770190970626,dev01,746,23.6,38.1,
1770190970621,dev01,486,20.4,69,
1770190970830,dev01,996,20.6,71.6,
1770190970825,dev01,1077,25.5,53.1,
1770190971030,dev01,876,24.3,52.1,
1770190971035,dev01,440,24,57.8,
1770190971235,dev01,641,25.2,47,
1770190971240,dev01,747,23.2,71.4,
1770190971444,dev01,1184,20.5,56.2,
1770190971439,dev01,1269,20.2,46.7,
1770190971649,dev01,987,21,45.2,
1770190971654,dev01,1131,25.4,56.5,
1770190971857,dev01,1178,26,72.8,
1770190971852,dev01,603,26.5,54.8,
1770190972061,dev01,583,21.4,62,
1770190972055,dev01,919,23.3,39.6,
1770190972256,dev01,557,21.6,58.2,
1770190972262,dev01,954,21.1,68.7,
1770190972475,dev01,1072,22.9,38,
1770190972470,dev01,1157,24.4,52.1,
1770190972672,dev01,1101,24.9,66.1,
1770190972677,dev01,1252,27.5,71.9,
1770190972878,dev01,1036,27.9,60.8,
1770190972883,dev01,571,24.5,62.7,
1770190973083,dev01,718,26.5,47.2,
1770190973085,dev01,677,24.8,55.6,
1770190973288,dev01,1074,26.7,74,
1770190973309,dev01,1033,21.2,73.8,
1770190973488,dev01,592,25,63.3,
1770190973525,dev01,1265,24.3,73.6,
1770190973690,dev01,1129,21.6,39.3,
1770190973731,dev01,648,22,71,
1770190973904,dev01,649,27.3,64.9,
1770190973933,dev01,753,25,37.6,
1770190974104,dev01,443,26.7,55.1,
1770190974136,dev01,1185,26.6,44.5,
1770190974319,dev01,595,25,58,
1770190974349,dev01,1181,26.2,49.5,
1770190974520,dev01,718,21.2,56.7,
1770190974551,dev01,1277,27.2,70.1,
1770190974722,dev01,1218,27,52.8,
1770190974765,dev01,834,24.1,65.3,
1770190974929,dev01,756,20.5,46.7,
1770190974965,dev01,1080,23.9,73.5,
1770190975137,dev01,681,22.8,60.6,
1770190975165,dev01,530,20.6,65,
1770190975353,dev01,424,20.8,72.1,
1770190975366,dev01,611,20.1,46.5,
1770190975554,dev01,925,25.1,53,
1770190975581,dev01,671,21.8,35.3,
1770190975756,dev01,492,21.2,51.7,
1770190975782,dev01,1107,27.6,64.2,
1770190975969,dev01,871,26.7,64.4,
1770190975997,dev01,1189,27.9,44.7,
1770190976185,dev01,557,27.1,56,
1770190976203,dev01,998,20.1,61,
1770190976386,dev01,826,25.1,50.7,
1770190976415,dev01,1244,27.8,38,
1770190976602,dev01,1261,25.9,60.2,
1770190976632,dev01,929,23.2,60.8,
1770190976806,dev01,950,22.1,51.1,
1770190976846,dev01,444,26.1,54.2,
1770190977018,dev01,749,23.2,46.6,
1770190977061,dev01,1088,27.1,47.5,
1770190977219,dev01,537,20.8,51.1,
1770190977263,dev01,866,26,46.2,
1770190977434,dev01,767,26.9,69.2,
1770190977637,dev01,1030,24,74.4,
1770190977850,dev01,924,26,38.9,
1770190978051,dev01,825,22.1,49.1,
1770190978266,dev01,571,20.7,46.2,
1770190978467,dev01,494,20.4,67.4,
1770190978669,dev01,956,21.9,46.7,
1770190978883,dev01,1171,26.2,53.7,
1770190979084,dev01,556,24.2,39,
1770190979298,dev01,713,20.2,70.4,
1770190979500,dev01,839,24.6,37.9,
1770190979700,dev01,719,26.5,66.8,
1770190979915,dev01,452,25.5,43,
1770190980117,dev01,1121,26.6,44.6,
1770190980319,dev01,708,25.7,36.9,
1770190980532,dev01,604,24.3,37.5,
1770190980732,dev01,1018,21.9,46.7,
1770190980937,dev01,969,23.7,50.7,
1770190981149,dev01,649,23.8,40.4,
1770190981349,dev01,587,27.3,63.9,
1770190981549,dev01,463,24.5,74.4,
1770190981764,dev01,845,26.8,48.9,
1770190981965,dev01,891,27.5,58.5,
1770190982165,dev01,1138,20.1,47.4,
1770190982381,dev01,997,22.2,51.5,
1770190982595,dev01,659,23.5,42.3,
1770190982798,dev01,836,22.7,41.3,
1770190983013,dev01,1271,27.7,73.2,
1770190983213,dev01,1128,26.5,73.2,
1770190983429,dev01,936,23.8,36.4,
1770190983633,dev01,615,23.9,51.6,
1770190983845,dev01,1065,23.7,64,
1770190984049,dev01,679,23.8,58.5,
1770190984264,dev01,585,21.5,53.5,
1770190984479,dev01,1143,26.8,74.1,
1770190984681,dev01,534,24.2,65.3,
1770190984884,dev01,641,22.8,56.3,
1770190985097,dev01,570,22.9,56.1,
1770190985298,dev01,1280,22.5,45,
1770190985513,dev01,1201,22.8,65.9,
1770190985728,dev01,449,27.3,72.3,
1770190985933,dev01,914,20.4,52.8,
1770190986133,dev01,1169,23.4,62.4,
1770190986345,dev01,1284,28,37.4,
1770190986562,dev01,562,25.5,70.6,
1770190986763,dev01,927,21,61.4,
1770190986977,dev01,806,25.6,59.1,
1770190987179,dev01,854,25,60.9,
1770190987394,dev01,618,20.6,47,
1770190987610,dev01,1063,25.5,58.2,
1770190987825,dev01,752,20.6,67,
1770190988026,dev01,1131,23.8,47.3,
1770190988228,dev01,1234,22.6,45.8,
1770190988429,dev01,818,22.2,67.5,
1770190988641,dev01,1100,20.7,50.8,
1770190988844,dev01,1265,23.7,58.5,
1770190989044,dev01,647,22,39.8,
1770190989258,dev01,416,24.2,43.8,
1770190989473,dev01,736,21.3,63.2,
1770190989674,dev01,1169,21.1,41.5,
1770190989874,dev01,406,26,53.6,
1770190990074,dev01,865,21,60,
1770190990290,dev01,804,26.9,35.9,
1770190990492,dev01,990,26.7,56.8,
1770190990691,dev01,992,27.2,48.4,
1770190990907,dev01,1209,20.6,63.5,
1770190991107,dev01,1074,27.7,70,
1770190991307,dev01,561,20.8,40.3,
1770191003797,dev01,603,23.5,60.9,
1770191003997,dev01,1105,27.7,57.7,
1770191004212,dev01,1294,23.3,54.6,
1770191004413,dev01,903,20.9,35.7,
1770191004614,dev01,894,26.5,39.4,
1770191004830,dev01,671,20.7,73.8,
1770191005031,dev01,901,21.9,58.8,
1770191005236,dev01,977,22.1,66.7,
1770191005444,dev01,1002,23.5,68.8,
1770191005645,dev01,721,24,61.7,
1770191005846,dev01,434,21.9,36.3,
1770191006048,dev01,514,25.4,60.1,
1770191006262,dev01,653,22.1,67.9,
1770191006476,dev01,990,24.4,49.2,
1770191006677,dev01,937,25.7,48.1,
1770191006884,dev01,802,26,65.2,
1770191007084,dev01,457,24.3,60.3,
1770191007293,dev01,799,22.2,55.4,
1770191007507,dev01,924,21.6,58.7,
1770191007708,dev01,802,22.9,37.3,
1770191007911,dev01,568,23.9,61.9,
1770191008111,dev01,1149,27.3,53.5,
1770191008313,dev01,518,26.5,41.1,
1770191008526,dev01,1231,23.6,37.4,
1770191008729,dev01,775,20.9,49.7,
1770191008942,dev01,797,26.2,46.9,
1770191009155,dev01,808,24.5,67,
1770191009362,dev01,901,21.4,67.3,
1770191009575,dev01,527,23.1,56.7,
1770191009777,dev01,585,24.6,71,
1770191009991,dev01,1107,26.8,62.9,
1770191010205,dev01,484,26.1,46.8,
1770191010408,dev01,997,20.9,66.6,
1770191010608,dev01,936,23.3,37.3,
1770191010810,dev01,1046,22.9,52.4,
1770191011023,dev01,671,26.8,51.6,
1770191011224,dev01,465,26.2,58.7,
1770191011426,dev01,1107,20.8,67.6,
1770191011635,dev01,742,24.6,48.2,
1770191011840,dev01,951,25.3,70.9,
1770191012050,dev01,1164,24.8,52.7,
1770191012264,dev01,860,20.3,70.3,
1770191012471,dev01,794,24.5,42,
1770191012675,dev01,640,23.7,44.7,
1770191012888,dev01,631,22.5,38.3,
1770191013093,dev01,1089,24,67.7,
1770191013300,dev01,821,22.6,45.4,
1770191013506,dev01,815,25.8,48.2,
1770191013719,dev01,1197,24.4,72.8,
1770191013921,dev01,747,24,59.7,
1770191014124,dev01,921,27.3,54.2,
1770191014338,dev01,761,20.1,52.2,
1770191014546,dev01,436,23.7,44.7,
1770191014749,dev01,488,26.2,70.4,
1770191014949,dev01,599,27.2,51.6,
1770191015155,dev01,705,27.3,49.1,
1770191015356,dev01,954,23.4,70.5,
1770191015556,dev01,1093,21,39,
1770191015757,dev01,917,21.3,57.6,
1770191015961,dev01,904,21.8,71.2,
1770191016168,dev01,778,21.1,41.4,
1770191016372,dev01,879,21.6,69.6,
1770191016593,dev01,715,20.1,52,
1770191016811,dev01,546,26.5,54.9,
1770191017029,dev01,871,27.2,52.2,
1770191017233,dev01,1262,20.9,68.1,
1770191017444,dev01,1056,20.6,64.9,
1770191017655,dev01,822,26.5,65.1,
1770191017869,dev01,515,22.6,37.9,
1770191018084,dev01,841,21.2,51.6,
1770191018300,dev01,446,20.2,47,
1770191018501,dev01,939,20.5,62.2,
1770191018704,dev01,606,22.8,68.3,
1770191018918,dev01,1111,26,47.1,
1770191019124,dev01,703,25.6,43.9,
1770191019335,dev01,776,26.9,59.3,
1770191019545,dev01,1240,24.6,61.4,
1770191019750,dev01,579,20.2,41.9,
1770191019952,dev01,695,25.9,49.4,
1770191020162,dev01,475,21.9,47.5,
1770191020374,dev01,928,25.5,60.9,
1770191020573,dev01,840,27.9,62.3,
1770191020782,dev01,978,20.9,45.3,
1770191020994,dev01,942,25.9,51.4,
1770191021201,dev01,1145,24.8,42.3,
1770191021411,dev01,792,27.2,70,
1770191021616,dev01,445,22.8,53.8,
1770191021829,dev01,1223,23.5,48.7,
1770191022031,dev01,515,26.1,67.2,
1770191022246,dev01,995,20.2,69.4,
1770191022452,dev01,873,20.6,52,
1770191022655,dev01,1214,25,50.7,
1770191022865,dev01,961,23.2,69,
1770191023079,dev01,1125,26.3,42.8,
1770191023280,dev01,419,20,57.3,
1770191023481,dev01,716,20.7,44.3,
1770191023687,dev01,999,23.7,43.5,
1770191023897,dev01,950,22,46.8,
1770191024109,dev01,1100,27.4,60.2,
1770191024312,dev01,749,27.3,47.7,
1770191024515,dev01,553,23.2,54.2,
1770191024727,dev01,1120,25.8,45.9,
1770191024930,dev01,979,20.5,54.2,
1770191025140,dev01,667,23.5,38.6,
1770191025343,dev01,507,22.4,50.5,
1770191025558,dev01,650,26.5,37.9,
1770191025780,dev01,1270,22,39,
1770191025981,dev01,486,27.7,40.8,
1770191026186,dev01,956,25.5,70.1,
1770191026388,dev01,1133,24.7,39.9,
1770191026595,dev01,624,27.7,70,
1770191026796,dev01,914,26.3,68.9,
1770191026996,dev01,741,26.5,40.9,
1770191027211,dev01,812,25,74.8,
1770191027423,dev01,426,20.9,65.9,
1770191027624,dev01,582,25.3,73.6,
1770191027827,dev01,1240,24.7,54.2,
1770191028029,dev01,906,25.7,62.6,
1770191028236,dev01,421,25.5,58.9,
1770191028445,dev01,512,24.7,60.4,
1770191028660,dev01,1063,25.3,44.7,
1770191028874,dev01,1002,26.4,45.1,
1770191029077,dev01,1012,24.2,47.4,
1770191029290,dev01,1242,26.8,56.3,
1770191029506,dev01,687,21.7,73,
1770191029710,dev01,464,24,45.5,
1770191029920,dev01,1283,22.3,59.3,
1770191030124,dev01,1272,24.6,67.8,
1770191030342,dev01,798,27.5,63.8,
1770191030548,dev01,458,23.1,59.4,
1770191030757,dev01,439,22.6,35.1,
1770191030967,dev01,1103,22.1,62.3,
1770191031172,dev01,792,21.6,48.2,
1770191031374,dev01,782,24.6,51.5,
1770191031587,dev01,458,23.1,65,
1770191031790,dev01,797,20.8,46,
1770191031997,dev01,1257,22.9,35.5,
1770191032203,dev01,630,27.5,42.1,
1770191032406,dev01,438,25.8,65.2,
1770191032620,dev01,1067,25.5,48.1,
1770191032831,dev01,512,24.9,35.7,
1770191033046,dev01,1154,20.5,66.2,
1770191033248,dev01,601,25.5,58.1,
1770191033459,dev01,1230,21.8,72.5,
1770191033671,dev01,1178,21.3,36.5,
1770191033874,dev01,1151,22.8,60.6,
1770191034078,dev01,910,28,50.4,
1770191034280,dev01,787,26.2,65.1,
1770191034491,dev01,1125,20.8,60.3,
1770191034694,dev01,829,26.9,40.5,
1770191034906,dev01,849,21.1,49.4,
1770191035124,dev01,1280,26.7,39.5,
1770191035328,dev01,885,22.5,66.2,
1770191035533,dev01,842,27.8,38.5,
1770191035733,dev01,1153,23,61.5,
1770191035938,dev01,523,23.2,71.3,
1770191036138,dev01,1226,21.1,46,
1770191036353,dev01,785,23.2,46.4,
1770191036566,dev01,736,23.7,41.9,
1770191036771,dev01,407,24.2,60.4,
1770191036974,dev01,941,24.4,40.4,
1770191037179,dev01,470,25.1,55.1,
1770191037385,dev01,968,25.9,71.9,
1770191037601,dev01,802,21.2,58.4,
1770191037811,dev01,1160,25.9,46.9,
1770191038017,dev01,1026,27.4,35.8,
1770191038218,dev01,998,26.6,72.4,
1770191038422,dev01,1201,20.2,39.6,
1770191038625,dev01,475,27.4,49.2,
1770191038827,dev01,515,22.8,62.6,
1770191039046,dev01,437,27.7,50.3,
1770191039248,dev01,594,23,51.7,
1770191039452,dev01,449,23.7,41.3,
1770191039670,dev01,1231,20.5,51.8,
1770191039883,dev01,1294,23.4,44.6,
1770191040108,dev01,749,24.7,72.4,
1770191040310,dev01,630,25.1,72,
1770191040515,dev01,478,22.8,36,
1770191040718,dev01,1170,27.9,55,
1770191040920,dev01,1185,23.1,53,
1770191041124,dev01,550,23,71.6,
1770191041327,dev01,474,24.9,46.1,
1770191041530,dev01,560,26.6,36.8,
1770191041733,dev01,471,26.1,64.2,
1770191041951,dev01,1231,24.6,43.2,
1770191042156,dev01,1017,24.9,64.9,
1770191042359,dev01,535,21.1,69.9,
1770191042563,dev01,1247,24.6,41.1,
1770191042764,dev01,1173,20.8,46.5,
1770191042967,dev01,760,20.8,42.1,
1770191043167,dev01,601,27.1,56.2,
1770191043379,dev01,442,22.2,46,
1770191043583,dev01,1055,26.9,74.4,
1770191043783,dev01,828,26.7,55.9,
1770191043984,dev01,530,21.9,61,
1770191044187,dev01,907,24.3,41.2,
1770191044390,dev01,708,22.4,48.2,
1770191044593,dev01,690,22.4,39.5,
1770191044809,dev01,424,20.2,60.5,
1770191045013,dev01,679,22.7,35.7,
1770191045227,dev01,447,22.6,39.1,
1770191045429,dev01,758,21.1,53.5,
1770191045630,dev01,722,24.4,37.5,
1770191045833,dev01,1225,25.6,46.3,
1770191046045,dev01,1237,25.2,63.4,
1770191046249,dev01,1013,22.1,60,
1770191046455,dev01,1045,23.8,36.2,
1770191046670,dev01,600,25.2,40.1,
1770191046879,dev01,1233,22.8,38.4,
1770191047090,dev01,599,25.8,65.9,
1770191047297,dev01,1250,27.8,61.6,
1770191047501,dev01,773,27.2,45.1,
1770191047716,dev01,479,20.5,48.8,
1770191047926,dev01,1239,20.6,66.3,
1770191048128,dev01,784,23.2,71.3,
1770191048343,dev01,1233,22.8,72.2,
1770191048559,dev01,564,26,35.2,
1770191048763,dev01,741,24.1,73.7,
1770191048983,dev01,770,25.9,46.6,
1770191049192,dev01,401,24.5,69.3,
1770191049404,dev01,1190,24.8,71.3,
1770191049608,dev01,1243,20.6,65.7,
1770191049809,dev01,741,27.6,70.3,
1770191050030,dev01,707,27.2,59.3,
1770191050248,dev01,1267,26.5,67.2,
1770191050452,dev01,1025,20,51.7,
1770191050654,dev01,649,26.6,45,
1770191050854,dev01,854,24.2,49.8,
1770191051057,dev01,1223,23.5,71.9,
1770191051265,dev01,1088,25,36.1,
1770191051473,dev01,522,21.1,53.5,
1770191051690,dev01,900,25.1,53.7,
1770191051893,dev01,900,20.5,70.5,
1770191052110,dev01,900,27.4,54.6,
1770191052322,dev01,698,20.5,44.8,
1770191052530,dev01,653,20.8,53.9,
1770191052733,dev01,811,21.5,53.4,
1770191052950,dev01,1036,21.6,74.7,
1770191053156,dev01,1155,26.9,70.9,
1770191053359,dev01,700,23.3,63.2,
1770191053563,dev01,1107,22.6,44.9,
1770191053765,dev01,679,26.9,49.1,
1770191053968,dev01,929,24.8,57.2,
1770191054174,dev01,1060,22.1,42.5,
1770191054389,dev01,966,21.1,36.7,
1770191054603,dev01,905,24.7,51.6,
1770191054807,dev01,1002,27.8,66,
1770191055015,dev01,1262,25.8,46.7,
1770191055221,dev01,984,26.6,64.1,
1770191055434,dev01,1254,27.5,41.2,
1770191055640,dev01,529,25.2,50.8,
1770191055852,dev01,745,26.9,35.7,
1770191056062,dev01,501,21.2,69.8,
1770191056265,dev01,1283,26.9,64.6,
1770191056470,dev01,1255,25.8,36.3,
1770191056671,dev01,1187,23.8,71.9,
1770191056872,dev01,1107,22.2,43.3,
1770191057076,dev01,1221,21.2,68.2,
1770191057284,dev01,782,23.1,50.2,
1770191057500,dev01,1150,24.4,68.5,
1770191057700,dev01,939,20.5,54.9,
1770191057905,dev01,790,20.3,56.4,
1770191058111,dev01,1013,22.1,66.3,
1770191058314,dev01,1002,27.5,59.9,
1770191058516,dev01,1298,23.1,60.3,
1770191058728,dev01,893,26.5,59.4,
1770191058934,dev01,901,24.9,70.3,
1770191059141,dev01,976,24.5,56.9,
1770191059346,dev01,497,24.1,72.7,
1770191059554,dev01,1076,24.8,43.5,
1770191059765,dev01,1043,26.6,64.4,
1770191059968,dev01,741,22,38,
1770191060186,dev01,515,23.2,54.1,
1770191060389,dev01,694,26.7,54.4,
1770191060596,dev01,429,24.8,72.1,
1770191060797,dev01,1055,22,64.8,
1770191060999,dev01,832,24,38.7,
1770191061214,dev01,507,24.3,61.5,
1770191061421,dev01,660,20.6,35.6,
1770191061624,dev01,1093,23.1,62.3,
1770191061827,dev01,1137,25.2,74.4,
1770191062030,dev01,782,25.5,67.1,
1770191062247,dev01,484,26.1,59.1,
1770191062452,dev01,894,25.8,73.5,
1770191062656,dev01,500,23.7,47.1,
1770191062859,dev01,851,21.5,39.9,
1770191063061,dev01,519,21.8,61.1,
1770191063265,dev01,1060,24.8,46.6,
1770191063468,dev01,542,25.1,43.8,
1770191063668,dev01,759,26.5,38.5,
1770191063886,dev01,553,23.9,65.1,
1770191064098,dev01,770,20.5,69.9,
1770191064300,dev01,549,23.2,51.7,
1770191064513,dev01,431,27,56.3,
1770191064718,dev01,1241,24.1,49.7,
1770191064924,dev01,434,27.6,47.6,
1770191065132,dev01,749,25.8,38.3,
1770191065343,dev01,786,21.2,35.1,
1770191065546,dev01,1122,26,47.7,
1770191065764,dev01,447,20.1,68.4,
1770191065965,dev01,927,22.3,43.3,
1770191066171,dev01,540,26.8,45.1,
1770191066379,dev01,838,24.9,59.5,
1770191066595,dev01,1110,20.5,52.1,
1770191066796,dev01,1177,26.3,56.2,
1770191067000,dev01,1220,23.1,61.7,
1770191067202,dev01,634,25.3,68.9,
1770191067411,dev01,430,25.3,47,
1770191067625,dev01,1021,20.9,63.2,
1770191067843,dev01,568,20.3,60,
1770191068048,dev01,475,27.8,56.2,
1770191068259,dev01,504,21.2,35.5,
1770191068465,dev01,1133,23.6,55.6,
1770191068673,dev01,1090,20.3,39.5,
1770191068877,dev01,872,27.3,67.6,
1770191069077,dev01,610,26.4,69.9,
1770191069284,dev01,763,26.8,39.9,
1770191069493,dev01,1106,22.6,56.2,
1770191069702,dev01,537,24.6,44.1,
1770191069909,dev01,603,22.8,53.4,
1770191070123,dev01,967,20.2,65,
1770191070328,dev01,619,23.2,64.7,
1770191070538,dev01,422,20.3,54.8,
1770191070745,dev01,741,22.1,37.2,
1770191070954,dev01,1178,27.5,50.5,
1770191071155,dev01,467,26.4,66.8,
1770191071358,dev01,1147,23.2,70,
1770191071559,dev01,554,22,52,
1770191071762,dev01,670,24.5,56.5,
1770191071974,dev01,714,24.7,74.8,
1770191072176,dev01,624,27.7,45.8,
1770191072387,dev01,1139,25.1,60.7,
1770191072590,dev01,690,25.8,74.9,
1770191072810,dev01,429,22.4,52.3,
1770191073014,dev01,718,23,36.9,
1770191073217,dev01,585,21.6,42.9,
1770191073421,dev01,1143,22.2,67.9,
1770191073623,dev01,887,25.5,43.3,
1770191073827,dev01,516,27.7,48,
1770191074031,dev01,854,23.7,48.8,
1770191074234,dev01,798,24.6,72.6,
1770191074437,dev01,527,27.4,62.6,
1770191074637,dev01,488,20.3,42.3,
1770191074839,dev01,1206,27.3,55.5,
1770191075046,dev01,786,21.2,72.7,
1770191075247,dev01,409,21.6,49,
1770191075453,dev01,706,21.5,55.2,
1770191075671,dev01,583,26.2,45.6,
1770191075883,dev01,1285,23.6,60,
1770191076089,dev01,1295,23.7,73.1,
1770191076311,dev01,803,22.6,61.2,
1770191076521,dev01,1009,25.7,67.9,
1770191076737,dev01,403,24.8,46.2,
1770191076948,dev01,908,22.5,57.7,
1770191077159,dev01,707,20.8,41,
1770191077373,dev01,595,21.1,72.2,
1770191077588,dev01,592,26,67,
1770191077796,dev01,1056,21.1,53,
1770191078001,dev01,875,24,35,
1770191078203,dev01,557,26.5,57.5,
1770191078414,dev01,653,23.8,69.9,
1770191078625,dev01,504,22.2,60.2,
1770191078827,dev01,1140,26.6,40.2,
1770191079030,dev01,477,27.2,58.3,
1770191079234,dev01,880,21.9,35.9,
1770191079436,dev01,419,26.7,36.7,
1770191079638,dev01,485,22.5,61.8,
1770191079850,dev01,535,23.2,53.3,
1770191080061,dev01,677,23.7,37.2,
1770191080263,dev01,1086,20.1,66.8,
1770191080477,dev01,1012,22.5,65.5,
1770191080686,dev01,701,25.3,37.3,
1770191080898,dev01,1080,22.8,68.1,
1770191081100,dev01,547,22.8,67.3,
1770191081312,dev01,630,24.5,54.5,
1770191081527,dev01,715,22.9,43,
1770191081743,dev01,984,27.3,59.2,
1770191081949,dev01,1085,21.8,65,
1770191082155,dev01,958,22.6,49.1,
1770191082360,dev01,601,22.3,66.4,
1770191082562,dev01,623,23.8,38.6,
1770191082780,dev01,1295,25.6,71.4,
1770191082985,dev01,666,26,44.5,
1770191083187,dev01,1181,24.9,40.2,
1770191083389,dev01,905,22.4,55.3,
1770191083594,dev01,565,27,47.4,
1770191083797,dev01,1213,20.9,71.7,
1770191084001,dev01,1295,20.3,37.4,
1770191084202,dev01,957,27.6,38.4,
1770191084405,dev01,1139,21.7,60.3,
1770191084612,dev01,551,24.6,44.3,
1770191084826,dev01,692,26.2,59.2,
1770191085033,dev01,1167,24.3,73,
1770191085234,dev01,1117,23.9,55.2,
1770191085448,dev01,547,22.2,44.1,
1770191085649,dev01,478,21.6,69.3,
1770191085852,dev01,1013,23.7,61.3,
1770191086060,dev01,1186,23.8,42.8,
1770191086274,dev01,1211,23.9,41,
1770191086480,dev01,1211,20.7,42.7,
1770191086694,dev01,815,22.3,62.4,
1770191086895,dev01,889,25.7,49.7,
1770191087095,dev01,648,21.4,60.6,
1770191087296,dev01,889,24.3,66.8,
1770191087509,dev01,598,23.5,59.2,
1770191087718,dev01,802,27.6,52.5,
1770191087928,dev01,1243,26.4,58,
1770191088139,dev01,786,26.5,60.7,
1770191088342,dev01,690,22.5,68.9,
1770191088544,dev01,427,21.2,42.3,
1770191088744,dev01,803,26.3,65.5,
1770191088945,dev01,903,22.2,49.6,
1770191089157,dev01,1068,25.5,38.4,
1770191089358,dev01,823,21.6,55.2,
1770191089562,dev01,1083,27.4,46,
1770191089765,dev01,688,21,50.9,
1770191089973,dev01,1087,20.5,38.2,
1770191090174,dev01,783,24,58.6,
1770191090374,dev01,737,21.1,55.1,
1770191090578,dev01,749,22.9,67.3,
1770191090792,dev01,924,26,49.8,
1770191090994,dev01,1135,26.5,36.4,
1770191091207,dev01,704,23.8,71.9,
1770191091410,dev01,512,23.7,47.3,
1770191091613,dev01,840,26.2,55.2,
1770191091824,dev01,1168,23.9,65.9,
1770191092024,dev01,897,24,47.7,
1770191092234,dev01,622,26.9,69.3,
1770191092437,dev01,1064,23.8,68.2,
1770191092639,dev01,839,24.3,51.6,
1770191092849,dev01,636,25.7,72.7,
1770191093060,dev01,714,26.9,42.4,
1770191093264,dev01,616,24.6,70.5,
1770191093468,dev01,1113,24,44.9,
1770191093674,dev01,961,23.1,63.2,
1770191093881,dev01,764,21,44.9,
1770191094094,dev01,756,23.8,72.3,
1770191094296,dev01,778,26.2,37.5,
1770191094499,dev01,1082,23.8,60.2,
1770191094707,dev01,689,25.5,64.8,
1770191094921,dev01,518,22.5,56.9,
1770191095124,dev01,457,26.4,72.8,
1770191095334,dev01,467,25.3,65.6,
1770191095545,dev01,617,20.8,50.4,
1770191095750,dev01,761,20.8,69.3,
1770191095952,dev01,1250,22.9,56.2,
1770191096167,dev01,555,20.5,68.9,
1770191096375,dev01,548,21.8,50,
1770191096577,dev01,883,26.2,50.2,
1770191096788,dev01,1245,22.7,51.8,
1770191097000,dev01,580,24.3,73.5,
1770191097202,dev01,452,22.9,73.9,
1770191097405,dev01,632,21.2,46.4,
1770191097608,dev01,856,21.3,58,
1770191097812,dev01,927,21.3,46,
1770191098014,dev01,829,26.2,53.5,
1770191098218,dev01,925,25.5,60.1,
1770191098421,dev01,801,24.5,60,
1770191098627,dev01,912,27.7,53.3,
1770191098827,dev01,525,24.1,72.4,
1770191099032,dev01,640,27,67.7,
1770191099248,dev01,1084,20.4,65.4,
1770191099451,dev01,1236,22.5,38,
1770191099658,dev01,669,23.3,62.9,
1770191099874,dev01,405,25.9,64,
1770191100081,dev01,645,22.6,52.6,
1770191100290,dev01,589,22.7,35.9,
1770191100502,dev01,1053,26.6,71.3,
1770191100702,dev01,976,27.8,63.8,
1770191100916,dev01,417,20.1,50.7,
1770191101123,dev01,899,26.1,66.7,
1770191101330,dev01,551,23.4,62.5,
1770191101533,dev01,943,26.6,60.5,
1770191101748,dev01,624,25.1,74.3,
1770191101961,dev01,426,20.9,69.8,
1770191102164,dev01,1271,27.7,39.3,
1770191102373,dev01,551,24.8,49.4,
1770191102576,dev01,1133,23.1,64.6,
1770191102778,dev01,1183,26.8,73.6,
1770191102983,dev01,1215,24.7,58.2,
1770191103186,dev01,1028,26.3,64.7,
1770191103390,dev01,1117,26.1,65.9,
1770191103599,dev01,916,21,57.8,
1770191103811,dev01,1202,25.2,39.5,
1770191104014,dev01,939,21.3,74.2,
1770191104227,dev01,707,22.1,73.8,
1770191104433,dev01,645,23.3,70.8,
1770191104634,dev01,1266,21.6,60.8,
1770191104843,dev01,1059,23.7,54.6,
1770191105046,dev01,1008,23.9,51.2,
1770191105264,dev01,735,27.9,36.6,
1770191105479,dev01,617,25.4,48.2,
1770191105699,dev01,655,26.5,68.7,
1770191105921,dev01,783,21.4,54.9,
1770191106140,dev01,775,22.3,74.5,
1770191106343,dev01,1158,22.9,42.8,
1770191106544,dev01,1009,24,60.2,
1770191106749,dev01,613,20.4,64,
1770191106959,dev01,545,24.1,44,
1770191107171,dev01,955,25.1,51.8,
1770191107375,dev01,1205,27,37.4,
1770191107577,dev01,668,22.1,60.6,
1770191107780,dev01,964,22.2,43.3,
1770191107984,dev01,638,23,63.4,
1770191108186,dev01,1263,25.8,68.6,
1770191108396,dev01,724,21.4,54.6,
1770191108608,dev01,752,27.2,71.1,
1770191108827,dev01,523,26.5,60.2,
1770191109030,dev01,622,20.9,49.5,
1770191109234,dev01,652,21,71,
1770191109452,dev01,994,26.2,59.2,
1770191109656,dev01,767,22.3,41.7,
1770191109858,dev01,687,24.5,50.4,
1770191110062,dev01,443,21.9,52.1,
1770191110266,dev01,676,27.1,48.7,
1770191110476,dev01,1074,20.8,70.3,
1770191110687,dev01,445,23.6,36.2,
1770191110889,dev01,539,27.2,53.4,
1770191111090,dev01,593,22.6,64.2,
1770191111296,dev01,902,28,46.2,
1770191111507,dev01,1166,20.7,37.1,
1770191111710,dev01,825,26.5,58.6,
1770191111922,dev01,422,20.3,64.8,
1770191112124,dev01,466,23,40.7,
1770191112339,dev01,1009,23.2,38.7,
1770191112540,dev01,902,27.7,70.1,
1770191112744,dev01,1001,22.2,74.8,
1770191112957,dev01,628,24.7,64.2,
1770191113159,dev01,725,21.6,60.2,
1770191113372,dev01,672,27.3,41.7,
1770191113578,dev01,1136,22.2,46.2,
1770191113783,dev01,856,26.1,70.9,
1770191113991,dev01,955,26.6,39,
1770191114206,dev01,655,20.4,57.3,
1770191114408,dev01,945,26.4,57.8,
1770191114608,dev01,453,22.5,60.3,
1770191114811,dev01,581,27,55.5,
1770191115020,dev01,434,26,35.3,
1770191115233,dev01,1186,21.5,57.6,
1770191115436,dev01,814,22.5,49,
1770191115636,dev01,1095,27.4,61.4,
1770191115843,dev01,1069,20.1,63.5,
1770191116053,dev01,890,27.3,39.4,
1770191116253,dev01,683,26.2,55.2,
1770191116452,dev01,1107,26.8,54.5,
1770191116658,dev01,1063,24.6,38.4,
1770191116858,dev01,675,25.3,36.3,
1770191117073,dev01,1035,20.9,70.5,
1770191117279,dev01,516,25.8,43.3,
1770191117498,dev01,1099,27.2,63.1,
1770191117717,dev01,1102,20.2,68.5,
1770191117918,dev01,580,24.3,41.5,
1770191118119,dev01,565,25.8,71.4,
1770191118332,dev01,578,27,43.2,
1770191118541,dev01,629,20.7,54.9,
1770191118752,dev01,828,25,66.8,
1770191118963,dev01,851,23.6,63.9,
1770191119172,dev01,1258,20.8,67.5,
1770191119381,dev01,965,22.5,56.6,
1770191119592,dev01,1007,25.4,65.4,
1770191119805,dev01,808,24,51.1,
1770191120014,dev01,613,25.2,59.3,
1770191120218,dev01,922,23.1,64.9,
1770191120432,dev01,753,21.1,49.2,
1770191120656,dev01,433,25.5,54,
1770191120858,dev01,525,27.9,41.3,
1770191121059,dev01,727,23.8,39.3,
1770191121264,dev01,1178,20.4,59.9,
1770191121464,dev01,478,26.7,49.6,
1770191121671,dev01,878,27.6,52.7,
1770191121883,dev01,670,23,45.8,
1770191122093,dev01,535,27.2,58.6,
1770191122295,dev01,573,27.1,68.2,
1770191122499,dev01,905,21.4,46.1,
1770191122704,dev01,1181,25.5,40.7,
1770191122914,dev01,767,23.5,50.5,
1770191123123,dev01,564,21.8,63.8,
1770191123330,dev01,667,25.9,49.6,
1770191123536,dev01,466,20.2,63.8,
1770191123748,dev01,1250,22.8,66.5,
1770191123951,dev01,1095,26.8,72.1,
1770191124155,dev01,1080,23.9,43,
1770191124364,dev01,453,25.1,47.2,
1770191124574,dev01,739,25.1,44.7,
1770191124779,dev01,463,24.7,43.1,
1770191124981,dev01,1174,24.3,40.1,
1770191125194,dev01,1208,20.3,46.8,
1770191125408,dev01,627,23.2,71,
1770191125616,dev01,431,26.8,38.4,
1770191125829,dev01,609,26.2,60,
1770191126043,dev01,980,25.9,68.7,
1770191126247,dev01,597,25.7,40.5,
1770191126450,dev01,941,21.4,36.1,
1770191126662,dev01,889,23.4,49.8,
1770191126875,dev01,558,24.9,72.4,
1770191127078,dev01,503,24.4,60.5,
1770191127286,dev01,1189,23.5,54.6,
1770191127491,dev01,973,26.3,60.4,
1770191127694,dev01,588,24.2,72.5,
1770191127905,dev01,875,27.4,52.9,
1770191128104,dev01,1192,22.8,58.7,
1770191128310,dev01,865,26.7,62.9,
1770191128514,dev01,1236,23.5,72.3,
1770191128737,dev01,1211,27.2,48.6,
1770191128946,dev01,883,25,68.4,
1770191129159,dev01,1180,22.7,66.7,
1770191129361,dev01,444,22.7,63.8,
1770191129563,dev01,1227,23.6,68.8,
1770191129763,dev01,937,22.3,48.4,
1770191129965,dev01,905,24.8,44.4,
1770191130170,dev01,1051,23.3,59.3,
1770191130372,dev01,904,26,54,
1770191130577,dev01,685,27.7,42.2,
1770191130797,dev01,721,24.8,71.9,
1770191131013,dev01,997,25.2,60.6,
1770191131224,dev01,430,22.1,67,
1770191131435,dev01,771,22.9,43.5,
1770191131638,dev01,434,21,68.7,
1770191131840,dev01,847,26.5,57.7,
1770191132046,dev01,1295,27.1,57.5,
1770191132246,dev01,415,25.7,64.2,
1770191132457,dev01,1218,26.5,70.6,
1770191132666,dev01,583,20.2,43.7,
1770191132873,dev01,1063,25.8,51.8,
1770191133075,dev01,413,24.1,68.9,
1770191133288,dev01,1110,26.1,54.3,
1770191133497,dev01,523,26.7,40.7,
1770191133717,dev01,600,25.3,63.8,
1770191133919,dev01,987,20.5,55.2,
1770191134122,dev01,1128,22.3,58.5,
1770191134331,dev01,475,27.8,53.2,
1770191134537,dev01,767,27.8,65.9,
1770191134740,dev01,1193,23.1,52.5,
1770191134952,dev01,906,27.9,46.9,
1770191135154,dev01,648,28,70.8,
1770191135357,dev01,972,20.3,61.4,
1770191135557,dev01,571,26,44.8,
1770191135771,dev01,1291,22.6,46.9,
1770191135972,dev01,832,20.3,65.1,
1770191136173,dev01,848,20.3,62.9,
1770191136380,dev01,675,21.8,37.9,
1770191136583,dev01,829,26,70.1,
1770191136794,dev01,972,24.8,73.2,
1770191136995,dev01,867,23.9,51.7,
1770191137200,dev01,529,21.2,65.8,
1770191137404,dev01,639,22,55,
1770191137616,dev01,567,26,63.2,
1770191137827,dev01,434,20.8,36.2,
1770191138029,dev01,1015,24.4,46.7,
1770191138248,dev01,570,20.7,72.9,
1770191138452,dev01,1252,21,65.1,
1770191138654,dev01,737,25.5,39.7,
1770191138859,dev01,1238,22.4,36.1,
1770191139059,dev01,440,22.6,66.5,
1770191139262,dev01,980,25.9,43.1,
1770191139468,dev01,1005,24.3,50.8,
1770191139678,dev01,415,24.8,61.1,
1770191139882,dev01,1158,26.5,55.1,
1770191140097,dev01,572,25.4,56.3,
1770191140310,dev01,1144,21.6,38.1,
1770191140514,dev01,724,27.7,40,
1770191140717,dev01,1272,20.7,68.1,
1770191140918,dev01,857,20.1,57.1,
1770191141131,dev01,495,23.7,72.1,
1770191141345,dev01,568,26.4,72.8,
1770191141549,dev01,949,27.7,47.2,
1770191141750,dev01,480,24.8,52.7,
1770191141949,dev01,1061,27.5,59.7,
1770191142150,dev01,825,24.2,58.8,
1770191142365,dev01,1174,27.9,54.8,
1770191142576,dev01,1135,25.9,55.7,
1770191142779,dev01,1207,27.2,64.1,
1770191142979,dev01,841,25.7,67.9,
1770191143181,dev01,1046,20.2,49.2,
1770191143396,dev01,624,21.4,62.6,
1770191143610,dev01,644,22,42.9,
1770191143812,dev01,499,22,60.8,
1770191144016,dev01,1167,20.5,65,
1770191144230,dev01,533,24.1,61.8,
1770191144435,dev01,487,26.4,44.2,
1770191144635,dev01,1027,21,55.3,
1770191144841,dev01,827,23.3,37.4,
1770191145060,dev01,897,27.2,49.7,
1770191145261,dev01,892,24.4,40,
1770191145466,dev01,746,24.8,69.3,
1770191145670,dev01,515,24,72.1,
1770191145877,dev01,873,25.1,72.9,
1770191146077,dev01,1229,20.7,45.7,
1770191146279,dev01,616,25.1,65.9,
1770191146483,dev01,1152,23.4,66.9,
1770191146687,dev01,1002,20.2,38.5,
1770191146904,dev01,605,26.2,36.4,
1770191147113,dev01,1021,21.7,66.8,
1770191147325,dev01,942,23.8,53.4,
1770191147538,dev01,1107,20.2,49,
1770191147744,dev01,992,26.2,35.8,
1770191147950,dev01,811,27.7,69.3,
1770191148151,dev01,765,23.7,48.5,
1770191148359,dev01,465,20.8,43.6,
1770191148560,dev01,790,20.1,40.6,
1770191148765,dev01,1079,24.8,59.3,
1770191148967,dev01,409,25,42.8,
1770191149170,dev01,554,22.5,42.8,
1770191149374,dev01,862,21,37,
1770191149577,dev01,435,24.3,64.5,
1770191149781,dev01,1179,26.2,47.4,
1770191149989,dev01,804,27.5,55.7,
1770191150191,dev01,1078,26.9,47.3,
1770191150403,dev01,529,23.5,50.9,
1770191150607,dev01,755,24.6,54.2,
1770191150810,dev01,839,24.3,56.5,
1770191151024,dev01,595,25.6,39.7,
1770191151240,dev01,662,27.4,68.3,
1770191151451,dev01,1100,22.3,44,
1770191151654,dev01,468,21.7,73.4,
1770191151857,dev01,1035,25.7,57.9,
1770191152060,dev01,645,23.5,67.9,
1770191152273,dev01,1169,24,60.3,
1770191152499,dev01,572,21.4,42.1,
1770191152716,dev01,928,25.7,52.9,
1770191152920,dev01,865,20.8,44,
1770191153123,dev01,723,24.8,69.2,
1770191153333,dev01,837,22.8,73.6,
1770191153545,dev01,1218,26.9,44,
1770191153747,dev01,760,24.6,61.4,
1770191153955,dev01,1036,22,38.9,
1770191154170,dev01,1201,26.8,64.5,
1770191154372,dev01,652,20.5,50.3,
1770191154573,dev01,1275,21.7,60.5,
1770191154779,dev01,758,25.3,52.6,
1770191154997,dev01,1137,21.4,59.4,
1770191155207,dev01,940,27.5,39.3,
1770191155416,dev01,1091,21.1,48.1,
1770191155622,dev01,1287,21.3,60,
1770191155838,dev01,1203,22.6,53.9,
1770191156051,dev01,1167,25.7,62.2,
1770191156263,dev01,861,24.8,51.9,
1770191156472,dev01,1199,24.5,39,
1770191156684,dev01,1008,22.7,46.5,
1770191156896,dev01,978,27,63.6,
1770191157106,dev01,815,25.3,58.3,
1770191157320,dev01,1053,26.8,60.4,
1770191157521,dev01,1206,25.2,65.6,
1770191157730,dev01,611,24.7,66.9,
1770191157937,dev01,714,23.9,69,
1770191158139,dev01,977,27.3,70.8,
1770191158348,dev01,859,23.2,44.1,
1770191158560,dev01,778,27.7,71.8,
1770191158778,dev01,631,24.7,47.8,
1770191158983,dev01,928,21.9,47.1,
1770191159187,dev01,646,26,53.6,
1770191159405,dev01,574,26.2,43.7,
1770191159607,dev01,1263,26.8,53,
1770191159821,dev01,464,27,54.9,
1770191160032,dev01,666,21.5,42,
1770191160247,dev01,941,27.1,61.1,
1770191160451,dev01,411,23.8,73.2,
1770191160660,dev01,1145,24,49.2,
1770191160867,dev01,716,23.7,35.2,
1770191161075,dev01,699,25.3,50.7,
1770191161281,dev01,1183,23.2,36.5,
1770191161495,dev01,744,28,38.4,
1770191161695,dev01,421,22.7,54.6,
1770191161899,dev01,755,21.6,65.6,
1770191162107,dev01,743,24.9,74.9,
1770191162318,dev01,1133,24.1,44.7,
1770191162530,dev01,518,27.9,46.1,
1770191162743,dev01,1038,25.3,56,
1770191162948,dev01,943,26.7,63.4,
1770191163154,dev01,609,20.9,72.4,
1770191163362,dev01,690,25.1,70.8,
1770191163576,dev01,506,23.9,61.5,
1770191163779,dev01,1111,23.5,37.1,
1770191163990,dev01,1294,27.2,71.6,
1770191164200,dev01,858,21.4,35.3,
1770191164404,dev01,679,22.8,50.2,
1770191164607,dev01,1030,24,49.7,
1770191164812,dev01,587,24.6,57.2,
1770191165024,dev01,479,26.1,41.4,
1770191165232,dev01,1097,27.7,63.1,
1770191165448,dev01,675,20.9,46.5,
1770191165653,dev01,1112,24.7,36.4,
1770191165862,dev01,441,22.9,37.8,
1770191166075,dev01,1123,23.6,70.6,
1770191166280,dev01,407,24.3,36.7,
1770191166489,dev01,1058,22.2,70.7,
1770191166701,dev01,475,22.4,72.7,
1770191166904,dev01,872,26.2,61.4,
1770191167109,dev01,565,20.3,36.7,
1770191167312,dev01,693,27.6,53.4,
1770191167527,dev01,724,22.8,71.3,
1770191167729,dev01,861,27.9,56.9,
1770191167937,dev01,1205,23.7,35.7,
1770191168149,dev01,1002,24.7,63.4,
1770191168360,dev01,514,24.6,51.9,
1770191168563,dev01,729,27.8,35.1,
1770191168768,dev01,1220,24.2,72.7,
1770191168971,dev01,695,24.3,57.7,
1770191169176,dev01,1292,27.7,51.3,
1770191169385,dev01,732,20.7,68.5,
1770191169588,dev01,971,26.8,70.3,
1770191169790,dev01,761,26.4,47.8,
1770191169994,dev01,406,27.2,42.4,
1770191170197,dev01,709,25.6,57.4,
1770191170407,dev01,1214,24.7,60.4,
1770191170622,dev01,415,22.6,60.3,
1770191170837,dev01,1129,20.8,56.7,
1770191171040,dev01,799,24.6,38.5,
1770191171243,dev01,1050,22.5,45.8,
1770191171444,dev01,846,20.6,67,
1770191171660,dev01,482,20.7,42.9,
1770191171876,dev01,1168,20.6,74.6,
1770191172079,dev01,1105,22.6,49.8,
1770191172292,dev01,933,22.4,68.6,
1770191172505,dev01,1145,23.2,67.5,
1770191172709,dev01,1098,25,50.4,
1770191172923,dev01,591,27.2,56.6,
1770191173132,dev01,575,25.4,55.7,
1770191173340,dev01,703,23,47.2,
1770191173542,dev01,413,25.7,71.1,
1770191173757,dev01,1138,23.5,55.4,
1770191173966,dev01,932,24,48.2,
1770191174171,dev01,1084,24,74.8,
1770191174376,dev01,649,21.7,54.1,
1770191174587,dev01,673,20.6,42.8,
1770191174800,dev01,823,22.6,57.4,
1770191175007,dev01,941,25.7,52.8,
1770191175209,dev01,401,21.3,73.4,
1770191175421,dev01,988,24,60.6,
1770191175623,dev01,1284,27,74,
1770191175825,dev01,1003,27,67.8,
1770191176037,dev01,566,20.4,62.1,
1770191176238,dev01,533,27.7,68.8,
1770191176444,dev01,757,22.2,68.4,
1770191176653,dev01,1175,27.5,55.7,
1770191176854,dev01,739,26.9,60,
1770191177055,dev01,1299,20,57.6,
1770191177270,dev01,728,27.1,67.5,
1770191177469,dev01,1156,22.2,73.4,
1770191177685,dev01,966,24.6,36.6,
1770191177890,dev01,606,23.4,46.5,
1770191178104,dev01,575,26.6,60.2,
1770191178304,dev01,1140,24.9,50.4,
1770191178505,dev01,519,24.2,63.4,
1770191178717,dev01,1136,27.1,59,
1770191178920,dev01,414,26.9,36.4,
1770191179121,dev01,451,21.6,52.9,
1770191179321,dev01,584,25,49.7,
1770191179520,dev01,1013,26,65.9,
1770191179735,dev01,896,25.9,38.2,
1770191179936,dev01,733,21.2,69.4,
1770191180150,dev01,619,24.7,70.8,
1770191180365,dev01,781,22.4,35.4,
1770191180569,dev01,846,21.2,52.8,
1770191180771,dev01,485,21.7,59.8,
1770191180986,dev01,1214,27.7,59.2,
1770191181185,dev01,717,25.5,41.5,
1770191181395,dev01,1249,27.4,44.2,
1770191181610,dev01,702,22.1,59.9,
1770191181812,dev01,1180,26.6,35.1,
1770191182014,dev01,1050,24.4,41.4,
1770191182215,dev01,960,23.2,54.4,
1770191182419,dev01,641,28,53.9,
1770191182624,dev01,795,25.7,74.4,
1770191182827,dev01,936,26.4,64.3,
1770191183039,dev01,559,26,46.3,
1770191183250,dev01,531,21.2,59.7,
1770191183461,dev01,734,25.8,41.1,
1770191183672,dev01,1264,23.9,57.4,
1770191183878,dev01,1122,26.5,46.7,
1770191184081,dev01,479,24.6,44.6,
1770191184294,dev01,514,22.6,71,
1770191184507,dev01,1097,21.5,35.9,
1770191184716,dev01,1104,27.3,51.2,
1770191184932,dev01,1268,26.5,53.7,
1770191185143,dev01,1181,25.9,64.5,
1770191185344,dev01,855,21.7,51.8,
1770191185555,dev01,627,27.4,65.7,
1770191185766,dev01,568,24.7,50.5,
1770191185976,dev01,1087,23.3,62,
1770191186179,dev01,1223,24.5,62.6,
1770191186382,dev01,1225,27.6,72.6,
1770191186584,dev01,776,23.6,61.8,
1770191186798,dev01,1188,22.5,46.6,
1770191187001,dev01,1163,25,59.6,
1770191187213,dev01,666,20.4,38.7,
1770191187412,dev01,852,23.4,65.7,
1770191187628,dev01,903,21.2,54.3,
1770191187843,dev01,1173,22.6,36.5,
1770191188046,dev01,922,27.7,66.6,
1770191188247,dev01,421,20.8,47.5,
1770191188460,dev01,573,20.7,55.3,
1770191188674,dev01,867,27.6,54.1,
1770191188888,dev01,623,20.4,61.5,
1770191189103,dev01,568,23.5,73.7,
1770191189317,dev01,738,20.9,58.3,
1770191189519,dev01,901,26.4,63.8,
1770191189733,dev01,792,23.2,56.6,
1770191189942,dev01,857,22.4,38.3,
1770191190155,dev01,1173,22.8,62.7,
1770191190369,dev01,1009,24.6,38.6,
1770191190570,dev01,423,27.4,55,
1770191190771,dev01,844,27.8,42,
1770191190972,dev01,590,25.8,65.8,
1770191191173,dev01,551,25.4,46.4,
1770191191378,dev01,1296,26.4,42.4,
1770191191584,dev01,937,26.7,48.4,
1770191191799,dev01,866,26.4,40.7,
1770191192002,dev01,1203,23.5,74.5,
1770191192204,dev01,1114,25.2,42.6,
1770191192415,dev01,1129,20.5,57.4,
1770191192620,dev01,486,24.8,37.1,
1770191192819,dev01,1094,27.5,51,
1770191193034,dev01,1229,24.4,60.5,
1770191193239,dev01,629,25.7,39.2,
1770191193441,dev01,778,25.2,73.3,
1770191193645,dev01,1059,27,37.6,
1770191193859,dev01,1261,20.6,52.2,
1770191194063,dev01,1114,24.2,65.1,
1770191194274,dev01,944,22.5,43.2,
1770191194475,dev01,857,24.6,63.2,
1770191194684,dev01,429,26.9,45.9,
1770191194886,dev01,874,25.7,54.3,
1770191195089,dev01,863,21.8,44.8,
1770191195299,dev01,973,27.4,67.6,
1770191195504,dev01,475,27.2,36.9,
1770191195708,dev01,1026,25.8,55.1,
1770191195911,dev01,566,20.9,48.9,
1770191196125,dev01,819,20.9,56.6,
1770191196332,dev01,1179,21.1,62.3,
1770191196535,dev01,985,26.4,47.8,
1770191196743,dev01,1235,25.5,40.7,
1770191196954,dev01,651,27.7,71.1,
1770191197168,dev01,1101,23.6,51.3,
1770191197370,dev01,1203,25.5,73.4,
1770191197581,dev01,563,26.2,56.2,
1770191197785,dev01,940,25.3,66.2,
1770191198001,dev01,432,21.1,67.7,
1770191198208,dev01,1008,21.5,72.1,
1770191198416,dev01,785,20.5,45.8,
1770191198628,dev01,990,21.4,50.2,
1770191198836,dev01,1220,21.8,59.3,
1770191199048,dev01,1128,21.7,62.8,
1770191199252,dev01,410,23,58.8,
1770191199463,dev01,793,21.8,37.2,
1770191199673,dev01,607,27.8,65.8,
1770191199878,dev01,698,22.2,64,
1770191200085,dev01,717,20,38.1,
1770191200295,dev01,898,23.9,57.8,
1770191200510,dev01,663,24.2,73.9,
1770191200723,dev01,992,20.8,70.7,
1770191200925,dev01,756,25.9,50.3,
1770191201127,dev01,837,28,48.9,
1770191352288,dev03,1241,27.9,59.9,
1770191352498,dev03,919,22.1,56.5,
1770191352712,dev03,968,20.4,74,
1770191352919,dev03,894,23.8,63.7,
1770191353127,dev03,1228,23.4,43.5,
1770191353337,dev03,600,26.7,48.8,
1770191353537,dev03,1066,25.3,49.4,
1770191353752,dev03,558,25.3,37.9,
1770191353957,dev03,1211,22,48.9,
1770191354168,dev03,652,22.4,60.4,
1770191354373,dev03,1202,23.2,56.3,
1770191354583,dev03,793,27,74.4,
1770191354796,dev03,437,25.2,54.4,
1770191355006,dev03,536,21.3,65.9,
1770191355215,dev03,793,26.3,61.5,
1770191355418,dev03,959,25.2,35.8,
1770191355627,dev03,991,23,58.1,
1770191355830,dev03,658,21.4,63.9,
1770191356035,dev03,588,23,47.7,
1770191356248,dev03,1100,22.7,69,
1770191356459,dev03,989,26.2,54.4,
1770191356667,dev03,445,22.1,54.5,
1770191356875,dev03,657,21.9,61.4,
1770191357084,dev03,1060,21.8,66.2,
1770191357295,dev03,1099,25.7,48.5,
1770191357495,dev03,1051,21.1,47.8,
1770191357697,dev03,716,26.2,72.9,
1770191357905,dev03,523,20.4,62.2,
1770191358106,dev03,739,21.3,64,
1770191358306,dev03,868,27.1,50.5,
1770191358519,dev03,450,25.7,42.6,
1770191358720,dev03,1151,23.6,69.1,
1770191358936,dev03,877,23.3,51.1,
1770191359148,dev03,729,23.3,42.5,
1770191359354,dev03,808,22,64.3,
1770191359555,dev03,894,23,56,
1770191359763,dev03,413,27.9,66.1,
1770191359977,dev03,657,23.4,39.4,
1770191360177,dev03,981,22.6,54.2,
1770191360388,dev03,589,25.4,57.7,
1770191360588,dev03,1065,22.7,64.8,
1770191360793,dev03,1284,20.2,51.7,
1770191361002,dev03,1217,22.4,44.7,
1770191361212,dev03,930,22,50.4,
1770191361422,dev03,641,25.6,65.5,
1770191361626,dev03,601,23.5,68.8,
1770191361835,dev03,448,26.9,39.1,
1770191362040,dev03,819,23.9,38.7,
1770191362251,dev03,941,20.9,71,
1770191362453,dev03,981,20.9,47.3,
1770191362666,dev03,913,23.3,64.9,
1770191362876,dev03,1293,26.2,57.4,
1770191363088,dev03,1099,25.8,73.4,
1770191363297,dev03,825,26.7,66.9,
1770191363502,dev03,905,27,54.9,
1770191363707,dev03,675,20.5,72.5,
1770191363923,dev03,911,24.3,68.5,
1770191364134,dev03,1129,25.3,46.2,
1770191364340,dev03,1182,22.7,64.4,
1770191364545,dev03,1115,24.3,53.9,
1770191364764,dev03,813,26.6,35.7,
1770191364968,dev03,661,20.5,59.4,
1770191365181,dev03,941,23.4,39.7,
1770191365395,dev03,985,24.7,47.9,
1770191365596,dev03,754,24.5,65.6,
1770191365799,dev03,865,23.3,55.2,
1770191366010,dev03,508,22.5,58.6,
1770191366212,dev03,805,26.3,35.7,
1770191366425,dev03,553,20.8,41.8,
1770191366637,dev03,577,23.9,59.3,
1770191366855,dev03,1268,26.9,65.7,
1770191367064,dev03,1221,20.2,42.8,
1770191367270,dev03,982,27.5,51.4,
1770191367482,dev03,843,22.2,49.5,
1770191367691,dev03,472,23.5,42.9,
1770191367898,dev03,905,22.9,71.8,
1770191368113,dev03,1271,20.7,59.8,
1770191368324,dev03,1213,27.4,45.3,
1770191368532,dev03,1298,26.8,44.4,
1770191368747,dev03,896,26,48.6,
1770191368953,dev03,1204,21.3,44.2,
1770191369163,dev03,412,22.3,66.1,
1770191369363,dev03,927,27.3,73.2,
1770191369578,dev03,916,22.2,44.5,
1770191369785,dev03,1054,27,49.5,
1770191369989,dev03,986,23,67.4,
1770191370191,dev03,527,23.9,71,
1770191370398,dev03,840,20.3,59.3,
1770191370611,dev03,914,21.1,49.5,
1770191370818,dev03,1081,21.7,35.3,
1770191371021,dev03,563,24.2,38.2,
1770191371229,dev03,484,22.2,37.4,
1770191371443,dev03,517,24,62.5,
1770191371651,dev03,1284,22.5,69.6,
1770191371855,dev03,484,22.3,64.9,
1770191372056,dev03,1259,23.3,54.6,
1770191372260,dev03,670,23.1,39.1,
1770191372461,dev03,1158,20.5,43.8,
1770191372671,dev03,939,22.6,45.9,
1770191372882,dev03,780,20.2,40.1,
1770191373082,dev03,460,27.9,68.5,
1770191373282,dev03,719,22.8,47,
1770191373487,dev03,891,25.5,74.3,
1770191373694,dev03,838,24,48.3,
1770191373904,dev03,1015,23.8,43.9,
1770191374108,dev03,895,24.9,63,
1770191374319,dev03,704,25.7,74.4,
1770191374526,dev03,712,23.4,61.4,
1770191374741,dev03,633,26.4,70,
1770191374953,dev03,659,27,53.1,
1770191375163,dev03,509,20.7,42.6,
1770191375364,dev03,849,24,35.9,
1770191375572,dev03,1071,27.2,46.8,
1770191375775,dev03,1059,25.3,55.5,
1770191375982,dev03,966,20.1,62.2,
1770191376190,dev03,1141,27.7,35.2,
1770191376391,dev03,695,21.1,35.2,
1770191376596,dev03,998,24.9,50.4,
1770191376796,dev03,1171,26.3,44.6,
1770191377005,dev03,789,21.7,72.3,
1770191377220,dev03,720,20.1,55,
1770191377428,dev03,1079,21.9,67,
1770191377641,dev03,860,23.2,36.2,
1770191377838,dev03,590,26.5,67.3,
1770191378039,dev03,902,23.4,73,
1770191378251,dev03,675,23.4,42.4,
1770191378456,dev03,805,23.9,53.6,
1770191378666,dev03,672,20.7,50.4,
1770191378867,dev03,589,22.4,61.8,
1770191379072,dev03,1224,23.6,61.3,
1770191379282,dev03,496,23.7,50,
1770191379482,dev03,1257,20,65.9,
1770191379687,dev03,580,20.3,38.7,
1770191379887,dev03,810,20.1,44,
1770191380093,dev03,1056,21.9,48.4,
1770191380298,dev03,762,21.8,37.7,
1770191380504,dev03,557,23.7,73.8,
1770191380709,dev03,833,25.9,42.3,
1770191380921,dev03,1202,21.3,45.8,
1770191381130,dev03,1273,24.2,53.2,
1770191381330,dev03,620,20.2,66.1,
1770191381535,dev03,905,27.5,52.4,
1770191381742,dev03,1071,27.9,43.3,
1770191381952,dev03,1263,26.5,64.3,
1770191382167,dev03,922,26.3,65.4,
1770191382368,dev03,1053,27.8,43.9,
1770191382574,dev03,824,26.6,48,
1770191382779,dev03,577,21.4,70.1,
1770191382985,dev03,515,21.6,53.3,
1770191383190,dev03,647,22.2,36.7,
1770191383390,dev03,833,25.9,61.2,
1770191383595,dev03,987,20.4,48.7,
1770191383795,dev03,749,25.3,63,
1770191384002,dev03,602,25.4,55,
1770191384210,dev03,717,23.2,52.9,
1770191384418,dev03,1005,23,37,
1770191384633,dev03,679,26,45.1,
1770191384839,dev03,1029,20.4,39.6,
1770191385045,dev03,534,23.8,38.1,
1770191385251,dev03,483,20.1,54.6,
1770191385455,dev03,896,26,38.8,
1770191385667,dev03,1157,22.6,35.6,
1770191385876,dev03,896,26.3,35.2,
1770191386082,dev03,1182,26.8,63.2,
1770191386288,dev03,1030,20.7,57.1,
1770191386493,dev03,532,21.7,38.5,
1770191386704,dev03,747,21.8,62.8,
1770191386914,dev03,512,26.4,49.2,
1770191387126,dev03,478,22.3,47,
1770191387337,dev03,496,23.5,39.5,
1770191387547,dev03,987,27.9,40.4,
1770191387755,dev03,1072,26.8,43.2,
1770191387958,dev03,880,26.4,69.2,
1770191388164,dev03,723,22.7,41.9,
1770191388365,dev03,786,27.6,44,
1770191388569,dev03,538,26.3,49.7,
1770191388779,dev03,1228,20.4,56.4,
1770191388979,dev03,831,21.4,70.5,
1770191389190,dev03,666,23.3,43.2,
1770191389397,dev03,641,22.5,62.7,
1770191389602,dev03,624,20.9,65.5,
1770191389812,dev03,969,22.7,39,
1770191390018,dev03,1300,20.1,58.5,
1770191390227,dev03,714,21,39.8,
1770191390435,dev03,567,26.8,46.8,
1770191390635,dev03,901,24.2,72.1,
1770191390844,dev03,1203,26.2,66.6,
1770191391055,dev03,1226,20.3,42.4,
1770191391263,dev03,1210,27.7,71.6,
1770191391467,dev03,594,25.6,74.2,
1770191391679,dev03,1267,21.9,55,
1770191391883,dev03,742,25.2,47.2,
1770191392095,dev03,518,24.3,38.3,
1770191392299,dev03,1019,24.1,50.1,
1770191392506,dev03,1134,23.9,61.5,
1770191392721,dev03,1169,23,70.7,
1770191392927,dev03,1193,25.3,75,
1770191393133,dev03,598,24.1,71.2,
1770191393339,dev03,882,25,60,
1770191393550,dev03,896,21.9,61.8,
1770191393758,dev03,1258,27,46.7,
1770191393959,dev03,447,26.5,38,
1770191394175,dev03,873,22.2,38,
1770191394375,dev03,1240,25.4,52.9,
1770191394586,dev03,1175,23.7,46.9,
1770191394786,dev03,1030,27.9,64.2,
1770191394991,dev03,681,24.3,60.6,
1770191395204,dev03,935,27.9,53.6,
1770191395419,dev03,519,27.2,52.3,
1770191395630,dev03,1094,27.8,58.8,
1770191395838,dev03,856,22.4,57.6,
1770191396046,dev03,649,21,65.8,
1770191396254,dev03,1286,26.9,74.2,
1770191396456,dev03,893,20.3,57.4,
1770191396656,dev03,960,24.5,41.4,
1770191396867,dev03,482,22.9,54.6,
1770191397080,dev03,606,22,38.9,
1770191397289,dev03,888,25.6,50.2,
1770191397496,dev03,945,22.8,35.8,
1770191397713,dev03,870,24.2,72.8,
1770191397922,dev03,597,24.7,43.8,
1770191398137,dev03,720,22.6,54.8,
1770191398346,dev03,548,26.1,65.3,
1770191398553,dev03,979,27.7,55,
1770191398756,dev03,1094,20.6,67.6,
1770191398971,dev03,1022,22.2,61.2,
1770191399179,dev03,1086,21.5,71,
1770191399389,dev03,610,22.5,38.2,
1770191399599,dev03,1199,24.3,54.4,
1770191399810,dev03,1130,22.8,67.5,
1770191400015,dev03,1003,25.8,41.3,
1770191400230,dev03,545,21.3,51.3,
1770191400431,dev03,609,25.4,36.2,
1770191400638,dev03,1127,20.8,39.4,
1770191400849,dev03,705,23.3,39.2,
1770191401053,dev03,483,26.8,37.2,
1770191401265,dev03,448,26.2,47.4,
1770191401476,dev03,1299,24.1,46.6,
1770191401680,dev03,1227,21.2,60.3,
1770191401887,dev03,1106,20.7,44.6,
1770191402093,dev03,550,22.8,47.9,
1770191402298,dev03,754,20.1,37.5,
1770191402497,dev03,613,21.7,70.4,
1770191402699,dev03,825,26.8,39.8,
1770191402903,dev03,794,22.1,67.3,
1770191403108,dev03,1233,27.8,59.7,
1770191403319,dev03,528,24.3,43,
1770191403524,dev03,615,23.5,72.9,
1770191403729,dev03,762,20.8,59.6,
1770191403942,dev03,1016,23.1,47,
1770191404152,dev03,1044,22.8,67.6,
1770191404366,dev03,440,22.7,35.4,
1770191404578,dev03,886,23.1,73.7,
1770191404783,dev03,1070,21.1,40.1,
1770191404983,dev03,1118,23.6,72.7,
1770191405194,dev03,814,23.6,57.2,
1770191405401,dev03,1131,22.1,65.9,
1770191405609,dev03,1233,22.9,47,
1770191405810,dev03,823,21.7,59.9,
1770191406021,dev03,742,20.5,45.4,
1770191406225,dev03,1158,24.4,49.2,
1770191406433,dev03,844,27.6,65.2,
1770191406645,dev03,758,27.3,68.2,
1770191448655,dev01,1031,25.1,56.8,
1770191448855,dev01,579,24.5,67.7,
1770191449059,dev01,1179,22.6,43.5,
1770191449270,dev01,766,22.2,61.5,
1770191449474,dev01,537,20.5,49.1,
1770191449682,dev01,779,23.2,68.8,
1770191449884,dev01,518,21.2,51.9,
1770191450093,dev01,1243,20.5,37.2,
1770191450303,dev01,1199,25,58,
1770191450508,dev01,943,22.4,59.6,
1770191450716,dev01,576,27.4,51.9,
1770191450917,dev01,457,27.4,57.2,
1770191451119,dev01,1110,26.2,42.2,
1770191451329,dev01,768,26.6,45.1,
1770191451540,dev01,412,24.4,52.6,
1770191451749,dev01,1133,26.6,63.2,
1770191451964,dev01,606,25.7,43.5,
1770191452173,dev01,654,26.6,74.2,
1770191452384,dev01,1056,23.4,38.5,
1770191452597,dev01,689,22.6,50.2,
1770191452797,dev01,1089,25.3,67.9,
1770191452999,dev01,954,25.3,53.7,
1770191453206,dev01,977,23.3,37.8,
1770191453412,dev01,1184,27.9,61.8,
1770191453621,dev01,1024,20.9,73,
1770191453828,dev01,1183,22.1,53.2,
1770191454041,dev01,1040,24.4,74.5,
1770191454245,dev01,1054,24.2,57.9,
1770191454446,dev01,523,27.5,63.5,
1770191454649,dev01,853,24.6,53.4,
1770191454855,dev01,1045,24.5,53.8,
1770191455070,dev01,976,20.6,44.3,
1770191455273,dev01,500,20.2,35.8,
1770191455473,dev01,631,25.9,67.8,
1770191455685,dev01,871,27.5,47.7,
1770191455902,dev01,1299,25.4,49,
1770191456105,dev01,872,24.6,72.8,
1770191456310,dev01,1141,20.8,52.7,
1770191456522,dev01,551,26.6,43.6,
1770191456726,dev01,836,20.4,45.8,
1770191456926,dev01,580,22.3,67.7,
1770191457138,dev01,950,26.6,68.4,
1770191457352,dev01,688,27.7,45.2,
1770191457554,dev01,466,24.9,48.3,
1770191457767,dev01,841,20.4,68.6,
1770191457967,dev01,587,21.2,70.4,
1770191458168,dev01,539,24.9,40.9,
1770191458375,dev01,412,22.3,46.2,
1770191458579,dev01,517,24.6,40.1,
1770191458786,dev01,1277,21.1,58.9,
1770191459001,dev01,1282,22.2,66.7,
1770191459212,dev01,671,23.3,65.4,
1770191459412,dev01,532,21.7,38.4,
1770191459620,dev01,1194,24.9,68.3,
1770191459819,dev01,724,22.6,47.5,
1770191460029,dev01,1092,24.2,55.8,
1770191460233,dev01,1187,21.3,51.6,
1770191460445,dev01,905,23.5,67.7,
1770191460656,dev01,1210,27.8,65.5,
1770191460862,dev01,534,26.3,63.3,
1770191461078,dev01,1163,20.4,67.1,
1770191461286,dev01,1185,21.5,69.7,
1770191461498,dev01,435,22.5,35.9,
1770191461712,dev01,511,21.6,63.2,
1770191461916,dev01,610,20.3,63.4,
1770191462115,dev01,1164,20.1,74.8,
1770191462315,dev01,563,24.9,44.5,
1770191462521,dev01,902,23.4,42.2,
1770191462735,dev01,962,25.1,56.8,
1770191462946,dev01,661,27.5,54,
1770191463150,dev01,462,26.5,59.6,
1770191463360,dev01,752,25.8,43.1,
1770191463574,dev01,1094,20.9,35.6,
1770191463777,dev01,1150,23.9,38.1,
1770191463982,dev01,1096,25.3,46.8,
1770191464196,dev01,903,27.5,59.8,
1770191464399,dev01,925,22.9,48.1,
1770191464612,dev01,884,24.2,50.6,
1770191464826,dev01,496,26.8,47.5,
1770191465033,dev01,731,25.6,69.8,
1770191465243,dev01,1201,22.1,54,
1770191465449,dev01,1200,25.9,46.6,
1770191465652,dev01,803,22.6,61.3,
1770191465855,dev01,838,25.9,58.5,
1770191466069,dev01,845,25.1,58.4,
1770191466270,dev01,1128,23.3,37.2,
1770191466481,dev01,1160,27.1,68.8,
1770191466683,dev01,1129,25.4,40.6,
1770191466887,dev01,747,27.8,66.5,
1770191467090,dev01,807,20.9,51.7,
1770191467298,dev01,727,24.3,38.5,
1770191467510,dev01,567,26.1,63.4,
1770191467723,dev01,1105,23.6,73.9,
1770191467946,dev01,1277,22.2,41.2,
1770191468156,dev01,413,21.4,54,
1770191468362,dev01,407,27.6,74.8,
1770191468569,dev01,860,22.8,54.4,
1770191468772,dev01,414,24.1,49.1,
1770191468984,dev01,1271,23.6,39.1,
1770191469183,dev01,746,23.7,62,
1770191469394,dev01,1228,26.5,37.7,
1770191469600,dev01,466,25.2,36.4,
1770191469801,dev01,1037,22.3,58.5,
1770191470012,dev01,654,24.5,37,
1770191470217,dev01,604,23,39.2,
1770191470424,dev01,1091,23.3,44.9,
1770191470624,dev01,1230,21.7,55.2,
1770191470831,dev01,867,26.8,38.7,
1770191471043,dev01,984,21.4,38.6,
1770191471250,dev01,459,23.6,72.5,
1770191471452,dev01,1062,22.7,62.1,
1770191471654,dev01,924,25.3,41.3,
1770191471870,dev01,1258,27.1,59.5,
1770191472077,dev01,853,26.4,73.4,
1770191472280,dev01,675,22.3,56,
1770191472481,dev01,1253,21,42,
1770191472685,dev01,832,26.1,58.7,
1770191472889,dev01,1288,27.5,48,
1770191473096,dev01,565,23,36.9,
1770191473301,dev01,707,23.1,55.8,
1770191473515,dev01,899,24.5,49,
1770191473723,dev01,873,24.2,45.1,
1770191473926,dev01,652,25.3,63.3,
1770191474139,dev01,924,23.3,67.2,
1770191474340,dev01,651,27.3,42.9,
1770191474540,dev01,717,20.2,51.3,
1770191474750,dev01,736,21,63.1,
1770191474955,dev01,519,22.4,44.2,
1770191475171,dev01,1195,20,54.6,
1770191475378,dev01,752,22.3,42.9,
1770191475581,dev01,598,24.9,73.8,
1770191475780,dev01,694,27.5,35.9,
1770191475983,dev01,816,24.7,74,
1770191476186,dev01,442,26.1,45.9,
1770191476393,dev01,514,22.8,44.6,
1770191476603,dev01,858,27.9,55.8,
1770191476815,dev01,665,27.6,52.9,
1770191477019,dev01,1295,21.5,62.5,
1770191477234,dev01,884,27.6,52,
1770191477443,dev01,557,20.6,52.3,
1770191477645,dev01,1137,21.6,74,
1770191477854,dev01,1239,23.3,37.2,
1770191478061,dev01,865,26.1,45.6,
1770191478263,dev01,458,24.9,49.8,
1770191478478,dev01,1111,27.6,36.5,
1770191478678,dev01,471,20.7,49.9,
1770191478884,dev01,1106,22.9,36.1,
1770191479096,dev01,901,24,58.4,
1770191479296,dev01,451,20.8,49.5,
1770191479505,dev01,1031,20.2,61.7,
1770191479718,dev01,1118,25.5,61.6,
1770191479930,dev01,636,25.1,38,
1770191480138,dev01,567,25.2,63.5,
1770191480343,dev01,824,21.5,60.2,
1770191480545,dev01,1183,21.1,51.5,
1770191480750,dev01,907,24,70.9,
1770191480961,dev01,549,23.7,56.6,
1770191481170,dev01,1006,25.5,72.8,
1770191481372,dev01,1079,20.3,51.3,
1770191481582,dev01,1027,27.8,72.2,
1770191481789,dev01,1113,21.9,68.3,
1770191481994,dev01,403,22.3,38.1,
1770191482209,dev01,653,21.4,42.9,
1770191482418,dev01,1255,24.4,65.3,
1770191482624,dev01,443,20.5,45,
1770191482833,dev01,655,26.6,50.9,
1770191483033,dev01,1067,26.7,35.5,
1770191483244,dev01,961,22.6,47.9,
1770191483450,dev01,1158,20,48.3,
1770191483659,dev01,638,22.6,63,
1770191483866,dev01,1065,23,40.6,
1770191484068,dev01,573,23.1,46.8,
1770191484278,dev01,1193,22.7,54.4,
1770191484487,dev01,495,23.8,70.4,
1770191484699,dev01,921,25.1,67.7,
1770191484909,dev01,1241,22.3,64.1,
1770191485114,dev01,725,21.9,56.4,
1770191485324,dev01,466,25.3,42.4,
1770191485529,dev01,1167,23.1,71,
1770191485736,dev01,990,26.7,39.4,
1770191485941,dev01,870,21.6,37.1,
1770191486159,dev01,1059,24.2,64.4,
1770191486373,dev01,1253,23.4,71.1,
1770191486577,dev01,1297,21.1,51.1,
1770191486790,dev01,1249,21,72.2,
1770191486989,dev01,969,21.8,51.3,
1770191487195,dev01,969,23.2,37.6,
1770191487405,dev01,812,20.2,57.6,
1770191487610,dev01,548,23.5,57.2,
1770191487822,dev01,464,20.5,72.5,
1770191488034,dev01,788,22,70.9,
1770191488234,dev01,1291,20.2,63.3,
1770191488449,dev01,1032,23,55.3,
1770191488650,dev01,992,21.4,71.4,
1770191488860,dev01,1223,20.7,53.9,
1770191489071,dev01,667,22.7,73.1,
1770191489283,dev01,1146,22,65.9,
1770191489484,dev01,1213,23.6,56,
1770191489698,dev01,475,26.8,37.5,
1770191489903,dev01,1176,25.1,65.4,
1770191490111,dev01,648,22.1,68.5,
1770191490313,dev01,1256,24.6,36.4,
1770191490519,dev01,1074,21.8,42.6,
1770191490731,dev01,823,25.4,56.1,
1770191490937,dev01,994,26.9,48.7,
1770191491148,dev01,721,24.6,59.6,
1770191491353,dev01,514,21.2,57.6,
1770191491559,dev01,752,23.9,41.5,
1770191491772,dev01,742,23.2,48.1,
1770191491986,dev01,857,24.6,45.7,
1770191492187,dev01,630,20.9,63.3,
1770191492405,dev01,787,22.5,43.8,
1770191492609,dev01,644,21.4,62.7,
1770191492819,dev01,1019,24.5,46.8,
1770191493023,dev01,1229,25,70.2,
1770191493235,dev01,592,25.9,45.4,
1770191493435,dev01,919,25,36.4,
1770191493646,dev01,872,21.7,72.8,
1770191493850,dev01,940,25.4,43.4,
1770191494057,dev01,1174,23.1,67.1,
1770191494268,dev01,1022,21.1,63.1,
1770191494478,dev01,430,21.9,42.9,
1770191494686,dev01,589,22.1,68.1,
1770191494895,dev01,1127,21.1,58.8,
1770191495095,dev01,855,23.2,41.8,
1770191495311,dev01,1182,22.8,53.3,
1770191495511,dev01,1091,24.2,55.8,
1770191495722,dev01,737,26.6,55.6,
1770191495932,dev01,1266,27.1,54.2,
1770191496144,dev01,1086,27.7,48.9,
1770191496358,dev01,666,20.6,58.6,
1770191496565,dev01,1191,26.6,39.5,
1770191496776,dev01,999,22.4,63.6,
1770191496976,dev01,660,24.5,47.6,
1770191497185,dev01,632,25.4,36.5,
1770191497398,dev01,799,20.9,38.3,
1770191497610,dev01,1276,26,58.9,
1770191497826,dev01,658,21.1,58.4,
1770191498013,dev01,920,25.2,47.3,
1770191498223,dev01,1165,27.2,51.4,
1770191498437,dev01,507,23.3,55.9,
1770191498636,dev01,1188,25.9,57.3,
1770191498842,dev01,734,27.2,49.8,
1770191499047,dev01,837,21.4,50.1,
1770191499253,dev01,1024,25.7,41.8,
1770191499463,dev01,1174,26.3,35,
1770191499667,dev01,477,21.9,64.9,
1770191499874,dev01,1017,22,52,
1770191500079,dev01,674,23.1,66.7,
1770191500281,dev01,949,20.8,39.4,
1770191500485,dev01,1077,23.5,72.3,
1770191500695,dev01,503,20.4,50,
1770191500913,dev01,1065,23.6,41.3,
1770191501126,dev01,1060,21.5,43.6,
1770191501338,dev01,999,20.7,72.6,
1770191501550,dev01,936,27.3,65.4,
1770191501762,dev01,634,21,50.5,
1770191501972,dev01,570,26.1,74.2,
1770191502183,dev01,635,26.8,38.2,
1770191502394,dev01,708,26,67.3,
1770191502605,dev01,1212,25.7,45.7,
1770191502816,dev01,419,26.4,71.7,
1770191503026,dev01,445,23.2,39.7,
1770191503228,dev01,747,27.8,46,
1770191503435,dev01,1282,25.3,61.2,
1770191503637,dev01,1124,20.7,36.7,
1770191503847,dev01,631,23.5,44.9,
1770191504054,dev01,991,24.1,40.3,
1770191504264,dev01,442,28,65.8,
1770191504472,dev01,1165,22.6,39.1,
1770191504681,dev01,850,24.2,65.9,
1770191504886,dev01,500,20,72,
1770191505092,dev01,759,21.7,74,
1770191505298,dev01,659,27.2,41.3,
1770191505513,dev01,958,24.4,65.4,
1770191505714,dev01,1168,21.1,69.9,
1770191505924,dev01,767,23.5,37.2,
1770191506139,dev01,754,21,71.4,
1770191506354,dev01,965,27.6,40.1,
1770191506557,dev01,1254,22.9,39.7,
1770191506756,dev01,1088,21.9,72.1,
1770191506965,dev01,984,21,53.6,
1770191507172,dev01,494,20.3,48.1,
1770191507373,dev01,830,26.4,39.7,
1770191507574,dev01,880,27.1,49.4,
1770191507781,dev01,961,22.9,50.8,
1770191508013,dev01,493,24.7,41.5,
1770191508224,dev01,1097,20.3,74.2,
1770191508424,dev01,578,21.8,43.2,
1770191508635,dev01,914,22.8,39.7,
1770191508844,dev01,783,20.9,72.2,
1770191509045,dev01,721,24.7,66,
1770191509254,dev01,658,27.2,56.3,
1770191509458,dev01,576,26.3,56.6,
1770191509469,dev02,812,27.1,45.2,
1770191509658,dev01,1210,22.4,73.7,
1770191509672,dev02,1106,27.2,67.7,
1770191509859,dev01,786,21.3,63.7,
1770191509875,dev02,730,25.8,64.7,
1770191510065,dev01,521,21.8,48.5,
1770191510079,dev02,1130,27.1,54.2,
1770191510279,dev02,601,23.2,38.1,
1770191510280,dev01,1222,24.4,42.9,
1770191510487,dev02,544,24.3,50.2,
1770191510487,dev01,1284,20.6,43.5,
1770191510692,dev01,1251,25.7,49.5,
1770191510692,dev02,1061,27.7,60,
1770191510910,dev02,462,22.9,70,
1770191510912,dev01,862,21.2,73.4,
1770191511116,dev01,1256,21,71.4,
1770191511116,dev02,1118,22.1,66.9,
1770191511318,dev02,1222,22.3,48.7,
1770191511319,dev01,586,25.1,39,
1770191511518,dev02,853,20.2,42.1,
1770191511533,dev01,913,23.6,38.5,
1770191511723,dev02,1111,27.9,64.6,
1770191511738,dev01,1295,24.7,69.4,
1770191511935,dev02,766,24.5,72.2,
1770191511947,dev01,985,27.9,42.5,
1770191512144,dev02,487,23.1,61.3,
1770191512159,dev01,756,24.5,46.6,
1770191512360,dev01,1292,26.7,53.4,
1770191512360,dev02,631,26.2,69.3,
1770191512567,dev01,1179,27.6,73.2,
1770191512567,dev02,1068,27.8,68.7,
1770191512778,dev01,1003,23.2,61.8,
1770191512778,dev02,499,25.1,69.4,
1770191512983,dev02,1083,21.8,47.4,
1770191512983,dev01,1129,21.6,72.1,
1770191513194,dev01,702,22.9,45.8,
1770191513194,dev02,1103,21.9,58.4,
1770191513408,dev02,634,26.2,70.7,
1770191513408,dev01,555,21.5,67.6,
1770191513609,dev02,850,26.3,48.3,
1770191513609,dev01,926,24.6,70,
1770191513816,dev01,600,20.3,50.5,
1770191513816,dev02,863,27.7,53.7,
1770191514028,dev01,431,28,35.3,
1770191514028,dev02,450,22.8,71,
1770191514239,dev01,980,21.1,46.7,
1770191514238,dev02,510,23,47.7,
1770191514449,dev01,509,20.3,40.5,
1770191514449,dev02,1020,27.4,59.5,
1770191514658,dev01,948,22.2,48.3,
1770191514658,dev02,617,23.4,42.4,
1770191514873,dev02,1094,25.8,43.9,
1770191514873,dev01,476,20.5,53,
1770191515072,dev02,655,24.6,61.4,
1770191515072,dev01,750,27,70.1,
1770191515281,dev02,1185,22.6,50.7,
1770191515281,dev01,1042,25.6,72.3,
1770191515489,dev02,1212,23.3,61.3,
1770191515490,dev01,691,21.8,41.6,
1770191515705,dev02,523,20.2,41.5,
1770191515705,dev01,1008,26.7,67.8,
1770191515909,dev02,972,20.7,66.5,
1770191515909,dev01,459,22.6,57.4,
1770191516113,dev01,415,27.9,38.8,
1770191516113,dev02,861,27.2,44.4,
1770191516316,dev02,580,26.7,48.9,
1770191516316,dev01,732,25.9,37.6,
1770191516526,dev02,952,22.5,59.7,
1770191516526,dev01,1257,24.7,73.8,
1770191516731,dev02,1215,22.1,68.6,
1770191516734,dev01,437,21.6,64.4,
1770191516940,dev02,850,26.2,60.2,
1770191516940,dev01,1223,26.6,64.6,
1770191517152,dev01,660,25.8,65.1,
1770191517153,dev02,1232,24.7,39.3,
1770191517355,dev02,403,21.9,46.3,
1770191517355,dev01,407,22.4,54.3,
1770191517558,dev01,447,24.6,71.6,
1770191517558,dev02,993,25.4,60.2,
1770191517762,dev01,853,21.3,38.1,
1770191517762,dev02,902,20.5,37.5,
1770191517963,dev01,1164,27.5,70.7,
1770191517963,dev02,1107,27.7,56.1,
1770191518168,dev01,1203,23.4,47.6,
1770191518168,dev02,532,20.2,40,
1770191518374,dev01,636,24.8,38.1,
1770191518374,dev02,837,27.2,37.2,
1770191518579,dev02,1189,25.5,47.8,
1770191518579,dev01,495,27,48.9,
1770191518790,dev01,1000,24.1,55.6,
1770191518790,dev02,1200,20.2,70.3,
1770191518995,dev02,1221,25.3,53.8,
1770191518995,dev01,735,24,52,
1770191519200,dev02,1168,22.6,53,
1770191519200,dev01,730,25.5,65,
1770191519401,dev01,753,27.3,49,
1770191519401,dev02,599,27.8,51.1,
1770191519610,dev01,649,21.6,36.3,
1770191519610,dev02,1216,26.9,47.1,
1770191519819,dev01,946,27.1,53.1,
1770191519819,dev02,1040,22.2,35.9,
1770191520022,dev02,952,25,55.3,
1770191520022,dev01,913,20.2,35.7,
1770191520233,dev01,1180,28,42.8,
1770191520233,dev02,1098,22.7,41.8,
1770191520440,dev02,709,21,48.2,
1770191520441,dev01,1041,25.5,61.7,
1770191520644,dev01,1012,28,46,
1770191520644,dev02,493,22,36.3,
1770191520849,dev01,847,22.9,50.9,
1770191520849,dev02,698,22.2,43.9,
1770191521050,dev01,1209,21.5,62.1,
1770191521050,dev02,1052,20.6,56.7,
1770191521263,dev02,803,21.9,51.6,
1770191521263,dev01,880,26.2,59.7,
1770191521470,dev02,1205,21.8,48.3,
1770191521472,dev01,609,25.1,39.3,
1770191521676,dev02,541,23.1,52.3,
1770191521676,dev01,1296,21.6,61.1,
1770191521881,dev01,1077,26.2,60.5,
1770191521881,dev02,1109,21.4,73.8,
1770191522087,dev02,1150,27.9,59.1,
1770191522088,dev01,1010,25,43.4,
1770191522297,dev02,670,20.1,36,
1770191522297,dev01,536,21.3,71.5,
1770191522504,dev02,854,25.1,71.1,
1770191522505,dev01,969,24.3,51.8,
1770191522714,dev02,710,26.7,52.7,
1770191522715,dev01,992,25.8,62.9,
1770191522921,dev02,919,27.1,60.3,
1770191522923,dev01,771,23.6,64.8,
1770191523125,dev01,1007,22.5,43.9,
1770191523125,dev02,673,26.4,67.7,
1770191523334,dev02,838,22.4,60.6,
1770191523334,dev01,404,26.1,64.3,
1770191523544,dev02,1058,26.4,63.4,
1770191523544,dev01,739,25.6,69.9,
1770191523754,dev01,773,23.4,44.4,
1770191523754,dev02,497,22.7,54.6,
1770191523958,dev01,740,21,57.2,
1770191523958,dev02,563,25.8,41.2,
1770191524169,dev02,751,27.7,57.8,
1770191524169,dev01,624,25.4,55.3,
1770191524377,dev02,818,20.1,67.9,
1770191524378,dev01,951,27.2,70.8,
1770191524579,dev01,530,26.7,73.5,
1770191524579,dev02,1263,21,55.6,
1770191524782,dev02,1060,21.5,46.9,
1770191524782,dev01,1211,25.2,55.2,
1770191524983,dev01,1083,21.7,61.1,
1770191524983,dev02,1165,22.7,50.5,
1770191525191,dev01,1175,21.2,53.2,
1770191525191,dev02,979,24.7,67.4,
1770191525396,dev01,508,20.7,72.3,
1770191525396,dev02,524,28,65.7,
1770191525601,dev01,767,23.3,43.7,
1770191525601,dev02,939,24.9,68,
1770191525811,dev01,900,25,53,
1770191525811,dev02,1208,23.6,41.6,
1770191526018,dev02,1259,22.7,47.7,
1770191526018,dev01,948,21.4,42.7,
1770191526233,dev01,918,26.5,52,
1770191526234,dev02,434,20.4,69.7,
1770191526440,dev01,784,23.5,65.4,
1770191526440,dev02,821,24.5,51.3,
1770191526649,dev02,1007,26.7,49.1,
1770191526649,dev01,786,26,71.1,
1770191526860,dev01,623,26.4,51,
1770191526861,dev02,1016,25.9,55.4,
1770191527066,dev02,836,25.2,64.6,
1770191527066,dev01,1215,22.7,50.3,
1770191527273,dev02,1012,20.5,50.7,
1770191527273,dev01,1159,22.9,60.5,
1770191527474,dev02,935,23.1,72.7,
1770191527474,dev01,466,24.4,46.1,
1770191527689,dev01,785,20.1,74.3,
1770191527689,dev02,1261,25.8,48,
1770191527901,dev02,522,21.8,51.2,
1770191527902,dev01,685,23.8,53.7,
1770191528104,dev01,983,27.8,49,
1770191528104,dev02,622,24.2,63.7,
1770191528312,dev02,1128,22.3,42.4,
1770191528313,dev01,1163,26,43.2,
1770191528521,dev01,1144,26.6,56.8,
1770191528521,dev02,1148,22.9,48.6,
1770191528732,dev01,1197,26.7,35.2,
1770191528733,dev02,469,23.9,60.6,
1770191528947,dev01,599,24.5,38.8,
1770191528947,dev02,946,21.2,45.6,
1770191529158,dev02,999,21.9,71.3,
1770191529158,dev01,915,20.1,40.4,
1770191529358,dev02,1297,26.6,71.9,
1770191529358,dev01,506,27.5,68,
1770191529569,dev01,682,26.5,62.5,
1770191529570,dev02,511,25.4,73.5,
1770191529779,dev02,405,22,74.9,
1770191529779,dev01,1041,22,45.3,
1770191529990,dev01,873,22,65.6,
1770191529990,dev02,557,20.8,66.5,
1770191530202,dev02,426,27.7,46.9,
1770191530203,dev01,1076,27.3,60.6,
1770191530405,dev02,1210,26.8,37.8,
1770191530406,dev01,751,25.6,67.8,
1770191530611,dev02,534,22.7,61.1,
1770191530611,dev01,417,20.6,43.1,
1770191530819,dev02,588,21.4,42,
1770191530819,dev01,720,20.5,73.1,
1770191531028,dev02,1192,20.3,69.9,
1770191531031,dev01,864,27.3,52.3,
1770191531236,dev02,1184,22.4,45,
1770191531238,dev01,1204,21.6,44.9,
1770191531445,dev01,683,21.9,55.4,
1770191531445,dev02,596,23,57,
1770191531659,dev02,1293,23.4,68.7,
1770191531659,dev01,1064,27.2,55.5,
1770191531861,dev01,1238,26,69.4,
1770191531861,dev02,1254,24.5,72.4,
1770191532073,dev02,709,27.7,67.4,
1770191532073,dev01,426,22.3,37.6,
1770191532284,dev02,1067,22.2,64.6,
1770191532286,dev01,575,24.1,58.9,
1770191532491,dev01,584,21,68.3,
1770191532492,dev02,1078,26.7,61.7,
1770191532692,dev01,516,21.9,63.6,
1770191532692,dev02,1024,21.6,36.7,
1770191532904,dev01,414,25.1,40.5,
1770191532906,dev02,598,24,51.3,
1770191533116,dev01,659,23.1,61.1,
1770191533116,dev02,730,26.5,38.7,
1770191533317,dev01,495,21.6,45.7,
1770191533317,dev02,1100,20.6,72.2,
1770191533525,dev01,853,20.8,73.2,
1770191533525,dev02,1251,23.1,68.1,
1770191533733,dev02,709,23.3,53.5,
1770191533735,dev01,917,24.1,41.7,
1770191533936,dev01,414,24.6,55,
1770191533939,dev02,670,24.4,36.4,
1770191534138,dev01,1066,24.3,35.6,
1770191534150,dev02,994,24.1,45.3,
1770191534341,dev01,875,21.1,44.9,
1770191534356,dev02,500,26.7,73.1,
1770191534554,dev01,1278,21.7,68.6,
1770191534567,dev02,1070,21.1,50,
1770191534766,dev01,1138,23.9,44.6,
1770191534780,dev02,593,25.7,53,
1770191534969,dev01,692,20,54.2,
1770191534983,dev02,1126,26.6,55.5,
1770191535172,dev01,1145,26.3,38.9,
1770191535188,dev02,781,23.5,73.9,
1770191535381,dev01,1148,23.2,60.6,
1770191535393,dev02,999,26.3,62.2,
1770191535586,dev01,1002,21.3,42.8,
1770191535598,dev02,1028,24.1,72.1,
1770191535787,dev01,412,21.7,73.5,
1770191535803,dev02,802,20,63.9,
1770191535990,dev01,919,22.5,39.2,
1770191536005,dev02,677,26.2,43.3,
1770191536199,dev01,962,22.4,41.1,
1770191536215,dev02,1073,21.4,58.2,
1770191536409,dev01,1138,24.8,60.1,
1770191536427,dev02,673,25.5,53.6,
1770191536615,dev01,988,20,46.1,
1770191536628,dev02,658,25.3,50.1,
1770191536819,dev01,1269,25.8,74.6,
1770191536835,dev02,721,24.4,60.4,
1770191537022,dev01,1282,27,40.5,
1770191537036,dev02,878,25.9,37,
1770191537224,dev01,756,25.4,74.6,
1770191537240,dev02,1143,20.7,62.5,
1770191537425,dev01,874,22,42.8,
1770191537453,dev02,1041,20,66.4,
1770191537625,dev01,857,24.5,70,
1770191537668,dev02,592,23.2,53.8,
1770191537835,dev01,1054,24.2,63.5,
1770191537879,dev02,968,22.5,60.3,
1770191538039,dev01,1283,21.1,47.6,
1770191538083,dev02,1187,21.8,36.6,
1770191538246,dev01,593,22.3,70.2,
1770191538290,dev02,542,26.1,70.2,
1770191538458,dev01,1255,23.6,41,
1770191538507,dev02,617,27.1,59.6,
1770191538674,dev01,797,23,70.5,
1770191538717,dev02,706,25.6,66.5,
1770191538889,dev01,738,21.5,68.2,
1770191538919,dev02,589,25.9,44.2,
1770191539100,dev01,601,25.2,66.6,
1770191539130,dev02,833,27.1,61,
1770191539304,dev01,806,23.1,53.1,
1770191539336,dev02,417,24.6,48.3,
1770191539516,dev01,833,26,70.5,
1770191539547,dev02,774,20.4,55.5,
1770191539723,dev01,493,21.3,68.8,
1770191539751,dev02,521,23.2,47.9,
1770191539925,dev01,449,21.8,67.2,
1770191539967,dev02,506,20.5,50.3,
1770191540128,dev01,435,25.1,48.5,
1770191540171,dev02,696,27.7,63.5,
1770191540328,dev01,626,21,63.6,
1770191540377,dev02,729,26.1,52.5,
1770191540542,dev01,945,27.2,47.9,
1770191540585,dev02,586,23.4,48.3,
1770191540750,dev01,951,24.2,60.9,
1770191540794,dev02,762,20.5,42,
1770191540960,dev01,429,25.3,54.4,
1770191541003,dev02,672,21.5,70.9,
1770191541169,dev01,1169,23,61.8,
1770191541213,dev02,608,26.2,59.4,
1770191541370,dev01,712,21.4,52.5,
1770191541415,dev02,884,24.8,51.5,
1770191541576,dev01,1103,26.2,42.3,
1770191541619,dev02,828,21.8,55.1,
1770191541781,dev01,1266,26.6,74.7,
1770191541825,dev02,871,25.7,67.1,
1770191541986,dev01,744,22.1,40.2,
1770191542026,dev02,743,25.9,66,
1770191542191,dev01,871,23.8,66.6,
1770191542234,dev02,1086,23.7,56.5,
1770191542403,dev01,872,25.3,74.6,
1770191542447,dev02,425,20.6,60.2,
1770191542609,dev01,460,21.6,70.3,
1770191542651,dev02,1155,20.3,37,
1770191542814,dev01,586,25.9,37.4,
1770191542857,dev02,1231,27,40.9,
1770191543025,dev01,792,27.2,43,
1770191543065,dev02,429,21.7,65.7,
1770191543226,dev01,950,24.3,73.8,
1770191543265,dev02,736,26.3,54.8,
1770191543430,dev01,833,27.5,39.5,
1770191543473,dev02,802,27.1,69.2,
1770191543630,dev01,1256,27.5,59.4,
1770191543683,dev02,1003,21.7,43.3,
1770191543841,dev01,616,25.5,36.7,
1770191543889,dev02,1248,22.4,42.2,
1770191544049,dev01,555,24.4,51.9,
1770191544096,dev02,1006,24.2,64.8,
1770191544262,dev01,499,23.8,74.2,
1770191544309,dev02,914,20.1,72.2,
1770191544467,dev01,1084,23.4,52.2,
1770191544511,dev02,581,21.7,35.2,
1770191544679,dev01,683,21.5,40.8,
1770191544722,dev02,434,20.2,40.2,
1770191544891,dev01,985,20.3,62.7,
1770191544934,dev02,865,27.4,49.5,
1770191545095,dev01,1157,22.9,44.3,
1770191545140,dev02,745,21.2,60.4,
1770191545300,dev01,1118,22.6,53.8,
1770191545346,dev02,931,21.1,49.1,
1770191545512,dev01,716,27.4,74.2,
1770191545551,dev02,1216,25.9,49.7,
1770191545726,dev01,1276,21.5,63.6,
1770191545757,dev02,607,21.1,37.7,
1770191545939,dev01,891,27.4,51.7,
1770191545966,dev02,1219,25.6,74.6,
1770191546150,dev01,805,23.8,65,
1770191546165,dev02,947,27,50.9,
1770191546364,dev01,1119,27.3,43.9,
1770191546376,dev02,649,23.2,55.3,
1770191546567,dev01,619,24.1,59,
1770191546580,dev02,707,21.7,41,
1770191546772,dev01,1045,25.2,61.7,
1770191546785,dev02,652,21.1,38.8,
1770191546982,dev01,664,22.8,63.2,
1770191546998,dev02,476,25.6,48.9,
1770191547193,dev01,561,27.2,42.6,
1770191547205,dev02,1014,26.4,56.1,
1770191547397,dev01,439,24.8,74.9,
1770191547410,dev02,1095,20.6,40.9,
1770191547600,dev01,1061,23.4,45.4,
1770191547615,dev02,1032,21.7,70.4,
1770191547811,dev01,547,20.3,44.5,
1770191547822,dev02,845,26,36.4,
1770191548018,dev01,669,23.3,46.5,
1770191548031,dev02,1042,20.9,65.3,
1770191548220,dev01,988,22.1,64.1,
1770191548235,dev02,877,22,49.9,
1770191548431,dev01,750,21.6,38.5,
1770191548443,dev02,531,23.2,67.4,
1770191548633,dev01,453,25.2,66.8,
1770191548650,dev02,657,21.4,52.9,
1770191548848,dev01,1285,20.6,63.4,
1770191548860,dev02,975,21.1,60.2,
1770191549058,dev01,1220,22.9,66.9,
1770191549074,dev02,891,27.3,68.2,
1770191549265,dev01,1000,21.4,50.7,
1770191549281,dev02,890,23.9,60.1,
1770191549479,dev01,993,22.7,44,
1770191549494,dev02,614,22.3,58,
1770191549686,dev01,1046,27.6,44.3,
1770191549699,dev02,796,21.1,73.5,
1770191549898,dev01,731,25,50.1,
1770191549914,dev02,453,27.8,53.1,
1770191550103,dev01,433,23.1,67.1,
1770191550120,dev02,696,25.6,60.6,
1770191550313,dev01,940,27.1,72.4,
1770191550325,dev02,688,26.7,44.5,
1770191550515,dev01,1240,27.8,39,
1770191550530,dev02,1251,25.5,57.4,
1770191550719,dev01,1242,27.4,40.3,
1770191550743,dev02,998,23.5,56.3,
1770191550929,dev01,1117,21.3,56.3,
1770191550957,dev02,653,26.3,45,
1770191551129,dev01,932,22.8,66.2,
1770191551159,dev02,811,23.1,69.6,
1770191551331,dev01,597,23.6,50.4,
1770191551374,dev02,1173,20.4,38.3,
1770191551535,dev01,969,20.1,71.6,
1770191551580,dev02,1248,22,35.5,
1770191551735,dev01,867,26.7,38.5,
1770191551790,dev02,795,27.6,60.8,
1770191551940,dev01,470,25,67,
1770191551996,dev02,1289,23.1,44.5,
1770191552151,dev01,899,20.8,63.3,
1770191552211,dev02,1240,26.2,43.9,
1770191552356,dev01,877,22.9,62,
1770191552412,dev02,1209,24,72.2,
1770191552568,dev01,522,26.6,53.4,
1770191552612,dev02,703,25.5,36.5,
1770191552772,dev01,532,26.2,42.2,
1770191552819,dev02,821,23.1,57.6,
1770191552979,dev01,1082,21,71.2,
1770191553023,dev02,579,24.1,46.6,
1770191553179,dev01,938,22.1,73.5,
1770191553225,dev02,571,26,39.1,
1770191553394,dev01,1264,25.4,61.9,
1770191553439,dev02,844,24.6,41.6,
1770191553593,dev01,1282,24.7,50.6,
1770191553651,dev02,1068,26,49.7,
1770191553800,dev01,1118,22.9,59.2,
1770191553860,dev02,460,21.6,68.6,
1770191554005,dev01,602,20.3,58.2,
1770191554066,dev02,1008,26.1,57.8,
1770191554220,dev01,620,20.1,37.6,
1770191554266,dev02,918,26.2,60.7,
1770191554428,dev01,1203,24.2,65.3,
1770191554474,dev02,1046,26.9,66.8,
1770191554642,dev01,975,20.6,54.4,
1770191554687,dev02,425,20,74.4,
1770191554854,dev01,796,20.3,55,
1770191554897,dev02,1116,23.7,40.9,
1770191555059,dev01,881,22.7,67.2,
1770191555103,dev02,893,21.6,53.9,
1770191555269,dev01,549,22.5,54.2,
1770191555303,dev02,970,25.3,49.9,
1770191555482,dev01,1257,20.3,43.2,
1770191555509,dev02,904,25.8,57.4,
1770191555687,dev01,833,25.6,56.8,
1770191555714,dev02,679,26.1,60.8,
1770191555889,dev01,680,23.1,38.3,
1770191555920,dev02,627,23.8,52.4,
1770191556093,dev01,1043,27.4,53.4,
1770191556121,dev02,443,25.6,36.3,
1770191556302,dev01,1284,26.4,40.3,
1770191556333,dev02,797,27.5,36.7,
1770191556503,dev01,932,25.3,55.5,
1770191556535,dev02,801,22,46.8,
1770191556710,dev01,1008,24.7,65.7,
1770191556737,dev02,688,21.9,51.7,
1770191556923,dev01,1056,21.6,61.6,
1770191556951,dev02,949,24,54.6,
1770191557134,dev01,1300,24.9,48.8,
1770191557165,dev02,569,22.2,44.4,
1770191557345,dev01,1252,26.8,65.6,
1770191557372,dev02,839,23.2,47.5,
1770191557556,dev01,452,27.9,42.2,
1770191557585,dev02,622,27.9,36.6,
1770191557768,dev01,963,22.1,41,
1770191557799,dev02,1152,23.4,43.6,
1770191557979,dev01,853,27.4,53.4,
1770191558001,dev02,755,27.5,61.2,
1770191558187,dev01,920,24.1,64.6,
1770191558201,dev02,1286,20.2,73.5,
1770191558396,dev01,893,26.5,57.9,
1770191558408,dev02,1268,23.3,36.2,
1770191558606,dev01,941,20.5,65.2,
1770191558617,dev02,492,25.5,73.3,
1770191558812,dev01,564,26.7,72,
1770191558825,dev02,687,24.8,61.1,
1770191559017,dev01,771,22.1,56.5,
1770191559030,dev02,538,23.4,70.1,
1770191559228,dev01,627,27,72.3,
1770191559241,dev02,669,21.1,43.2,
1770191559437,dev01,516,23.1,40.1,
1770191559450,dev02,494,20.8,54.9,
1770191559645,dev01,761,24.6,40,
1770191559658,dev02,1275,20.4,67.9,
1770191559858,dev01,1058,27.7,59.6,
1770191559868,dev02,832,25.7,57.9,
1770191560071,dev02,521,26.1,71,
1770191560070,dev01,878,26.6,66.6,
1770191560271,dev01,642,24.4,36.3,
1770191560271,dev02,802,22.5,36.1,
1770191560473,dev01,689,21.1,39.5,
1770191560473,dev02,485,20.3,66.4,
1770191560683,dev01,787,21.8,71.5,
1770191560683,dev02,713,26,44.7,
1770191560887,dev01,1161,23,63.2,
1770191560887,dev02,421,23.3,60,
1770191561101,dev02,1202,24.4,55.7,
1770191561101,dev01,752,24.7,73,
1770191561304,dev01,460,21.4,59.7,
1770191561304,dev02,574,22.9,66.7,
1770191561517,dev01,1129,24.3,38.8,
1770191561517,dev02,889,26.2,51.8,
1770191561719,dev02,548,26.4,61.8,
1770191561720,dev01,1122,20.9,35.8,
1770191561928,dev01,1099,26.4,49.5,
1770191561929,dev02,1267,25.6,41.4,
1770191562138,dev02,1014,22,60.8,
1770191562138,dev01,447,23.6,48.9,
1770191562347,dev02,1059,20.8,38.3,
1770191562348,dev01,1266,26.9,67.6,
1770191562554,dev02,1023,24.3,57.6,
1770191562554,dev01,643,26.3,51.5,
1770191562769,dev02,959,26.9,46.1,
1770191562769,dev01,866,24.7,38.9,
1770191562969,dev02,1071,26.9,73,
1770191562981,dev01,478,23.8,74.2,
1770191563184,dev02,1253,20.9,55.4,
1770191563185,dev01,934,24.1,71.4,
1770191563384,dev02,1095,20.4,51.2,
1770191563399,dev01,543,22.3,57.9,
1770191563586,dev02,936,20.6,56.5,
1770191563599,dev01,1259,26.9,51.9,
1770191563796,dev02,487,23.8,59.7,
1770191563809,dev01,737,27.9,51.8,
1770191564007,dev02,695,27.3,63.1,
1770191564019,dev01,585,22.8,73.1,
1770191564206,dev02,540,21.1,67.8,
1770191564219,dev01,508,26.9,66.8,
1770191564412,dev02,542,22.2,63.9,
1770191564428,dev01,579,27.6,59.5,
1770191564623,dev02,461,23.3,60.5,
1770191564637,dev01,671,25.7,50.7,
1770191564833,dev02,1249,26.7,67.7,
1770191564845,dev01,809,27.7,59,
1770191565044,dev02,928,27.6,41.6,
1770191565060,dev01,1013,21.7,59.3,
1770191565246,dev02,943,27.3,69.3,
1770191565262,dev01,617,27.1,38.2,
1770191565456,dev02,404,26.2,45.7,
1770191565469,dev01,1004,26.3,48,
1770191565667,dev02,426,21.6,51.1,
1770191565680,dev01,863,20.3,39.4,
1770191565880,dev02,1146,24.7,73.5,
1770191565891,dev01,856,25.2,71.9,
1770191566093,dev01,1199,22.5,58.1,
1770191566095,dev02,571,22.8,73.5,
1770191566305,dev01,947,27.4,58.5,
1770191566305,dev02,867,22.4,52.2,
1770191566516,dev01,848,23.9,68.3,
1770191566519,dev02,1277,25,48.4,
1770191566731,dev02,986,28,55.1,
1770191566731,dev01,555,21.6,46.3,
1770191566932,dev02,994,23.6,57.6,
1770191566932,dev01,800,25.9,54.3,
1770191567144,dev01,1024,25.1,45,
1770191567144,dev02,899,23.9,70.6,
1770191567350,dev01,539,22.8,61.6,
1770191567351,dev02,417,27.1,45.5,
1770191567563,dev01,459,24.8,45.6,
1770191567565,dev02,1011,26.7,59,
1770191567765,dev01,680,26.9,69.8,
1770191567777,dev02,549,21.8,41.2,
1770191567975,dev01,1248,23.5,62.1,
1770191567991,dev02,887,25.9,35.2,
1770191568188,dev01,415,20.1,59.6,
1770191568200,dev02,1035,22.9,57.9,
1770191568398,dev01,503,22.3,72.3,
1770191568411,dev02,1009,23.6,39.1,
1770191568610,dev01,843,24.2,46.1,
1770191568621,dev02,771,22.9,65.1,
1770191568814,dev01,908,21.3,53,
1770191568829,dev02,1213,23.6,67.7,
1770191569024,dev01,880,27.9,57.9,
1770191569039,dev02,1299,23.4,38.8,
1770191569233,dev01,1231,22.5,52.7,
1770191569244,dev02,1078,20.7,50.6,
1770191569447,dev02,910,27,49.7,
1770191569448,dev01,987,21.8,68.8,
1770191569648,dev02,642,28,47.5,
1770191569661,dev01,452,26.8,73.9,
1770191569863,dev01,694,24.2,43.8,
1770191569863,dev02,674,23.4,52.6,
1770191570075,dev01,819,26.2,58.5,
1770191570074,dev02,546,26.7,52.7,
1770191570275,dev02,900,20.2,58.7,
1770191570275,dev01,682,25.4,63.7,
1770191570486,dev02,450,25.5,63.3,
1770191570487,dev01,694,21.9,73.6,
1770191570696,dev02,564,27,48.5,
1770191570697,dev01,1207,22.7,38.3,
1770191570898,dev01,773,25,50.5,
1770191570898,dev02,517,20.7,57,
1770191571112,dev02,1108,27.2,51.8,
1770191571113,dev01,670,20.2,36,
1770191571320,dev02,442,27.7,44.9,
1770191571321,dev01,416,26.9,57.9,
1770191571533,dev01,1246,27.2,46.1,
1770191571532,dev02,1235,23,59.3,
1770191571736,dev01,510,26.8,58.8,
1770191571735,dev02,1123,27.6,40,
1770191571946,dev01,1103,22.9,41.4,
1770191571945,dev02,985,21.1,65.8,
1770191572156,dev02,856,23.8,58.5,
1770191572156,dev01,734,23.6,69,
1770191572360,dev01,804,25.2,60.7,
1770191572360,dev02,872,25.1,71.5,
1770191572564,dev02,981,23,46,
1770191572564,dev01,1025,23.1,48.2,
1770191572778,dev01,1173,26.5,61.1,
1770191572778,dev02,1095,27.4,53.4,
1770191572988,dev02,429,20.3,43.2,
1770191572989,dev01,510,27.3,74.3,
1770191573201,dev01,534,21,53.8,
1770191573201,dev02,440,20.6,72,
1770191573410,dev01,777,23.2,60.6,
1770191573410,dev02,1212,20.7,42.3,
1770191573625,dev02,951,27.8,36.4,
1770191573625,dev01,543,25.4,36,
1770191573827,dev01,815,24.5,69.7,
1770191573827,dev02,967,25.3,50.7,
1770191574041,dev01,410,23.4,57.3,
1770191574041,dev02,1096,20.3,50.1,
1770191574243,dev01,796,27.1,37.4,
1770191574243,dev02,1247,24.3,39.6,
1770191574453,dev01,1075,28,37.6,
1770191574453,dev02,613,21.5,69.2,
1770191574655,dev01,1192,26.8,54.2,
1770191574654,dev02,641,23.7,37,
1770191574859,dev02,1126,20.9,54.8,
1770191574859,dev01,1040,24,63.2,
1770191575063,dev01,1122,26.7,69,
1770191575062,dev02,652,21.9,36.7,
1770191575266,dev01,811,21.5,37.6,
1770191575265,dev02,1097,25.6,45.4,
1770191575470,dev01,507,26.1,38.9,
1770191575470,dev02,668,20.5,62.3,
1770191575674,dev02,1010,20.5,44.1,
1770191575675,dev01,1179,26.8,65.5,
1770191575878,dev01,540,20.6,74.2,
1770191575877,dev02,658,21.1,66.4,
1770191576090,dev02,809,24.5,51.8,
1770191576090,dev01,789,21.4,70.9,
1770191576303,dev01,1282,24.2,46.1,
1770191576303,dev02,993,21.8,58.1,
1770191576509,dev02,559,24.5,56.5,
1770191576510,dev01,617,24.4,49.8,
1770191576722,dev02,575,25.7,51.3,
1770191576722,dev01,642,24.8,39.3,
1770191576932,dev02,953,27.9,42.5,
1770191576934,dev01,954,27.1,59.9,
1770191577136,dev02,1292,23.3,60.5,
1770191577137,dev01,841,21,47,
1770191577349,dev01,737,22.3,37.8,
1770191577349,dev02,766,21.2,66.2,
1770191577555,dev02,1043,26.8,70.9,
1770191577556,dev01,964,20.6,44.4,
1770191577756,dev01,1056,23.5,37.4,
1770191577755,dev02,875,21,41.3,
1770191577958,dev01,535,22.5,49.6,
1770191577957,dev02,1054,20.3,38.5,
1770191578157,dev02,703,25.5,44.8,
1770191578157,dev01,944,20.1,70,
1770191578368,dev02,591,22.3,64.3,
1770191578369,dev01,1189,23.9,53.7,
1770191578575,dev01,537,23.5,60.8,
1770191578575,dev02,598,22.7,70.2,
1770191578783,dev01,979,25.5,58,
1770191578782,dev02,1020,25.3,39.5,
1770191578991,dev02,954,25.4,71,
1770191578992,dev01,829,21.5,73.4,
1770191579207,dev01,925,23.2,42.4,
1770191579206,dev02,564,20,49.7,
1770191579408,dev01,967,25.9,43.3,
1770191579407,dev02,725,20.9,52.7,
1770191579622,dev01,822,28,67,
1770191579622,dev02,1290,21.5,37.6,
1770191579824,dev02,603,27.1,67.3,
1770191579825,dev01,550,21.5,61.6,
1770191580034,dev02,953,25.6,35,
1770191580035,dev01,416,20.6,41.7,
1770191580240,dev01,1255,24.2,52.9,
1770191580240,dev02,877,25.6,64.8,
1770191580448,dev02,576,22,37.2,
1770191580448,dev01,460,23.6,66.1,
1770191580650,dev01,1215,21,63,
1770191580650,dev02,1218,27.9,68.2,
1770191580852,dev02,483,25.6,53.2,
1770191580852,dev01,1129,27.8,69.3,
1770191581055,dev01,879,27,68.7,
1770191581054,dev02,1099,27.5,35.6,
1770191581259,dev02,723,20.5,56.8,
1770191581259,dev01,1236,25.9,73.1,
1770191581469,dev01,1086,24.6,60.1,
1770191581468,dev02,824,24.4,54.5,
1770191581676,dev02,563,25.1,74.3,
1770191581678,dev01,757,21.6,47.6,
1770191581889,dev01,489,24.5,65.3,
1770191581889,dev02,1126,24.8,52.7,
1770191582097,dev01,732,24.8,60.7,
1770191582096,dev02,408,25.3,73.7,
1770191582303,dev02,876,24.5,55.5,
1770191582304,dev01,1035,25,47.2,
1770191582510,dev01,519,25.6,47.8,
1770191582509,dev02,1121,21.9,55.7,
1770191582712,dev02,1047,22.4,60.8,
1770191582713,dev01,463,22.5,65.5,
1770191582920,dev01,1126,23.5,39.4,
1770191582919,dev02,718,27.9,67.2,
1770191583129,dev01,605,21,74.8,
1770191583129,dev02,894,24.4,64.3,
1770191583336,dev02,1134,24.1,54.8,
1770191583336,dev01,1284,20.4,59.7,
1770191583552,dev01,975,27.1,43.4,
1770191583551,dev02,493,22,65.2,
1770191583765,dev01,1063,20.1,53,
1770191583764,dev02,1061,22.8,37.7,
1770191583975,dev01,989,24.9,42.1,
1770191583975,dev02,1196,26.3,44.9,
1770191584187,dev01,1237,23.2,43.9,
1770191584187,dev02,539,21.2,49.7,
1770191584399,dev02,1230,23.5,66,
1770191584401,dev01,727,26.6,35.8,
1770191584601,dev01,751,25,40.6,
1770191584600,dev02,706,28,54.2,
1770191584813,dev01,1001,22.1,49.3,
1770191584813,dev02,1262,21.4,35.6,
1770191585016,dev02,1258,20.9,42,
1770191585017,dev01,975,23.7,53.2,
1770191585218,dev02,557,22.1,72.7,
1770191585219,dev01,927,23.9,74.5,
1770191585423,dev01,761,26.8,48.2,
1770191585422,dev02,522,20.6,38.1,
1770191585632,dev02,1179,20.8,58.9,
1770191585633,dev01,1141,25.9,64.2,
1770191585835,dev01,640,22.7,55.1,
1770191585835,dev02,524,27.5,51.2,
1770191586039,dev02,934,24.7,42.3,
1770191586040,dev01,1175,26.9,71.7,
1770191586250,dev02,1031,27.5,56.7,
1770191586250,dev01,794,22.9,48.4,
1770191586460,dev02,615,25,37,
1770191586460,dev01,913,25.1,72.9,
1770191586669,dev02,855,22.8,51.8,
1770191586669,dev01,985,22.2,46.8,
1770191586883,dev01,434,26.2,42.7,
1770191586882,dev02,1193,21.1,66.8,
1770191587097,dev02,445,20.1,62.3,
1770191587097,dev01,925,26.8,49.1,
1770191587305,dev02,1156,20.9,42,
1770191587306,dev01,604,27.8,54.4,
1770191587515,dev02,452,20.5,71.2,
1770191587516,dev01,989,27.5,46.3,
1770191587716,dev01,732,27,74.8,
1770191587716,dev02,1104,23,63.2,
1770191587918,dev01,988,25.3,48.3,
1770191587918,dev02,814,25.2,42.6,
1770191588132,dev02,906,23.9,61.8,
1770191588132,dev01,1022,26.2,38.7,
1770191588346,dev02,1105,27,67.2,
1770191588347,dev01,978,25.4,67.4,
1770191588547,dev02,1282,27.1,73.1,
1770191588548,dev01,921,23.8,39.2,
1770191588755,dev01,759,26.3,48.6,
1770191588754,dev02,1005,21.1,55,
1770191588963,dev01,1087,21.2,35.6,
1770191588962,dev02,904,22.3,45.1,
1770191589168,dev02,846,22.5,50.3,
1770191589169,dev01,673,27.4,59.9,
1770191589371,dev01,831,22.4,49.4,
1770191589371,dev02,646,22.4,63.5,
1770191589573,dev02,835,23.2,42.2,
1770191589573,dev01,1039,23.5,53.2,
1770191589778,dev02,900,25.8,61.3,
1770191589778,dev01,950,21.1,56.1,
1770191589982,dev02,1143,26.8,39.6,
1770191589983,dev01,1185,25.2,60.9,
1770191590195,dev02,442,24.3,60.4,
1770191590195,dev01,1076,20.2,36.9,
1770191590404,dev01,1000,22,68.1,
1770191590403,dev02,861,21,42.2,
1770191590612,dev01,1073,21.9,50.1,
1770191590611,dev02,656,23.7,73.9,
1770191590812,dev01,841,26.9,51.5,
1770191590811,dev02,946,28,41.2,
1770191591016,dev01,1015,26.7,49.5,
1770191591017,dev02,941,27.6,70.1,
1770191591217,dev01,924,25.9,55.3,
1770191591230,dev02,1111,26.3,47.5,
1770191591428,dev01,669,24.1,44.8,
1770191591444,dev02,1110,25.1,38.5,
1770191591644,dev01,831,25.4,58.8,
1770191591658,dev02,978,25,57.8,
1770191591856,dev01,1165,25.8,61.8,
1770191591871,dev02,757,27.7,39.9,
1770191592064,dev01,712,27.4,57.2,
1770191592078,dev02,480,26,50.2,
1770191592273,dev01,1169,25.3,67.5,
1770191592289,dev02,557,27,73.1,
1770191592480,dev01,1254,23.9,67.8,
1770191592498,dev02,465,20.8,41.2,
1770191592686,dev01,1043,25.6,49.8,
1770191592701,dev02,1079,20.6,37.1,
1770191592895,dev01,411,23.8,68.6,
1770191592907,dev02,913,22.9,67.3,
1770191593105,dev01,695,22.8,71.9,
1770191593121,dev02,1166,26.7,61.4,
1770191593320,dev01,957,26,44.5,
1770191593331,dev02,517,22.2,55.7,
1770191593526,dev01,421,20.4,38,
1770191593542,dev02,1017,26.2,54,
1770191593728,dev01,687,21.9,40,
1770191593755,dev02,1058,24.7,57.9,
1770191593938,dev01,1171,20.8,67.9,
1770191593968,dev02,1214,26.7,46.3,
1770191594139,dev01,1135,22.9,43.4,
1770191594170,dev02,933,25.9,46.8,
1770191594349,dev01,801,27.7,59,
1770191594378,dev02,1013,24.5,55.7,
1770191594553,dev01,677,20.6,53.6,
1770191594583,dev02,718,27,70.1,
1770191594767,dev01,438,26.1,44,
1770191594789,dev02,858,27.6,50.2,
1770191594971,dev01,1024,25,36.4,
1770191595000,dev02,1181,23.7,49.9,
1770191595172,dev01,524,25.6,69.7,
1770191595204,dev02,427,26.8,48.3,
1770191595386,dev01,1009,23.9,53,
1770191595412,dev02,634,23.9,52.9,
1770191595599,dev01,1271,25.3,36.2,
1770191595626,dev02,1074,24.8,35.9,
1770191595800,dev01,684,20,40.2,
1770191595826,dev02,1112,21.8,50.2,
1770191596008,dev01,591,21.1,70.5,
1770191596033,dev02,819,23.6,50.1,
1770191596212,dev01,1068,24.1,43.6,
1770191596238,dev02,769,22.4,62.9,
1770191596425,dev01,652,27.4,42.4,
1770191596454,dev02,1055,22.8,56.6,
1770191596628,dev01,1230,25.9,50.4,
1770191596659,dev02,993,23.5,44.8,
1770191596837,dev01,579,21.6,59.2,
1770191596863,dev02,915,21.9,69.5,
1770191597038,dev01,930,23.7,63.3,
1770191597065,dev02,1109,20.5,72.4,
1770191597243,dev01,1216,27.2,69.8,
1770191597276,dev02,1032,24.2,50.1,
1770191597450,dev01,521,26.2,43.6,
1770191597480,dev02,1125,21.6,60,
1770191597659,dev01,670,27.3,56.6,
1770191597686,dev02,440,20.2,62.2,
1770191597863,dev01,835,26.2,52.9,
1770191597892,dev02,433,21.1,47.9,
1770191598067,dev01,583,26.9,37.4,
1770191598097,dev02,464,23.4,53.9,
1770191598271,dev01,806,26,63.6,
1770191598301,dev02,1054,24.7,49.5,
1770191598485,dev01,575,23.5,50.6,
1770191598512,dev02,581,26.7,65.7,
1770191598697,dev01,659,27.6,46.6,
1770191598724,dev02,668,22.1,48,
1770191598905,dev01,662,20.4,57.8,
1770191598935,dev02,1261,20.8,54,
1770191599117,dev01,1070,25.9,43.2,
1770191599148,dev02,517,25.4,38.5,
1770191599331,dev01,941,21.2,59.1,
1770191599363,dev02,903,23.8,44.2,
1770191599540,dev01,780,22.6,51.3,
1770191599566,dev02,1063,21.4,54.4,
1770191599742,dev01,1082,23.7,53.5,
1770191599768,dev02,1103,22.4,74.3,
1770191599949,dev01,744,24.9,36,
1770191599973,dev02,621,25.9,51.5,
1770191600153,dev01,733,25.8,56.1,
1770191600182,dev02,629,24.1,63.1,
1770191600355,dev01,486,26,37.4,
1770191600384,dev02,1200,21,61.7,
1770191600563,dev01,403,20.5,71.2,
1770191600591,dev02,403,25.4,56.9,
1770191600774,dev01,407,24.1,36.1,
1770191600800,dev02,462,23.1,74,
1770191600989,dev01,1295,23.5,62.1,
1770191601001,dev02,454,25.2,63.7,
1770191601197,dev01,1143,25.5,73,
1770191601209,dev02,901,23.8,48.5,
1770191601399,dev01,889,27.5,43,
1770191601414,dev02,813,26.6,71.9,
1770191601603,dev01,560,21.5,36.3,
1770191601618,dev02,512,26.6,74,
1770191601806,dev01,948,23.1,48.8,
1770191601819,dev02,1183,20.8,65.2,
1770191602010,dev01,469,26,53.7,
1770191602023,dev02,689,26.3,51.4,
1770191602219,dev01,488,22.4,62.8,
1770191602234,dev02,766,21.7,59.2,
1770191602420,dev01,958,23.8,61.6,
1770191602448,dev02,1270,24,53.4,
1770191602634,dev01,992,22.3,36.6,
1770191602659,dev02,611,23,38.4,
1770191602839,dev01,557,21.9,51.5,
1770191602867,dev02,1250,24.7,69.9,
1770191603046,dev01,1140,20.2,46.7,
1770191603076,dev02,857,20.7,35.5,
1770191603250,dev01,1046,21.9,50.4,
1770191603281,dev02,655,25.2,43.1,
1770191603465,dev01,1102,23.7,40.9,
1770191603492,dev02,1206,24.1,74.8,
1770191603671,dev01,1293,26.6,64.9,
1770191603699,dev02,828,27.8,64.4,
1770191603883,dev01,980,22.9,53.9,
1770191603914,dev02,1172,24.7,70.7,
1770191604093,dev01,464,20.5,41,
1770191604120,dev02,508,21.1,38,
1770191604298,dev01,1198,26.6,49.5,
1770191604325,dev02,884,20.7,52.5,
1770191604506,dev01,472,23.8,58.3,
1770191604531,dev02,426,28,70.2,
1770191604713,dev01,1299,27.7,60.5,
1770191604741,dev02,466,27.1,59.5,
1770191604921,dev01,603,22.5,38.1,
1770191604948,dev02,1281,23,72.2,
1770191605135,dev01,1262,21.9,67.8,
1770191605162,dev02,1080,20.5,55.9,
1770191605349,dev01,889,27.8,54.9,
1770191605363,dev02,1259,24.7,45.7,
1770191605562,dev01,928,21,66.5,
1770191605575,dev02,618,23.3,41.3,
1770191605769,dev01,575,22.7,58.7,
1770191605784,dev02,619,24.4,54.5,
1770191605976,dev01,437,27,69.7,
1770191605991,dev02,846,20.8,57.6,
1770191606183,dev01,1192,26.4,61,
1770191606203,dev02,1237,20.3,50.8,
1770191606398,dev01,524,24.8,70.4,
1770191606413,dev02,1169,25.1,63.3,
1770191606604,dev01,896,20.9,61.3,
1770191606619,dev02,476,22,59,
1770191606811,dev01,529,24.7,46.5,
1770191606823,dev02,944,20.7,49,
1770191607019,dev01,1264,23.9,51.2,
1770191607034,dev02,1092,22.7,40,
1770191607219,dev01,1153,25.6,48.4,
1770191607235,dev02,774,20.3,63.8,
1770191607425,dev01,853,24.2,57.7,
1770191607435,dev02,535,23.6,64,
1770191607632,dev01,536,25.6,40.8,
1770191607644,dev02,402,24.3,37.6,
1770191607847,dev01,574,23.1,45.1,
1770191607847,dev02,1298,20.3,64.4,
1770191608059,dev01,1150,28,39.7,
1770191608058,dev02,474,20.5,41.5,
1770191608265,dev01,743,26.5,48.4,
1770191608264,dev02,1212,21.9,44.7,
1770191608467,dev01,1238,20.2,44.6,
1770191608467,dev02,868,21.4,57.1,
1770191608678,dev01,565,23.4,46.1,
1770191608678,dev02,1274,22.2,55.5,
1770191608880,dev01,420,21.5,67.8,
1770191608880,dev02,956,27.3,64,
1770191609092,dev01,1016,20.8,59.6,
1770191609092,dev02,590,22,55.6,
1770191609299,dev01,1135,21.8,40.6,
1770191609298,dev02,1263,21,64.6,
1770191609510,dev01,941,27.3,63.2,
1770191609509,dev02,635,27.1,67.5,
1770191609721,dev02,798,21.1,71.4,
1770191609721,dev01,1220,20.7,41.5,
1770191609930,dev02,1263,24.5,48.7,
1770191609931,dev01,585,24.6,42,
1770191610136,dev01,938,24.7,38.7,
1770191610135,dev02,801,27.4,71.1,
1770191610342,dev01,574,22.7,44.5,
1770191610342,dev02,651,25.9,49.1,
1770191610547,dev01,823,20.9,35.8,
1770191610546,dev02,507,23.4,68.6,
1770191610748,dev02,1123,20.1,67,
1770191610749,dev01,1161,27.9,38.3,
1770191610961,dev01,444,22.7,54.1,
1770191610961,dev02,748,22.9,63,
1770191611173,dev02,1078,21.8,36.1,
1770191611173,dev01,742,22.3,39.2,
1770191611377,dev02,926,24.4,70.2,
1770191611377,dev01,1247,20.9,44.3,
1770191611579,dev02,594,27.8,43,
1770191611580,dev01,418,24.4,58,
1770191611794,dev01,662,25.2,69.6,
1770191611793,dev02,616,22.9,55.5,
1770191612007,dev02,465,24.9,42.4,
1770191612007,dev01,1103,26.1,46.4,
1770191612218,dev01,914,23.2,69.6,
1770191612218,dev02,984,27.3,45,
1770191612427,dev01,556,27.5,72.2,
1770191612427,dev02,1163,24.9,72.2,
1770191612627,dev02,582,20.7,72.6,
1770191612629,dev01,1127,26.5,55.1,
1770191612839,dev01,1126,21.1,61.3,
1770191612838,dev02,1150,25.8,70.3,
1770191613040,dev02,672,28,73.6,
1770191613043,dev01,1284,21.3,43,
1770191613245,dev01,1038,27.6,35.2,
1770191613248,dev02,799,25.3,66.6,
1770191613450,dev01,1016,27.2,73.8,
1770191613449,dev02,855,26.4,54.9,
1770191613651,dev01,887,26.5,41.9,
1770191613651,dev02,985,26.5,60.3,
1770191613859,dev01,567,25,38.3,
1770191613858,dev02,966,27.6,73.3,
1770191614061,dev02,907,25.2,58.7,
1770191614063,dev01,891,22.5,57.7,
1770191614267,dev01,872,21.8,61.3,
1770191614266,dev02,771,22.1,61.6,
1770191614478,dev01,529,23.6,58.6,
1770191614477,dev02,689,27.3,36.6,
1770191614680,dev02,820,26.5,47.7,
1770191614681,dev01,481,23.7,66.6,
1770191614883,dev01,727,25.4,54.4,
1770191614885,dev02,1202,24.2,60.5,
1770191615093,dev01,1219,24.1,74.4,
1770191615092,dev02,1252,20.5,64.6,
1770191615301,dev01,736,23.7,60.6,
1770191615302,dev02,743,21.3,52.5,
1770191615511,dev01,1123,21.3,68.6,
1770191615511,dev02,1245,26.4,54.7,
1770191615721,dev01,675,23.2,39.3,
1770191615721,dev02,1111,22.1,68.7,
1770191615932,dev01,518,25.2,46.8,
1770191615931,dev02,862,21.1,36.6,
1770191616143,dev01,1049,26.2,49.4,
1770191616142,dev02,528,27.6,50.2,
1770191616349,dev02,1229,27.4,61.9,
1770191616349,dev01,760,20.8,45.2,
1770191616557,dev01,1019,23.8,72,
1770191616557,dev02,647,26.8,52.6,
1770191616772,dev01,1201,27.2,71.5,
1770191616772,dev02,502,20.3,60.2,
1770191616981,dev02,559,26.3,58.1,
1770191616982,dev01,844,22.5,40.5,
1770191617193,dev01,990,27.4,37.2,
1770191617193,dev02,1283,25.3,52.7,
1770191617393,dev01,665,24.8,42.8,
1770191617393,dev02,974,20.5,39.4,
1770191617597,dev02,425,23.2,49.2,
1770191617598,dev01,664,21.5,65.2,
1770191617809,dev02,1106,22.5,66.9,
1770191617810,dev01,988,26.4,66.1,
1770191618023,dev02,1070,27.3,57.9,
1770191618024,dev01,1118,27.5,51,
1770191618224,dev01,865,23.2,57.8,
1770191618224,dev02,715,24.4,43.7,
1770191618436,dev02,602,24.2,37.8,
1770191618436,dev01,934,20.7,57.3,
1770191618637,dev02,869,26.6,60.9,
1770191618641,dev01,951,22.7,60.6,
1770191618840,dev02,853,24,64,
1770191618857,dev01,694,21.8,64.3,
1770191619050,dev02,830,26.2,44.6,
1770191619064,dev01,1078,27.6,36.3,
1770191619254,dev02,1145,22.8,65.1,
1770191619270,dev01,747,27.6,58.7,
1770191619466,dev02,1050,23.3,64.4,
1770191619482,dev01,1235,24,62.1,
1770191619672,dev02,712,26.9,48.8,
1770191619685,dev01,1170,26.3,54.1,
1770191619884,dev02,1183,21.4,67.4,
1770191619895,dev01,835,23.2,74.7,
1770191620099,dev01,790,23.3,62.5,
1770191620098,dev02,943,26.5,36.9,
1770191620304,dev01,1041,21.4,72.9,
1770191620304,dev02,1279,22,69.6,
1770191620506,dev01,816,27.8,40.6,
1770191620505,dev02,666,22,38.5,
1770191620714,dev01,1298,26.3,57,
1770191620714,dev02,572,20.1,50.9,
1770191620923,dev02,929,25,52.8,
1770191620924,dev01,1286,23.2,58.9,
1770191621128,dev01,1240,23,52.5,
1770191621127,dev02,1071,26.5,59.8,
1770191621329,dev01,925,22.7,61.8,
1770191621329,dev02,526,21.6,47.2,
1770191621533,dev02,484,21.5,45.8,
1770191621534,dev01,993,23.3,45.2,
1770191621737,dev01,916,26.4,69.2,
1770191621737,dev02,1043,25.6,68.4,
1770191621944,dev01,780,21,69.1,
1770191621944,dev02,574,27.9,63.6,
1770191622152,dev02,1012,21.2,46.4,
1770191622153,dev01,1247,21,38.2,
1770191622360,dev02,437,27.7,55,
1770191622360,dev01,680,25.3,47.8,
1770191622566,dev01,1266,23.2,43.1,
1770191622566,dev02,958,27.4,55.4,
1770191622774,dev01,549,26,58.7,
1770191622775,dev02,1281,20.5,35.5,
1770191622980,dev01,600,21.9,41.9,
1770191622979,dev02,1067,27.5,46.9,
1770191623180,dev02,1037,22.4,70.7,
1770191623180,dev01,784,27.9,56.5,
1770191623385,dev02,1186,25.1,73.5,
1770191623386,dev01,1279,24.5,58.6,
1770191623592,dev02,1296,23.6,67.5,
1770191623593,dev01,626,21.5,38.9,
1770191623801,dev01,663,20.4,71.8,
1770191623801,dev02,897,24.9,42.2,
1770191624009,dev01,1186,21,72.2,
1770191624008,dev02,479,28,67.3,
1770191624219,dev02,442,22.4,72.4,
1770191624221,dev01,1280,23,65.1,
1770191624418,dev02,1064,22.2,55.8,
1770191624432,dev01,998,21.7,58.6,
1770191624624,dev02,653,21.6,39,
1770191624638,dev01,1258,21.6,67.9,
1770191624832,dev02,1057,20.5,72.6,
1770191624848,dev01,757,23.9,72.7,
1770191625034,dev02,666,21.1,37.7,
1770191625050,dev01,601,21.9,38.4,
1770191625249,dev02,568,25.4,73.7,
1770191625264,dev01,637,26.6,35.3,
1770191625461,dev02,1150,21.2,57.1,
1770191625475,dev01,1214,20.9,53.9,
1770191625667,dev02,1270,20.7,71,
1770191625680,dev01,1098,25.7,46.9,
1770191625870,dev02,565,25.3,47,
1770191625885,dev01,733,20.2,46.7,
1770191626081,dev02,670,23.6,66,
1770191626098,dev01,1017,22.8,53.9,
1770191626301,dev01,943,26.6,55,
1770191626516,dev01,486,25.6,50.5,
1770191626724,dev01,449,24.5,53.1,
1770191626939,dev01,953,23.4,71.2,
1770191627149,dev01,1229,26.5,67.4,
1770191627362,dev01,793,21.3,42.6,
1770191627567,dev01,1290,22.7,63.1,
1770191627782,dev01,579,21.7,55.1,
1770191627983,dev01,472,25.3,56.6,
1770191628194,dev01,1001,20.4,57.9,
1770191628406,dev01,864,27.5,51.7,
1770191628614,dev01,1222,21.9,57.1,
1770191628817,dev01,1058,21.9,46.8,
1770191629028,dev01,890,23.8,58,
1770191629238,dev01,633,21.5,58.3,
1770191629445,dev01,1017,23,35.1,
1770191629649,dev01,467,23.4,39.3,
1770191629860,dev01,1101,27.1,60.3,
1770191630061,dev01,1189,26.2,65.7,
1770191630271,dev01,547,28,67.8,
1770191630476,dev01,640,21.9,59.5,
1770191630682,dev01,1104,21.4,73.9,
1770191630890,dev01,643,24.5,51.8,
1770191631103,dev01,699,24.7,35.5,
1770191631306,dev01,1180,20.4,58.9,
1770191631521,dev01,1168,23.8,45,
1770191631721,dev01,532,25.5,59.8,
1770191631930,dev01,925,26.1,35.9,
1770191632140,dev01,1198,25.1,36.5,
1770191632354,dev01,706,25.4,48.5,
1770191632569,dev01,544,22.7,72.3,
1770191632777,dev01,933,21.9,62.6,
1770191632990,dev01,1161,26.4,63.9,
1770191633200,dev01,902,21.8,49.9,
1770191633409,dev01,1167,21.8,57.6,
1770191633613,dev01,1055,24.2,63.8,
1770191633818,dev01,1179,24.1,48.2,
1770191634026,dev01,414,25.7,60.8,
1770191634239,dev01,740,25.7,52,
1770191634439,dev01,870,27.5,53.8,
1770191634645,dev01,887,26.2,49.1,
1770191634846,dev01,699,25.1,72.7,
1770191635054,dev01,655,25.2,37.7,
1770191635260,dev01,1173,22.3,62,
1770191635472,dev01,401,25.4,48.6,
1770191635684,dev01,1248,25.3,67.3,
1770191635891,dev01,1254,22.6,58.9,
1770191636100,dev01,438,20,71.5,
1770191636308,dev01,1291,27.1,64.5,
1770191636511,dev01,1071,21.2,65.3,
1770191636721,dev01,904,22.1,40.2,
1770191636929,dev01,844,23.5,67.2,
1770191637133,dev01,1289,25.2,50.1,
1770191637346,dev01,1153,23.8,50.8,
1770191637549,dev01,402,20.9,36.2,
1770191637755,dev01,422,22.8,74.7,
1770191637961,dev01,1081,20.5,38.2,
1770191638168,dev01,835,24.5,42.6,
1770191638374,dev01,957,21.5,48.8,
1770191638587,dev01,1044,26.1,52.1,
1770191638790,dev01,683,23.1,53.8,
1770191639002,dev01,630,23.6,49.1,
1770191639209,dev01,1271,20.9,67.5,
1770191639414,dev01,1219,20.7,58.7,
1770191639622,dev01,974,24.7,37.4,
1770191639832,dev01,1000,23.8,55.3,
1770191640047,dev01,876,24.3,55.8,
1770191640255,dev01,868,27.4,51.6,
1770191640465,dev01,432,24.5,45.3,
1770191640679,dev01,848,22.6,62.3,
1770191640889,dev01,914,22.6,48.7,
1770191641103,dev01,661,27.5,73.3,
1770191641307,dev01,818,24.4,49.9,
1770191641519,dev01,1106,22.6,61,
1770191641724,dev01,1263,23.3,72.6,
1770191641933,dev01,1046,26.2,45.4,
1770191642139,dev01,529,27.3,36.7,
1770191642342,dev01,1036,25.8,40.1,
1770191642548,dev01,460,24.1,59.5,
1770191642758,dev01,412,22,73.8,
1770191642972,dev01,924,24.2,46,
1770191643186,dev01,730,26.2,35.1,
1770191643392,dev01,676,24.3,65.7,
1770191643603,dev01,1133,20.3,49.5,
1770191643813,dev01,1049,24,53.1,
1770191644020,dev01,1178,24.7,40,
1770191644227,dev01,1090,27,70.7,
1770191644436,dev01,608,21.5,58.2,
1770191644638,dev01,448,21.5,54.2,
1770191644851,dev01,1122,27.6,48.2,
1770191645054,dev01,706,22.4,37.8,
1770191645262,dev01,590,21.7,57.4,
1770191645474,dev01,606,25.2,55.5,
1770191645676,dev01,717,22.7,44.6,
1770191645877,dev01,1269,27.1,61.7,
1770191646089,dev01,1274,20.5,57.8,
1770191646298,dev01,1194,22.8,50.1,
1770191646503,dev01,601,24.3,45.1,
1770191646713,dev01,637,27,67.8,
1770191646914,dev01,1042,22,54.8,
1770191647126,dev01,1016,21.9,36.7,
1770191647326,dev01,1013,23.1,54.6,
1770191647540,dev01,726,20.3,73.1,
1770191647749,dev01,401,23,41.6,
1770191647950,dev01,1031,22.6,68.5,
1770191648165,dev01,1098,27.8,41.4,
1770191648380,dev01,991,22.4,57,
1770191648591,dev01,417,22.3,64,
1770191648795,dev01,773,24.8,43.3,
1770191649006,dev01,727,27.3,45.4,
1770191649209,dev01,818,23.4,40.1,
1770191649415,dev01,799,24.1,40.6,
1770191649621,dev01,704,20.2,72.7,
1770191649833,dev01,1026,26.4,39.4,
1770191650039,dev01,812,26.5,54.8,
1770191650250,dev01,436,26.9,71.2,
1770191650460,dev01,1051,22.2,51.2,
1770191650670,dev01,1211,26.1,59.6,
1770191650880,dev01,1066,27,46.9,
1770191651082,dev01,1294,22.5,68.9,
1770191651297,dev01,970,20.5,37.7,
1770191651503,dev01,894,23.7,40.6,
1770191651705,dev01,962,23.2,37.5,
1770191651913,dev01,931,21.9,37.1,
1770191652123,dev01,477,24.4,39.6,
1770191652329,dev01,993,28,55.7,
1770191652529,dev01,905,25.3,66.6,
1770191652735,dev01,926,22.6,39.2,
1770191652940,dev01,957,26.8,52.4,
1770191653145,dev01,565,22.2,44.3,
1770191653351,dev01,1019,23.8,58.4,
1770191653556,dev01,532,26.1,50.3,
1770191653762,dev01,1113,22.5,73,
1770191653962,dev01,1198,22.7,38,
1770191654164,dev01,837,23.6,62.5,
1770191654368,dev01,1108,26.9,46.2,
1770191654574,dev01,1273,26.7,60,
1770191654778,dev01,736,24.4,73.2,
1770191654984,dev01,498,20.5,36.2,
1770191655186,dev01,694,23.6,42.1,
1770191655394,dev01,943,26.2,40.8,
1770191655609,dev01,679,20.5,35.1,
1770191655816,dev01,614,24.9,67,
1770191656024,dev01,411,27.1,61.7,
1770191656225,dev01,433,26.3,51.7,
1770191656426,dev01,592,27.2,52.9,
1770191656637,dev01,915,24.8,46,
1770191656844,dev01,895,26.8,65.9,
1770191657049,dev01,858,24.6,54.9,
1770191657254,dev01,900,22.6,69,
1770191657457,dev01,838,26.1,69.5,
1770191657667,dev01,1007,21.6,63.7,
1770191657874,dev01,675,23.5,38.8,
1770191658081,dev01,1129,24.9,62.4,
1770191658286,dev01,782,24.9,58.2,
1770191658486,dev01,570,21.7,71,
1770191658685,dev01,883,26.9,53.4,
1770191658888,dev01,866,24.4,36.9,
1770191659097,dev01,1053,21.1,38.9,
1770191659310,dev01,404,24.9,53.6,
1770191659519,dev01,1090,21.4,62.6,
1770191659722,dev01,453,20.9,37.4,
1770191659930,dev01,726,27.8,69.3,
1770191660141,dev01,514,24.4,74,
1770191660351,dev01,788,22.3,49.3,
1770191660557,dev01,955,22.7,69.2,
1770191660773,dev01,933,20.8,65.9,
1770191660974,dev01,1213,23.6,60.3,
1770191661176,dev01,753,21,44.3,
1770191661380,dev01,938,23.3,56.8,
1770191661595,dev01,1133,24.7,40.1,
1770191661800,dev01,623,27.8,61.4,
1770191662002,dev01,986,21.4,67.7,
1770191662214,dev01,424,20.3,52.6,
1770191662419,dev01,1215,23.3,59.2,
1770191662621,dev01,498,23.4,40.3,
1770191662827,dev01,486,24.5,71.6,
1770191663033,dev01,1164,25.5,69.2,
1770191663233,dev01,1059,23,54.8,
1770191663448,dev01,1135,27.2,65.4,
1770191663654,dev01,532,28,50.6,
1770191663855,dev01,488,21.8,61.6,
1770191664060,dev01,1120,24.2,56,
1770191664272,dev01,404,26.7,70.7,
1770191664476,dev01,1206,25.9,62.5,
1770191664688,dev01,1149,23.4,35.6,
1770191664888,dev01,894,20.1,57.6,
1770191665099,dev01,888,25.7,38.7,
1770191665311,dev01,1028,26.9,36.6,
1770191665525,dev01,1084,24,57.6,
1770191665730,dev01,1246,21.9,73.2,
1770191665938,dev01,725,24.9,43.2,
1770191666141,dev01,1244,24.1,44.2,
1770191666353,dev01,648,20.2,57.4,
1770191666562,dev01,994,26.6,63.4,
1770191666768,dev01,416,27,64,
1770191666977,dev01,1197,25.6,70.1,
1770191667185,dev01,483,27.5,47.4,
1770191667388,dev01,1146,26,40.3,
1770191667600,dev01,1194,27.6,41.7,
1770191667811,dev01,1187,24.1,74.3,
1770191668023,dev01,994,21.3,64.3,
1770191668225,dev01,1156,26.2,60.5,
1770191668433,dev01,1076,20,49.5,
1770191668641,dev01,688,24.3,42.4,
1770191668851,dev01,498,25.2,42.6,
1770191669052,dev01,653,20.7,42.8,
1770191669255,dev01,1109,26.8,50.6,
1770191669460,dev01,514,22.9,59.9,
1770191669660,dev01,1101,27.9,62,
1770191669867,dev01,1014,27.9,37.8,
1770191670070,dev01,432,26.9,46.8,
1770191670281,dev01,1298,20.8,56.4,
1770191670485,dev01,1192,23.6,64,
1770191670698,dev01,618,21.4,42,
1770191670899,dev01,638,20.2,48.3,
1770191671103,dev01,538,25.8,57.5,
1770191671313,dev01,834,25.5,63.6,
1770191671529,dev01,1011,24.2,40.8,
1770191671732,dev01,670,21.8,42.5,
1770191671940,dev01,815,27.5,64.8,
1770191672148,dev01,1193,26.1,49.1,
1770191672364,dev01,865,21.6,57.5,
1770191672571,dev01,591,25.2,56.3,
1770191672773,dev01,573,20.2,70.9,
1770191672980,dev01,1062,22.2,71.8,
1770191673190,dev01,944,26.4,40.2,
1770191673396,dev01,972,22.8,57.2,
1770191673598,dev01,950,26.9,69.7,
1770191673808,dev01,788,22.3,58,
1770191674018,dev01,843,25.6,67.7,
1770191674226,dev01,1050,25.3,57.2,
1770191674439,dev01,414,27,62.1,
1770191674651,dev01,1209,20.6,60.8,
1770191674861,dev01,999,20.3,68.1,
1770191675070,dev01,945,22.4,41.1,
1770191675274,dev01,487,26,56.8,
1770191675477,dev01,762,25.8,62.8,
1770191675691,dev01,650,25.2,55.8,
1770191675900,dev01,1296,25.7,74,
1770191676100,dev01,1120,20.9,37.4,
1770191676304,dev01,725,21.9,72.1,
1770191676509,dev01,698,26.9,70.7,
1770191676716,dev01,1279,20.7,43.3,
1770191676919,dev01,686,20.2,69.1,
1770191677122,dev01,560,27.5,69.8,
1770191677332,dev01,1122,22.4,65.7,
1770191677536,dev01,749,26.5,69.1,
1770191677742,dev01,1103,22.5,51.2,
1770191677953,dev01,1106,26.4,58.3,
1770191678158,dev01,1262,26.1,47.4,
1770191678370,dev01,767,24,49.6,
1770191678572,dev01,1132,24.3,42.2,
1770191678774,dev01,540,24.1,53.6,
1770191678982,dev01,750,21.3,45.6,
1770191679184,dev01,1201,24.9,59.1,
1770191679392,dev01,1092,22.6,74.7,
1770191679605,dev01,1240,25.9,39.6,
1770191679808,dev01,625,21.8,60.1,
1770191680010,dev01,461,23.9,58.7,
1770191680220,dev01,634,23.6,67.1,
1770191680434,dev01,1136,25.2,65.2,
1770191680639,dev01,453,22.4,59,
1770191680850,dev01,967,21,60.1,
1770191681063,dev01,672,27.7,40.4,
1770191681272,dev01,591,20.2,70.9,
1770191681483,dev01,782,25.9,68.1,
1770191681687,dev01,1047,20.1,73.3,
1770191681898,dev01,406,21.7,48.2,
1770191682100,dev01,717,20.3,41.6,
1770191682300,dev01,487,20.8,47.6,
1770191682511,dev01,939,25.9,66.8,
1770191682722,dev01,750,22.6,55.7,
1770191682940,dev01,594,27.4,56.7,
1770191683149,dev01,1198,22.2,35.1,
1770191683360,dev01,1101,24.7,55.9,
1770191683565,dev01,1219,21.3,62.9,
1770191683772,dev01,771,24.4,43.5,
1770191683976,dev01,877,27.7,62.3,
1770191684184,dev01,987,22.2,43.7,
1770191684399,dev01,931,23.3,58.8,
1770191684609,dev01,1073,26.2,60,
1770191684814,dev01,493,22.7,59.6,
1770191685019,dev01,539,23.9,44.3,
1770191685222,dev01,527,24.9,58.7,
1770191685426,dev01,729,25.1,65.9,
1770191685626,dev01,804,21.3,47.7,
1770191685834,dev01,1277,20.7,39.3,
1770191686044,dev01,683,22.7,35.7,
1770191686248,dev01,967,25.8,66.9,
1770191686460,dev01,749,22.2,67.3,
1770191686670,dev01,1266,21.9,67.7,
1770191686874,dev01,816,26.6,62.5,
1770191687079,dev01,1029,21,59.4,
1770191687290,dev01,1202,25.9,40.9,
1770191687502,dev01,1100,23.6,47.4,
1770191687711,dev01,564,26.1,59.4,
1770191687912,dev01,1023,22.4,66.2,
1770191688123,dev01,744,25.9,46.3,
1770191688328,dev01,937,22.9,41.5,
1770191688530,dev01,1200,22.9,72.3,
1770191688740,dev01,519,25.1,71.3,
1770191688955,dev01,882,26.1,56.7,
1770191689164,dev01,480,22.1,35.2,
1770191689376,dev01,457,26.4,50.7,
1770191689581,dev01,700,22.4,65.2,
1770191689788,dev01,1126,20.7,73.1,
1770191689988,dev01,709,27.9,65.2,
1770191690191,dev01,846,20.2,66.3,
1770191690391,dev01,1081,24.8,56,
1770191690598,dev01,1015,25.5,74.1,
1770191690807,dev01,794,21.8,56.2,
1770191691013,dev01,1098,21.2,66,
1770191691227,dev01,405,22.1,44,
1770191691432,dev01,620,26,58.3,
1770191691637,dev01,800,20.6,60.1,
1770191691848,dev01,890,27.7,73.6,
1770191692063,dev01,1296,24.3,47.8,
1770191692274,dev01,916,27.9,52.9,
1770191692486,dev01,1170,25.7,58.8,
1770191692692,dev01,532,20.3,74.7,
1770191692905,dev01,541,26.5,45,
1770191693119,dev01,805,23.4,72.8,
1770191693322,dev01,418,24.3,61.8,
1770191693532,dev01,771,25.8,47.3,
1770191693745,dev01,1226,24.2,49.6,
1770191693958,dev01,1017,27.4,63,
1770191694171,dev01,1167,26.7,65.6,
1770191694386,dev01,651,20.1,54.7,
1770191694596,dev01,1189,25.8,48.7,
1770191694804,dev01,584,25.3,70.3,
1770191695007,dev01,991,24.1,43.6,
1770191695221,dev01,1016,27.1,54.6,
1770191695426,dev01,424,23.5,50.3,
1770191695636,dev01,982,21.3,41.9,
1770191695838,dev01,679,23.1,70.4,
1770191696052,dev01,614,23.2,56.7,
1770191696254,dev01,462,26.2,71.3,
1770191696455,dev01,643,20.3,47.9,
1770191696657,dev01,1023,27.1,37.2,
1770191696868,dev01,575,20.9,73.7,
1770191697077,dev01,437,21.4,49.8,
1770191697290,dev01,623,20.4,64.7,
1770191697492,dev01,1149,24.5,52.9,
1770191697703,dev01,1045,20.5,41.1,
1770191697915,dev01,696,25.5,66.4,
1770191698116,dev01,967,21,43.1,
1770191698324,dev01,911,27.1,61.2,
1770191698536,dev01,980,21.7,44.4,
1770191698750,dev01,958,25.7,51.6,
1770191698950,dev01,1182,27.6,41.6,
1770191699165,dev01,751,24.9,51.8,
1770191699374,dev01,984,21.8,37.4,
1770191699584,dev01,458,27.2,58,
1770191699796,dev01,411,21.1,70.5,
1770191700006,dev01,671,26,50.9,
1770191700208,dev01,428,26.6,54.4,
1770191700413,dev01,1260,21.3,40.4,
1770191700625,dev01,886,22.5,61.6,
1770191700830,dev01,845,26.3,49.8,
1770191701040,dev01,1026,22.2,43,
1770191701242,dev01,1028,22.6,51.7,
1770191701451,dev01,821,20.4,39.8,
1770191701653,dev01,1167,23.4,36.2,
1770191701867,dev01,839,22.7,51.1,
1770191702070,dev01,1247,27.2,53.4,
1770191702274,dev01,1287,23.4,41.4,
1770191702486,dev01,826,27.6,38.6,
1770191702699,dev01,727,24.2,71,
1770191702901,dev01,408,23,62.8,
1770191703102,dev01,712,22.6,49.6,
1770191703305,dev01,585,25.7,35.9,
1770191703507,dev01,861,21.5,49.8,
1770191703721,dev01,1223,23.9,52.4,
1770191703930,dev01,643,24.5,49.7,
1770191704132,dev01,427,25.1,68.3,
1770191704334,dev01,974,20.8,53.9,
1770191704538,dev01,578,23.5,41.8,
1770191704748,dev01,1023,22.3,58.3,
1770191704964,dev01,509,20.8,61,
1770191705165,dev01,524,27.5,45.2,
1770191705375,dev01,512,23.7,74.1,
1770191705575,dev01,609,23.3,53.2,
1770191705784,dev01,564,22.8,57.5,
1770191705996,dev01,1006,20.5,46.6,
1770191706196,dev01,549,25.8,62.8,
1770191706399,dev01,1289,23.2,55.6,
1770191706604,dev01,792,25,73.2,
1770191706818,dev01,1197,24.7,38,
1770191707018,dev01,1229,24.2,63.8,
1770191707220,dev01,1247,26.6,58.1,
1770191707429,dev01,637,22.2,68,
1770191707633,dev01,1156,25.5,42.3,
1770191707844,dev01,525,20.8,63.9,
1770191708050,dev01,988,24.9,46.8,
1770191708251,dev01,579,24.8,68.9,
1770191708456,dev01,1165,22.1,43.3,
1770191708656,dev01,606,24.8,57.2,
1770191708861,dev01,499,21.4,71.6,
1770191709072,dev01,414,21.4,62.5,
1770191709278,dev01,439,24.7,56.7,
1770191709482,dev01,566,20.2,73.7,
1770191709699,dev01,1291,26.5,72.7,
1770191709903,dev01,1280,26.6,51.1,
1770191710112,dev01,721,21,47,
1770191710325,dev01,797,23.2,46.4,
1770191710533,dev01,1041,24.6,67.4,
1770191710740,dev01,545,22.9,64.6,
1770191710951,dev01,1036,25.1,36.6,
1770191711163,dev01,652,27.8,45.3,
1770191711379,dev01,557,25.2,46,
1770191711588,dev01,946,26.5,68.2,
1770191711789,dev01,986,26.7,40.1,
1770191711992,dev01,854,26.2,66.4,
1770191712206,dev01,947,26.4,36,
1770191712407,dev01,1049,20.5,73.7,
1770191712621,dev01,959,21.6,55.4,
1770191712825,dev01,1014,22.2,53.2,
1770191713027,dev01,653,23.1,69.4,
1770191713241,dev01,627,23.3,49.8,
1770191713460,dev01,777,26.7,52,
1770191713674,dev01,1167,21.9,43.2,
1770191713880,dev01,1181,26.8,56.8,
1770191714085,dev01,850,25.2,61.9,
1770191714296,dev01,1278,27.4,49.8,
1770191714506,dev01,928,26.2,39.1,
1770191714711,dev01,438,22.5,56,
1770191714918,dev01,1115,23.5,63.2,
1770191715127,dev01,465,22.3,72.7,
1770191715333,dev01,947,23.7,61.5,
1770191715545,dev01,571,27.3,59.9,
1770191715755,dev01,1285,26.7,54.6,
1770191715968,dev01,514,25.4,40.7,
1770191716177,dev01,419,26,72.7,
1770191716392,dev01,920,21.1,41.2,
1770191716606,dev01,612,24.6,42.7,
1770191716809,dev01,1122,24.3,74.9,
1770191717021,dev01,1124,25.3,45.3,
1770191717227,dev01,634,25,53.8,
1770191717437,dev01,872,22.1,53.9,
1770191717644,dev01,873,24.3,63.5,
1770191717848,dev01,1277,25.6,68.3,
1770191718051,dev01,582,24.1,68.5,
1770191718251,dev01,1020,24.2,72.1,
1770191718467,dev01,832,20.9,57.9,
1770191718670,dev01,544,25.6,73.8,
1770191718881,dev01,1166,21.8,51.5,
1770191719089,dev01,1230,27.9,55.6,
1770191719297,dev01,900,24.3,73,
1770191719504,dev01,1060,23.9,39.8,
1770191719717,dev01,452,21,71.8,
1770191719926,dev01,874,21.5,73.5,
1770191720135,dev01,1020,23,50.4,
1770191720344,dev01,1031,21.1,65.8,
1770191720545,dev01,510,27,47.8,
1770191720756,dev01,1278,27.5,47.1,
1770191720959,dev01,673,26.7,46.4,
1770191721163,dev01,466,24.5,41.4,
1770191721374,dev01,1291,24.6,49.1,
1770191721587,dev01,683,22.4,42,
1770191721787,dev01,743,21.5,46.9,
1770191722000,dev01,586,22.9,36,
1770191722208,dev01,1030,20.4,52.7,
1770191722420,dev01,597,26.8,65.2,
1770191722635,dev01,612,25.7,56.6,
1770191722848,dev01,671,24.2,54.6,
1770191723063,dev01,1248,27.9,57.3,
1770191723275,dev01,983,21.9,38.1,
1770191723484,dev01,508,22.1,56.8,
1770191723697,dev01,1034,26.1,37.1,
1770191723900,dev01,410,23.3,66.1,
1770191724101,dev01,1054,27.3,65.3,
1770191724310,dev01,1097,23.2,37.5,
1770191724518,dev01,727,21.4,66,
1770191724725,dev01,1177,25.3,62,
1770191724927,dev01,889,24.3,71.9,
1770191725134,dev01,1141,24.5,73.1,
1770191725347,dev01,661,20.6,38.8,
1770191725548,dev01,821,26.6,72.2,
1770191725749,dev01,404,25,50.9,
1770191725964,dev01,812,23,69.6,
1770191726165,dev01,1155,25.1,74.2,
1770191726375,dev01,667,21.5,40.3,
1770191726583,dev01,920,22.4,35.5,
1770191726785,dev01,854,21.7,52.9,
1770191726986,dev01,516,22.7,50,
1770191727200,dev01,475,24,55.4,
1770191727404,dev01,1174,21.4,59.8,
1770191727619,dev01,681,26.9,54.1,
1770191727833,dev01,617,20.9,69.8,
1770191728042,dev01,1272,25.6,39.3,
1770191728252,dev01,1072,25.3,42.4,
1770191728462,dev01,407,27.7,72.6,
1770191728665,dev01,1241,27,37.5,
1770191728879,dev01,683,27.8,52,
1770191729091,dev01,950,23.4,65.7,
1770191729301,dev01,1295,24.7,52.2,
1770191729513,dev01,946,25.3,67.8,
1770191729717,dev01,985,26.6,41.9,
1770191729926,dev01,956,24,44.3,
1770191730134,dev01,758,24.9,58.7,
1770191730342,dev01,558,26.4,54.9,
1770191730553,dev01,448,25.1,40.2,
1770191730756,dev01,549,27.4,45.6,
1770191730964,dev01,1017,21.6,65.4,
1770191731179,dev01,503,24.7,71.7,
1770191731382,dev01,403,21.6,48.3,
1770191731588,dev01,669,25.2,74.6,
1770191731793,dev01,553,23.5,66.6,
1770191731997,dev01,916,24.2,52.4,
1770191732214,dev01,402,27.1,74.3,
1770191732422,dev01,938,24.6,37.7,
1770191732632,dev01,1228,24.7,36.3,
1770191732845,dev01,964,26.6,69.8,
1770191733045,dev01,1232,24.1,63.5,
1770191733255,dev01,464,27.5,55.8,
1770191733456,dev01,908,26.4,50.3,
1770191733671,dev01,1062,25.8,37.1,
1770191733880,dev01,594,24.3,47.4,
1770191734096,dev01,938,26.1,62.6,
1770191734308,dev01,579,27.8,72,
1770191734511,dev01,516,22.7,64,
1770191734719,dev01,1135,20.2,50.7,
1770191734925,dev01,837,25.5,74.6,
1770191735138,dev01,1062,26.6,49.3,
1770191735352,dev01,1249,22.6,38.2,
1770191735563,dev01,628,26.7,62,
1770191735772,dev01,1168,23.4,42.9,
1770191735974,dev01,474,21,68.3,
1770191736188,dev01,1216,25.2,74.9,
1770191736393,dev01,1014,26.6,52.8,
1770191736605,dev01,815,21,39.7,
1770191736817,dev01,405,27.4,44.7,
1770191737026,dev01,583,24,39.6,
1770191737237,dev01,1152,20.9,43.2,
1770191737446,dev01,406,24.9,48.2,
1770191737657,dev01,1030,27.9,35.2,
1770191737864,dev01,926,27.4,47,
1770191738075,dev01,603,22.1,62.5,
1770191738275,dev01,648,22.4,57.7,
1770191738476,dev01,1293,27.1,69.1,
1770191738691,dev01,1022,22.2,57.4,
1770191738904,dev01,871,20.3,56.1,
1770191739110,dev01,532,27.2,57.3,
1770191739315,dev01,638,23.2,47,
1770191739523,dev01,713,22.4,60.3,
1770191739732,dev01,1224,27.2,72.8,
1770191739940,dev01,541,23,43.2,
1770191740140,dev01,792,20.8,63.3,
1770191740351,dev01,791,24.6,59.3,
1770191740563,dev01,533,26.3,54.4,
1770191740778,dev01,476,26.6,40.3,
1770191740984,dev01,1283,21.1,45.5,
1770191741196,dev01,431,22,53.6,
1770191741406,dev01,846,25.7,51.3,
1770191741612,dev01,894,24.8,56.7,
1770191741822,dev01,1107,27.7,42.5,
1770191742028,dev01,465,22.1,35.5,
1770191742239,dev01,913,22.8,59.8,
1770191742453,dev01,1187,26.4,49.8,
1770191742668,dev01,432,22.1,65.8,
1770191742878,dev01,552,27.3,54.8,
1770191743092,dev01,568,27.4,68.6,
1770191743307,dev01,576,27,42.7,
1770191743519,dev01,528,25.9,51.2,
1770191743724,dev01,997,25.8,53.6,
1770191743925,dev01,637,25.5,43.3,
1770191744127,dev01,723,27.2,49.4,
1770191744332,dev01,1113,24.3,43,
1770191744536,dev01,1208,25.1,73.3,
1770191744747,dev01,927,27.8,70.2,
1770191744950,dev01,510,26.9,38,
1770191745149,dev01,951,24.4,48.4,
1770191745364,dev01,537,23.3,48,
1770191745566,dev01,1130,23,61.1,
1770191745771,dev01,694,23,63.7,
1770191745984,dev01,857,23.1,36.1,
1770191746200,dev01,738,21,49.3,
1770191746403,dev01,776,20.7,39.6,
1770191746613,dev01,1076,22.4,74.3,
1770191746813,dev01,825,23.6,61.6,
1770191747016,dev01,945,21.1,66.2,
1770191747218,dev01,1236,26,61.6,
1770191747432,dev01,778,22,35.4,
1770191747634,dev01,1182,26.2,55.6,
1770191747848,dev01,980,23.9,51.9,
1770191748054,dev01,1210,24.5,50.1,
1770191748256,dev01,526,27.5,60.5,
1770191748469,dev01,784,27.2,53.4,
1770191748674,dev01,1135,21.4,51.3,
1770191748886,dev01,551,24.2,36.9,
1770191749087,dev01,914,27.4,69.3,
1770191749301,dev01,506,27,60.9,
1770191749502,dev01,917,23.8,73.3,
1770191749712,dev01,1041,21.3,66.8,
1770191749913,dev01,1279,26,45.3,
1770191750128,dev01,1018,22.8,39.4,
1770191750343,dev01,656,20.1,75,
1770191750546,dev01,1293,25.4,55.3,
1770191750747,dev01,955,27.5,60.9,
1770191750958,dev01,473,26.6,54.5,
1770191751168,dev01,850,22.9,64.2,
1770191751371,dev01,650,20.4,46.5,
1770191751578,dev01,1113,25.3,73.3,
1770191751791,dev01,930,25.3,39.6,
1770191751993,dev01,453,23.3,70.9,
1770191752204,dev01,455,22.9,40,
1770191752406,dev01,934,21.5,41.9,
1770191752617,dev01,596,21.2,35.2,
1770191752832,dev01,976,26.6,64.9,
1770191753032,dev01,485,27.5,62.3,
1770191753234,dev01,1078,20.2,52.1,
1770191753446,dev01,606,24.2,65.4,
1770191753646,dev01,819,25.6,59.2,
1770191753861,dev01,538,21.6,60.3,
1770191754063,dev01,946,20.3,39.6,
1770191754273,dev01,546,26.5,39.4,
1770191754478,dev01,891,25.8,74.7,
1770191754690,dev01,728,22,52.6,
1770191754898,dev01,1114,24.1,45.2,
1770191755103,dev01,604,26.1,54.7,
1770191755307,dev01,921,21.7,73.8,
1770191755513,dev01,511,22.9,70.3,
1770191755720,dev01,619,26.1,39.5,
1770191755930,dev01,1009,20.6,41,
1770191756136,dev01,709,27.2,60.8,
1770191756341,dev01,526,27.2,49,
1770191756555,dev01,913,25.7,65.5,
1770191756757,dev01,1288,22.1,43,
1770191756960,dev01,452,26.8,36.8,
1770191757174,dev01,850,21.1,56.7,
1770191757381,dev01,419,22.3,41.5,
1770191757582,dev01,695,26.9,69.8,
1770191757789,dev01,904,22,48.8,
1770191758006,dev01,1050,24.4,61.5,
1770191758206,dev01,757,27.4,54.6,
1770191758416,dev01,448,20.8,74.1,
1770191758621,dev01,621,21.1,72.1,
1770191758829,dev01,1173,21.7,53.4,
1770191759034,dev01,695,20.3,38.4,
1770191759246,dev01,516,22,56.5,
1770191759448,dev01,527,20.3,71.7,
1770191759659,dev01,819,24.4,41.4,
1770191759873,dev01,1040,25,48.1,
1770191760075,dev01,1223,27.6,53.4,
1770191760275,dev01,872,22.5,42.2,
1770191760485,dev01,609,27.9,71.4,
1770191760691,dev01,937,22.7,36.1,
1770191760891,dev01,646,21.6,38.5,
1770191761102,dev01,1154,27.1,43.2,
1770191761302,dev01,690,21,52.8,
1770191761512,dev01,419,23.5,60.2,
1770191761718,dev01,877,21.5,48.1,
1770191761924,dev01,932,26.5,66.1,
1770191762132,dev01,1279,22.2,41.5,
1770191762340,dev01,1272,26.5,52,
1770191762550,dev01,1251,24.9,52.2,
1770191762769,dev01,659,26.5,53,
1770191762982,dev01,643,25.4,35.9,
1770191763186,dev01,1073,21.8,38.8,
1770191763394,dev01,426,21.9,67.1,
1770191763605,dev01,1263,22.5,67.4,
1770191763811,dev01,836,23.5,47.3,
1770191764019,dev01,1028,27.9,36.9,
1770191764224,dev01,917,21.9,68.3,
1770191764437,dev01,969,23.9,37.4,
1770191764644,dev01,808,22.6,70.1,
1770191764843,dev01,562,23.7,64.5,
1770191765056,dev01,439,21,44.9,
1770191765265,dev01,1241,21.4,54.5,
1770191765469,dev01,967,25.7,64.2,
1770191765683,dev01,1142,27.6,40.4,
1770191765887,dev01,772,26.9,38.2,
1770191766096,dev01,541,22,66.9,
1770191766309,dev01,1225,20.2,51.9,
1770191766514,dev01,851,20.2,66,
1770191766720,dev01,776,21.5,68.9,
1770191766920,dev01,808,26.3,54.8,
1770191767124,dev01,820,26.4,70.5,
1770191767324,dev01,1167,25.9,42.4,
1770191767536,dev01,935,22.7,66.6,
1770191767747,dev01,835,25,62.9,
1770191767959,dev01,542,23.9,37.3,
1770191768174,dev01,717,21.7,56.1,
1770191768376,dev01,562,25.6,74.9,
1770191768580,dev01,706,27.2,44.7,
1770191768786,dev01,1292,23.9,62,
1770191769001,dev01,1082,24,52.8,
1770191769212,dev01,872,26.4,47.5,
1770191769419,dev01,914,23.2,59.9,
1770191769628,dev01,1025,24.7,66.7,
1770191769841,dev01,1108,20.1,47.1,
1770191770050,dev01,784,26.9,43.3,
1770191770260,dev01,480,22.7,48.3,
1770191770468,dev01,598,27.7,47.8,
1770191770678,dev01,776,27.3,54.6,
1770191770889,dev01,736,20.1,53.5,
1770191771097,dev01,604,25.4,48.6,
1770191771300,dev01,1248,21,54.3,
1770191771501,dev01,461,23.4,43.1,
1770191771706,dev01,1024,25.2,67.9,
1770191771914,dev01,829,20.7,35.6,
1770191772128,dev01,1031,21.8,72.8,
1770191772334,dev01,802,26.4,74,
1770191772543,dev01,1065,25.6,55.5,
1770191772756,dev01,867,23.1,35,
1770191772965,dev01,805,22.3,57.7,
1770191773178,dev01,1230,22.9,70,
1770191773391,dev01,1007,27,64.6,
1770191773595,dev01,714,24.3,68,
1770191773803,dev01,893,20.8,71.1,
1770191774009,dev01,1243,25.2,45.5,
1770191774212,dev01,1212,24,73.5,
1770191774425,dev01,945,25.7,48.5,
1770191774629,dev01,504,27.4,69.9,
1770191774830,dev01,1071,22,46.1,
1770191775040,dev01,1235,22.8,63.7,
1770191775241,dev01,1159,20.7,54.5,
1770191775451,dev01,1271,22.9,55.5,
1770191775656,dev01,831,27.4,64.8,
1770191775871,dev01,933,22.4,71.4,
1770191776080,dev01,434,25.9,71.1,
1770191776280,dev01,1255,27.9,69.7,
1770191776488,dev01,1170,26.8,44,
1770191776690,dev01,1185,24.5,59.8,
1770191776893,dev01,715,25.9,39.5,
1770191777105,dev01,1173,22.4,39,
1770191777307,dev01,1021,27.8,39.3,
1770191777522,dev01,838,23.4,57.2,
1770191777730,dev01,405,24.7,42.2,
1770191777944,dev01,1213,22,41.2,
1770191778159,dev01,749,21.2,43.5,
1770191778369,dev01,696,26.6,56.4,
1770191778572,dev01,905,25.5,73.9,
1770191778787,dev01,1202,25.7,67.6,
1770191779003,dev01,655,26.2,72.7,
1770191779208,dev01,633,22.7,69.6,
1770191779416,dev01,1256,27.7,40.1,
1770191779626,dev01,1251,24.9,35.6,
1770191779831,dev01,740,25.3,39.2,
1770191780037,dev01,1045,27.5,43.9,
1770191780242,dev01,452,27.6,48.8,
1770191780447,dev01,431,26.4,66.9,
1770191780652,dev01,1089,22.4,67.2,
1770191780860,dev01,1263,26.7,72.5,
1770191781065,dev01,527,23.5,38.6,
1770191781279,dev01,1158,26.5,46.2,
1770191781482,dev01,761,21.2,42.5,
1770191781685,dev01,767,26.8,65.6,
1770191781896,dev01,536,23.1,55.4,
1770191782106,dev01,517,25.8,40.9,
1770191782312,dev01,1241,26.1,54.8,
1770191782518,dev01,660,20.6,41,
1770191782728,dev01,1278,27.2,51.3,
1770191782933,dev01,792,22,35.6,
1770191783138,dev01,806,21,52.5,
1770191783350,dev01,1275,23.9,68.6,
1770191783561,dev01,849,24.8,36,
1770191783771,dev01,1121,27.9,45.1,
1770191783983,dev01,873,26.8,57.1,
1770191784185,dev01,637,23.6,72.1,
1770191784396,dev01,789,21.5,39,
1770191784598,dev01,437,23.2,64.4,
1770191784798,dev01,442,26.2,42.9,
1770191785012,dev01,1116,20.4,46.9,
1770191785227,dev01,1066,25.4,74.8,
1770191785436,dev01,621,20.2,50.7,
1770191785640,dev01,671,24.1,37.8,
1770191785849,dev01,712,24.8,51.2,
1770191786061,dev01,673,27.9,63.9,
1770191786263,dev01,453,24.1,58.1,
1770191786471,dev01,1053,27.9,41.5,
1770191786677,dev01,1173,20.8,41.7,
1770191786882,dev01,1180,20.6,65.3,
1770191787091,dev01,540,27.8,64.3,
1770191787292,dev01,677,27.3,65.2,
1770191787494,dev01,1185,25.8,36.3,
1770191787698,dev01,713,24.3,48.4,
1770191787906,dev01,463,27.6,35.2,
1770191788113,dev01,915,25.7,53.1,
1770191788332,dev01,1272,27.9,40.9,
1770191788540,dev01,880,22.1,37.7,
1770191788751,dev01,1271,26.5,57.7,
1770191788957,dev01,905,23.4,71.3,
1770191789168,dev01,424,25.2,66.3,
1770191789377,dev01,975,25.6,56.6,
1770191789585,dev01,760,26.9,66.5,
1770191789788,dev01,659,22.6,43.2,
1770191790003,dev01,628,22.9,38.1,
1770191790213,dev01,790,25.9,70.2,
1770191790414,dev01,830,22.4,39,
1770191790629,dev01,603,25.4,40.4,
1770191790842,dev01,542,26.2,54.3,
1770191791046,dev01,777,25,45.3,
1770191791249,dev01,518,22.3,59.4,
1770191791461,dev01,912,24.2,57.3,
1770191791671,dev01,762,22,61.8,
1770191791882,dev01,434,23,35.1,
1770191792085,dev01,1200,22.8,61.7,
1770191792287,dev01,1188,27.4,69.6,
1770191792499,dev01,1218,20.6,51.2,
1770191792703,dev01,1264,26.9,60.8,
1770191792907,dev01,1196,22.8,69.1,
1770191793120,dev01,495,22.6,47.7,
1770191793332,dev01,635,24.8,52.5,
1770191793540,dev01,660,22.9,42,
1770191793746,dev01,1230,23.4,40.6,
1770191793946,dev01,594,24.6,69.3,
1770191794157,dev01,648,22.3,74.6,
1770191794362,dev01,610,20.2,63.2,
1770191794573,dev01,705,23.4,40.4,
1770191794780,dev01,1253,20.8,45.9,
1770191794991,dev01,633,27.2,74,
1770191795193,dev01,861,26.9,35.4,
1770191795406,dev01,1281,27.6,55.6,
1770191795611,dev01,893,22.8,66.5,
1770191795823,dev01,954,24.1,51.1,
1770191796029,dev01,793,27.8,51.9,
1770191796232,dev01,673,27.8,54.1,
1770191796439,dev01,1237,22.5,65.7,
1770191796651,dev01,1194,22.2,64.7,
1770191796860,dev01,731,27.8,62,
1770191797062,dev01,815,21,62.5,
1770191797276,dev01,620,22.3,59.1,
1770191797491,dev01,1002,26.3,51.5,
1770191797705,dev01,467,23.4,50.9,
1770191797904,dev01,938,20.9,49.4,
1770191798111,dev01,1163,20.5,71.3,
1770191798315,dev01,406,26.2,64.1,
1770191798518,dev01,716,24.6,62.9,
1770191798732,dev01,1152,26.5,54.1,
1770191798942,dev01,708,20.3,67.1,
1770191799142,dev01,1219,27.5,43.3,
1770191799352,dev01,1233,21.9,57.5,
1770191799555,dev01,717,23.4,53.6,
1770191799763,dev01,1026,22,72.8,
1770191799974,dev01,1227,27.3,42.8,
1770191800183,dev01,795,27.3,49.1,
1770191800390,dev01,588,20.3,41,
1770191800602,dev01,717,20.6,35.8,
1770191800809,dev01,663,22.2,53.6,
1770191801023,dev01,908,20.5,72.2,
1770191801232,dev01,706,27.7,61.1,
1770191801441,dev01,1257,23.8,60.7,
1770191801656,dev01,553,26.9,62.4,
1770191801858,dev01,1289,24.5,56.3,
1770191802073,dev01,1280,23.9,45.8,
1770191802279,dev01,772,26.7,72.3,
1770191802488,dev01,738,22.2,53.9,
1770191802699,dev01,945,21.3,60.5,
1770191802911,dev01,494,26.7,62.8,
1770191803122,dev01,1108,21.8,74.6,
1770191803328,dev01,941,27.9,59,
1770191803528,dev01,421,25.2,45.7,
1770191803740,dev01,1119,25.3,37.4,
1770191803950,dev01,659,23.7,35.5,
1770191804162,dev01,1181,22.6,55.2,
1770191804369,dev01,911,26.7,62.3,
1770191804581,dev01,1091,23.2,41.5,
1770191804786,dev01,481,24.6,62.2,
1770191804987,dev01,763,23.9,61.7,
1770191805196,dev01,1160,26.3,57.7,
1770191805405,dev01,869,23.7,47.1,
1770191805610,dev01,594,22.4,69.9,
1770191805819,dev01,828,22.6,49.5,
1770191806030,dev01,1223,27.1,44.7,
1770191806236,dev01,550,23.9,63.5,
1770191806446,dev01,801,25.3,40.8,
1770191806661,dev01,595,25.1,72.9,
1770191806866,dev01,981,24.1,48.7,
1770191807068,dev01,402,23.9,66,
1770191807275,dev01,789,24,66,
1770191807485,dev01,825,21.6,50.8,
1770191807692,dev01,518,22.4,57.4,
1770191807903,dev01,973,23.8,68.4,
1770191808109,dev01,721,24.1,69,
1770191808311,dev01,917,25.6,37,
1770191808515,dev01,881,27.8,71.3,
1770191808717,dev01,444,26.1,59.6,
1770191808919,dev01,415,23.5,37.6,
1770191809133,dev01,723,23.5,42.7,
1770191809336,dev01,1018,24.7,43.4,
1770191809545,dev01,615,27.2,45.3,
1770191809756,dev01,514,26.4,51.2,
1770191809965,dev01,1198,27.3,53.1,
1770191810168,dev01,424,23.1,60.4,
1770191810380,dev01,735,26.5,56.6,
1770191810582,dev01,1166,24.4,66.4,
1770191810794,dev01,1060,25,61.4,
1770191811001,dev01,809,20.2,69,
1770191811203,dev01,598,27.3,40.8,
1770191811405,dev01,551,22.1,65.6,
1770191811613,dev01,403,27.8,46.8,
1770191811814,dev01,802,22.9,56.5,
1770191812021,dev01,471,22,40.4,
1770191825044,dev01,723,26.6,72.1,
1770191825256,dev01,437,27.9,56.4,
1770191825460,dev01,940,26.3,59.1,
1770191825660,dev01,571,28,44.3,
1770191825861,dev01,867,27.9,72.9,
1770191826066,dev01,717,23,70.1,
1770191826272,dev01,877,25.3,70.4,
1770191826484,dev01,873,20.3,61.5,
1770191826698,dev01,1205,20.8,68.5,
1770191826904,dev01,765,27.4,42.8,
1770191827109,dev01,733,24.8,54.1,
1770191827319,dev01,802,21.1,50.4,
1770191827531,dev01,531,23.2,39,
1770191827731,dev01,846,25.7,35.3,
1770191827936,dev01,939,25.8,59.3,
1770191828137,dev01,824,25.9,51.2,
1770191828346,dev01,605,20.9,41.5,
1770191828553,dev01,485,22.3,36.6,
1770191828761,dev01,750,23.8,54.5,
1770191828972,dev01,682,21.7,49.5,
1770191829181,dev01,802,22,44.6,
1770191829390,dev01,435,24.7,74.1,
1770191829595,dev01,873,27.7,44.7,
1770191829806,dev01,678,25.9,67.5,
1770191830017,dev01,848,27.1,70.8,
1770191830232,dev01,793,23.2,38.8,
1770191830445,dev01,969,20.6,45.3,
1770191830651,dev01,602,21.4,73.1,
1770191830865,dev01,989,24.2,74.3,
1770191831078,dev01,1007,20.2,49.7,
1770191831282,dev01,1134,23.3,50.5,
1770191831489,dev01,440,21.1,60.8,
1770191831691,dev01,500,24.4,58.5,
1770191831891,dev01,661,20.6,39.1,
1770191832101,dev01,643,26.1,74,
1770191832304,dev01,1203,20.2,48.6,
1770191832509,dev01,795,24.8,67.6,
1770191832721,dev01,784,26,57.7,
1770191832928,dev01,668,27.7,73.8,
1770191833143,dev01,889,20.7,46.8,
1770191833343,dev01,717,24.7,67.6,
1770191833553,dev01,624,22.1,49.4,
1770191833759,dev01,684,26.9,70.2,
1770191833966,dev01,576,24.7,51.6,
1770191834173,dev01,739,26.7,38.6,
1770191834382,dev01,881,20,57.2,
1770191834592,dev01,419,20.7,56,
1770191834798,dev01,409,20.7,56.4,
1770191835003,dev01,706,23.6,53.5,
1770191835214,dev01,724,22.4,59.9,
1770191835416,dev01,1011,23.9,44.8,
1770191835629,dev01,1132,20.3,42,
1770191835828,dev01,1128,21.6,55.1,
1770191836044,dev01,834,21.4,37.8,
1770191836255,dev01,450,23.5,54.5,
1770191836460,dev01,1126,25.2,57.9,
1770191836671,dev01,495,24.2,36.7,
1770191836879,dev01,885,23.4,58.7,
1770191837084,dev01,1015,22.5,42.2,
1770191837286,dev01,509,20.9,60.4,
1770191837494,dev01,1044,22.9,70.5,
1770191837709,dev01,1059,20.6,51.1,
1770191837911,dev01,756,24.1,40.7,
1770191838122,dev01,1102,22.9,45.6,
1770191838332,dev01,1209,25.3,45.6,
1770191838537,dev01,1170,21.7,55.2,
1770191838738,dev01,645,20.4,65.6,
1770191838951,dev01,819,26.9,68.4,
1770191839159,dev01,684,22.1,55.4,
1770191839366,dev01,798,25.6,49.6,
1770191839572,dev01,1216,24.6,59.4,
1770191839777,dev01,841,24.2,52.4,
1770191839990,dev01,1019,24.5,45.5,
1770191840191,dev01,1039,27.2,65.7,
1770191840393,dev01,401,26.5,62.1,
1770191840604,dev01,935,22.3,46.4,
1770191840814,dev01,659,22.6,47.6,
1770191841018,dev01,817,24,37.4,
1770191841233,dev01,883,24.7,51.7,
1770191841446,dev01,433,24.3,56.2,
1770191841647,dev01,665,26.5,72.9,
1770191841852,dev01,1213,23.2,46.9,
1770191842062,dev01,413,23.2,38.9,
1770191842268,dev01,848,25.9,74.2,
1770191842476,dev01,1083,25.5,37,
1770191842676,dev01,805,20.9,39.4,
1770191842887,dev01,506,21.1,70.1,
1770191843088,dev01,618,24.8,52.1,
1770191843291,dev01,905,21,57.8,
1770191843499,dev01,922,21.4,67.2,
1770191843713,dev01,869,21.9,64.4,
1770191843920,dev01,675,25.5,65.5,
1770191844122,dev01,608,23.9,38.4,
1770191844326,dev01,420,25.7,62,
1770191844531,dev01,670,26.3,58.2,
1770191844739,dev01,450,20.8,59.3,
1770191844952,dev01,486,22.5,63.3,
1770191845167,dev01,1180,26.3,36.1,
1770191845370,dev01,1203,23.2,40.3,
1770191845584,dev01,485,25.9,74.6,
1770191845801,dev01,447,23.1,70.8,
1770191846014,dev01,511,21.2,53.7,
1770191846215,dev01,721,26,46,
1770191846415,dev01,573,26.7,44.7,
1770191846616,dev01,1035,22.1,73.6,
1770191846826,dev01,767,23.2,54.6,
1770191847031,dev01,800,27.5,67.5,
1770191847233,dev01,935,25.2,63.4,
1770191847436,dev01,625,23.8,73.5,
1770191847642,dev01,945,24.7,73.4,
1770191847842,dev01,663,23.8,57,
1770191848051,dev01,495,25.8,72.2,
1770191848258,dev01,1098,26.3,72.1,
1770191848463,dev01,988,21.5,54,
1770191848668,dev01,909,27.9,47.9,
1770191848870,dev01,1156,26.5,59.4,
1770191849074,dev01,977,27.4,62.5,
1770191849284,dev01,859,25.6,42.7,
1770191849491,dev01,452,21.1,57.3,
1770191849698,dev01,1153,26.6,70.5,
1770191849899,dev01,699,22.1,59.6,
1770191850102,dev01,797,25.1,74.3,
1770191850312,dev01,1120,22,67.6,
1770191850523,dev01,1226,24.2,37.9,
1770191850733,dev01,1000,28,55,
1770191850939,dev01,522,26.6,43.5,
1770191851149,dev01,408,24.2,37,
1770191851361,dev01,1002,26.7,62.3,
1770191851566,dev01,1075,22.6,56.9,
1770191851767,dev01,405,20.7,55.7,
1770191851967,dev01,1258,25.1,52.7,
1770191852181,dev01,823,24.9,40.6,
1770191852394,dev01,608,25.3,71.8,
1770191852598,dev01,1254,23,62.8,
1770191852806,dev01,1291,27.6,51,
1770191853015,dev01,449,22.9,48.6,
1770191853223,dev01,853,23.5,42.3,
1770191853433,dev01,828,26.6,53.1,
1770191853637,dev01,1219,23.7,49.7,
1770191853847,dev01,873,20.8,38.5,
1770191854049,dev01,974,24,71.3,
1770191854253,dev01,1059,26,69.4,
1770191854459,dev01,567,26,69.2,
1770191854665,dev01,611,26.5,44.4,
1770191854869,dev01,1159,21.1,53.5,
1770191855080,dev01,831,20,72.6,
1770191855291,dev01,523,22,54.1,
1770191855502,dev01,481,22,63.3,
1770191855702,dev01,1131,26.4,70.8,
1770191855907,dev01,442,25.6,65.7,
1770191856114,dev01,570,25.1,48.6,
1770191856315,dev01,459,25.2,48.4,
1770191856516,dev01,1139,25.7,68.4,
1770191856720,dev01,1071,24,47,
1770191856920,dev01,759,20.3,55.7,
1770191857124,dev01,847,27.2,39.8,
1770191857324,dev01,418,25.6,51.3,
1770191857528,dev01,580,26.5,47.3,
1770191857730,dev01,975,26.7,55.1,
1770191857934,dev01,948,24.7,57.5,
1770191858142,dev01,791,25.4,64,
1770191858350,dev01,1046,27.7,46,
1770191858554,dev01,430,27.8,54.3,
1770191858755,dev01,711,20.6,46.4,
1770191858966,dev01,574,21.2,60.8,
1770191859177,dev01,629,25.6,49.8,
1770191859391,dev01,652,26,65.7,
1770191859594,dev01,753,26.4,72.5,
1770191859803,dev01,883,25.8,54.9,
1770191860018,dev01,608,23.8,38.7,
1770191860221,dev01,1131,22.6,62.6,
1770191860432,dev01,850,25.6,66.5,
1770191860644,dev01,844,23.6,73.3,
1770191860843,dev01,1066,22.5,56.6,
1770191861058,dev01,915,24.3,67.8,
1770191861271,dev01,1103,24.2,51.1,
1770191861474,dev01,573,27.5,67.9,
1770191861676,dev01,1215,27.9,41.3,
1770191861882,dev01,1265,24.3,63.4,
1770191862082,dev01,1093,25.5,43.5,
1770191862291,dev01,890,26,69,
1770191862497,dev01,1261,21,50.1,
1770191862707,dev01,1227,26.5,70.7,
1770191862909,dev01,400,27.1,74.1,
1770191863123,dev01,1028,21.9,59,
1770191863323,dev01,560,25.8,60.8,
1770191863529,dev01,448,25.2,48.6,
1770191863739,dev01,550,22.6,40.6,
1770191863940,dev01,1057,22.9,73.2,
1770191864145,dev01,952,21.7,65.2,
1770191864347,dev01,1284,24,42.7,
1770191864559,dev01,1138,22.3,73.5,
1770191864766,dev01,1282,27.3,59.6,
1770191864966,dev01,1248,23.1,38.3,
1770191865173,dev01,760,24.9,67.7,
1770191865380,dev01,1148,23.5,51.6,
1770191865582,dev01,711,25.8,58.4,
1770191865795,dev01,998,26.2,47,
1770191866005,dev01,1204,25.3,39.2,
1770191866219,dev01,488,25.7,44.3,
1770191866421,dev01,1190,26,72.2,
1770191866637,dev01,958,20.2,58.9,
1770191866848,dev01,611,24.6,58.1,
1770191867060,dev01,1204,22.3,52.6,
1770191867269,dev01,567,23.2,65.9,
1770191867471,dev01,1040,22.1,67.8,
1770191867680,dev01,1295,26.1,51.7,
1770191867887,dev01,709,20.5,63.5,
1770191868092,dev01,717,25.8,53.7,
1770191868298,dev01,1218,21.8,37.8,
1770191868502,dev01,976,25.1,69.3,
1770191868712,dev01,452,25.6,65.9,
1770191868918,dev01,911,25.3,72.4,
1770191869130,dev01,810,23.4,36.2,
1770191869331,dev01,921,22.8,64.6,
1770191869537,dev01,878,24,36.5,
1770191869740,dev01,1160,27.5,48.5,
1770191869950,dev01,688,26.5,75,
1770191870164,dev01,711,23.5,67.7,
1770191870367,dev01,1159,20.7,65.8,
1770191870577,dev01,723,25.9,72,
1770191870789,dev01,656,20.1,68.4,
1770191871001,dev01,856,23.8,47.1,
1770191871210,dev01,622,20.7,42.5,
1770191871426,dev01,637,27.2,66.8,
1770191871629,dev01,459,21.2,64.6,
1770191871833,dev01,547,26.4,70.7,
1770191872046,dev01,598,26.4,63.1,
1770191872259,dev01,1106,25.8,69.8,
1770191872465,dev01,1092,27.8,57.8,
1770191872679,dev01,1164,23.6,68.7,
1770191872886,dev01,1238,26.7,72.1,
1770191873095,dev01,664,26.9,41,
1770191873299,dev01,861,28,63.5,
1770191873500,dev01,735,25.8,41.6,
1770191873704,dev01,704,24.6,71,
1770191873919,dev01,720,27.3,67.1,
1770191874126,dev01,1127,23.6,68.9,
1770191874337,dev01,872,22.2,74.2,
1770191874537,dev01,970,22.4,47.4,
1770191874746,dev01,1262,22.7,71.6,
1770191874953,dev01,475,23.6,60.1,
1770191875157,dev01,590,25.1,68.1,
1770191875369,dev01,802,21.8,52.8,
1770191875582,dev01,557,20.2,67.4,
1770191875791,dev01,930,22.3,57.8,
1770191875999,dev01,1038,24.2,58.9,
1770191876203,dev01,519,23.7,54.9,
1770191876403,dev01,760,26.1,40.3,
1770191876620,dev01,540,25.6,65.3,
1770191876827,dev01,1153,24.1,55.1,
1770191877030,dev01,1069,21.3,43.9,
1770191877247,dev01,796,20.4,59.2,
1770191877448,dev01,749,27.8,70.3,
1770191877659,dev01,927,27.6,62,
1770191877867,dev01,501,23.9,59.4,
1770191878066,dev01,855,23.2,46.3,
1770191878270,dev01,599,20.2,74,
1770191878471,dev01,746,23.2,47.7,
1770191878680,dev01,540,27.1,40.3,
1770191878881,dev01,1013,22.3,57.2,
1770191879086,dev01,649,26.2,52.9,
1770191879290,dev01,1090,27.9,54.1,
1770191879496,dev01,442,26.9,70.1,
1770191879708,dev01,1048,21.4,55.7,
1770191879921,dev01,606,25.8,45.2,
1770191880128,dev01,886,23.1,74,
1770191880332,dev01,620,24.2,49.7,
1770191880544,dev01,760,20.9,65.8,
1770191880748,dev01,863,25.5,73.8,
1770191880959,dev01,467,25.6,73.3,
1770191881169,dev01,1070,21.1,68.4,
1770191881376,dev01,1118,22.4,36.8,
1770191881581,dev01,721,25.9,50.2,
1770191881786,dev01,704,22.4,58.5,
1770191881998,dev01,829,23.4,58.3,
1770191882201,dev01,1029,23.8,53.4,
1770191882413,dev01,1100,20.1,62.7,
1770191882616,dev01,844,20.1,58.3,
1770191882818,dev01,1077,27.5,39.9,
1770191883029,dev01,404,22.1,37.5,
1770191883236,dev01,1042,20.8,69.4,
1770191883439,dev01,1011,22.9,38.1,
1770191883639,dev01,696,23.2,71.7,
1770191883846,dev01,1149,24.8,48.7,
1770191884057,dev01,581,23,48.9,
1770191884267,dev01,767,23.2,41,
1770191884478,dev01,1043,27.7,68.6,
1770191884688,dev01,754,25.4,63.4,
1770191884894,dev01,1164,24.5,40,
1770191885104,dev01,606,27,53.5,
1770191885315,dev01,800,21.7,37,
1770191885521,dev01,424,22.1,58.3,
1770191885723,dev01,1090,20.5,36.8,
1770191885926,dev01,786,20.8,71.5,
1770191886136,dev01,1032,23.6,50.8,
1770191886338,dev01,894,20,59.2,
1770191886542,dev01,1001,27.8,55.3,
1770191886748,dev01,919,26.6,50.3,
1770191886952,dev01,586,22.3,59.2,
1770191887167,dev01,1159,22.3,65,
1770191887369,dev01,1109,20.9,68.4,
1770191887570,dev01,672,27,59.2,
1770191887781,dev01,1224,24.5,64.7,
1770191887987,dev01,994,24.4,63.2,
1770191888201,dev01,565,23.2,65.8,
1770191888411,dev01,851,20.4,63.1,
1770191888613,dev01,1012,25.1,46.7,
1770191888820,dev01,1017,26.2,52.4,
1770191889034,dev01,1081,22.1,58.5,
1770191889242,dev01,1297,20.5,36.5,
1770191889452,dev01,954,20.7,52.4,
1770191889657,dev01,729,26.8,35.6,
1770191889867,dev01,1162,24.1,53.3,
1770191890079,dev01,695,22.6,42.4,
1770191890284,dev01,575,20.9,57.1,
1770191890489,dev01,1165,24.2,66.9,
1770191890694,dev01,737,22.3,46.5,
1770191890906,dev01,813,23.7,61.7,
1770191891118,dev01,477,26.7,49.1,
1770191891332,dev01,570,25.8,52.7,
1770191891539,dev01,786,25.3,64.9,
1770191891748,dev01,1220,25.3,47.8,
1770191891955,dev01,918,27.7,38.4,
1770191892163,dev01,661,26.1,71.5,
1770191892371,dev01,924,28,54,
1770191892581,dev01,840,22.4,74.4,
1770191892788,dev01,470,27.2,35.7,
1770191892993,dev01,1032,24.7,59.7,
1770191893204,dev01,539,24.5,44,
1770191893409,dev01,501,22,51.3,
1770191893609,dev01,478,26.7,37.2,
1770191893815,dev01,753,25.9,36.7,
1770191894026,dev01,1064,22.1,62.5,
1770191894237,dev01,454,20.7,71.3,
1770191894443,dev01,810,23.5,48.2,
1770191894655,dev01,1062,21.8,48.2,
1770191894868,dev01,1210,21,68.3,
1770191895075,dev01,1130,20.8,45,
1770191895280,dev01,805,21.2,45.4,
1770191895491,dev01,855,23.5,62,
1770191895691,dev01,634,26.1,51.4,
1770191895907,dev01,1065,26.2,45.4,
1770191896113,dev01,639,27.2,49.2,
1770191896318,dev01,534,20.6,70.7,
1770191896532,dev01,1174,27.8,74.1,
1770191896741,dev01,526,22.9,57.8,
1770191896941,dev01,1042,25.9,67.4,
1770191897156,dev01,630,21.6,62.3,
1770191897359,dev01,715,26.4,40,
1770191897573,dev01,593,20.4,73.8,
1770191897777,dev01,736,26.8,36.7,
1770191897977,dev01,774,24.8,52.5,
1770191898189,dev01,1218,25.3,71.2,
1770191898396,dev01,562,25.9,57.7,
1770191898606,dev01,1207,24.8,64.2,
1770191898810,dev01,697,23.5,48.4,
1770191899015,dev01,768,21.2,60.5,
1770191899230,dev01,1144,26.1,59.6,
1770191899433,dev01,1296,27.7,60.1,
1770191899643,dev01,517,26,54.7,
1770191899847,dev01,572,26,74.8,
1770191900059,dev01,505,22.9,49.5,
1770191900261,dev01,799,20.3,40.6,
1770191900465,dev01,1025,26.6,74.4,
1770191900667,dev01,509,20.6,65.7,
1770191900869,dev01,915,26.2,35.8,
1770191901070,dev01,1055,23.5,58.9,
1770191901269,dev01,1197,24.9,54.3,
1770191901483,dev01,914,27.2,50.9,
1770191901688,dev01,1216,21.3,64.1,
1770191901897,dev01,1192,24.3,37.5,
1770191902105,dev01,1007,23.8,71.9,
1770191902315,dev01,548,24.7,40.8,
1770191902525,dev01,1084,24.2,55,
1770191902729,dev01,509,26.5,42.9,
1770191902939,dev01,1175,27.4,37.4,
1770191903146,dev01,446,24.5,65.2,
1770191903350,dev01,980,27.5,74,
1770191903551,dev01,543,22.7,68.4,
1770191903763,dev01,629,25.3,55.6,
1770191903967,dev01,1128,26.8,71.6,
1770191904178,dev01,643,26.3,52.3,
1770191904386,dev01,564,22.7,53,
1770191904596,dev01,1297,23.7,74,
1770191904807,dev01,779,21.9,56.7,
1770191905012,dev01,1215,26,56.8,
1770191905216,dev01,417,21.6,65.1,
1770191905427,dev01,637,20.5,61.9,
1770191905639,dev01,761,27.8,66.6,
1770191905854,dev01,615,21.6,63.8,
1770191906068,dev01,648,24.5,61.4,
1770191906281,dev01,933,25.4,72.9,
1770191906488,dev01,936,24.3,71.6,
1770191906699,dev01,1088,26,69,
1770191906908,dev01,508,27.2,36.4,
1770191907109,dev01,519,20.9,42.7,
1770191907315,dev01,938,23.5,71,
1770191907517,dev01,1159,23.2,63.5,
1770191907719,dev01,1159,25.9,60.9,
1770191907927,dev01,1069,25.2,48.8,
1770191908136,dev01,1006,23.4,43,
1770191908347,dev01,839,25.9,61.7,
1770191908560,dev01,462,22.1,44.5,
1770191908770,dev01,889,24.2,57.3,
1770191908974,dev01,609,23.2,61.9,
1770191909177,dev01,597,26.2,65.2,
1770191909381,dev01,1007,24.4,38.3,
1770191909589,dev01,1248,21.7,48.9,
1770191909801,dev01,521,25.7,48.8,
1770191910015,dev01,1059,25.2,51,
1770191910225,dev01,699,26.4,73,
1770191910435,dev01,976,26.5,42.1,
1770191910649,dev01,863,23.2,60.6,
1770191910856,dev01,1291,22.8,62.7,
1770191911061,dev01,1249,21.4,48.9,
1770191911268,dev01,1257,25.8,58.6,
1770191911470,dev01,663,27.7,57,
1770191911675,dev01,806,22.8,54.3,
1770191911890,dev01,678,20.5,45.6,
1770191912094,dev01,1227,24,63.2,
1770191912298,dev01,526,22.4,53.8,
1770191912509,dev01,941,23.1,71.7,
1770191912721,dev01,1140,22,59.1,
1770191912926,dev01,1070,27.1,57.7,
1770191913129,dev01,1249,23.7,57.9,
1770191913337,dev01,649,21.7,45.6,
1770191913550,dev01,628,24.1,43.9,
1770191913751,dev01,592,20,54.3,
1770191913963,dev01,570,22,72,
1770191914165,dev01,429,20.7,45.1,
1770191914371,dev01,932,24.3,70.8,
1770191914572,dev01,673,24.7,67.3,
1770191914776,dev01,1052,21.5,40.1,
1770191914984,dev01,1142,25.1,45.8,
1770191915199,dev01,1235,26.1,66.2,
1770191915414,dev01,1098,23.9,38.8,
1770191915614,dev01,655,26.9,74,
1770191915827,dev01,1015,23.7,48.8,
1770191916044,dev01,890,25.6,65.4,
1770191916252,dev01,748,27.4,61,
1770191916461,dev01,1175,27.2,68.4,
1770191916668,dev01,1207,27.8,65,
1770191916878,dev01,1265,23.1,56,
1770191917080,dev01,1125,26.7,56.3,
1770191917294,dev01,995,27.3,39.1,
1770191917502,dev01,668,26.9,42.5,
1770191917704,dev01,1203,24.8,66.5,
1770191917916,dev01,1165,27.1,59.5,
1770191918125,dev01,603,24.3,66.5,
1770191918328,dev01,936,21.6,73.4,
1770191918528,dev01,715,27.2,63.3,
1770191918733,dev01,469,23.3,74.9,
1770191918940,dev01,1006,27.5,53,
1770191919142,dev01,1263,24.5,47.4,
1770191919349,dev01,568,25.2,52.7,
1770191919561,dev01,663,22.9,62.7,
1770191919763,dev01,1213,21.8,65,
1770191919969,dev01,772,21.3,55.9,
1770191920173,dev01,768,22.7,69.9,
1770191920377,dev01,476,21.2,43.3,
1770191920586,dev01,1256,27.4,52.4,
1770191920798,dev01,637,23.6,38.2,
1770191920998,dev01,649,21.5,56.6,
1770191921202,dev01,894,21.4,67.3,
1770191921409,dev01,719,21.8,69.6,
1770191921611,dev01,654,24.5,55.7,
1770191921813,dev01,447,21.1,54.1,
1770191922015,dev01,811,20.6,59,
1770191922220,dev01,821,25.5,60.8,
1770191922432,dev01,937,24.1,65.7,
1770191922646,dev01,487,25.8,59.2,
1770191922861,dev01,724,27.5,36.2,
1770191923069,dev01,463,23.1,42.8,
1770191923275,dev01,773,23,40.9,
1770191923489,dev01,829,27.7,55.4,
1770191923700,dev01,1090,21.2,44.3,
1770191923908,dev01,924,21.6,51.9,
1770191924116,dev01,578,27.9,38.2,
1770191924318,dev01,752,20.9,53.8,
1770191924527,dev01,673,21.6,72.6,
1770191924733,dev01,1012,21.2,36.5,
1770191924938,dev01,802,25.9,44.6,
1770191925145,dev01,720,25.8,48.2,
1770191925345,dev01,450,27.8,66.1,
1770191925554,dev01,1183,27.1,38.5,
1770191925762,dev01,848,22.1,57,
1770191925965,dev01,1212,27.6,40.4,
1770191926180,dev01,922,23,47.3,
1770191926387,dev01,760,23.3,68.5,
1770191926599,dev01,1030,25.9,44.7,
1770191926800,dev01,996,23.8,69.2,
1770191927003,dev01,903,21.9,50.4,
1770191927203,dev01,946,24.5,54.9,
1770191927403,dev01,875,23.9,37.6,
1770191927605,dev01,1153,21.5,62.7,
1770191927818,dev01,566,21.8,36.7,
1770191928025,dev01,898,23.4,57.8,
1770191928240,dev01,1017,24,58.8,
1770191928448,dev01,519,24.8,42.9,
1770191928656,dev01,1294,25.1,40,
1770191928858,dev01,723,27.4,48.9,
1770191929065,dev01,513,26.3,39.2,
1770191929275,dev01,1235,26.2,70,
1770191929487,dev01,898,22,35.8,
1770191929696,dev01,638,27.5,66,
1770191929909,dev01,521,20.5,36.7,
1770191930119,dev01,403,20.6,60,
1770191930334,dev01,413,24.6,59.4,
1770191930541,dev01,1209,24.9,55.7,
1770191930745,dev01,990,26.3,46.3,
1770191930956,dev01,680,20.3,55.6,
1770191931166,dev01,457,23.8,52.5,
1770191931377,dev01,1253,27,71.2,
1770191931584,dev01,1203,22.6,73.3,
1770191931794,dev01,1229,21.6,48.6,
1770191931995,dev01,511,26.6,65.1,
1770191932200,dev01,884,22.8,37.9,
1770191932400,dev01,846,21.6,69.5,
1770191932608,dev01,1166,22.1,56.7,
1770191932815,dev01,959,21.1,75,
1770191933015,dev01,491,25.8,58.9,
1770191933223,dev01,1024,26.1,38.2,
1770191933426,dev01,459,22.7,38.8,
1770191933633,dev01,499,21.2,38.8,
1770191933837,dev01,1007,21.8,62.3,
1770191934043,dev01,642,27.8,37.2,
1770191934248,dev01,439,27.6,46.2,
1770191934451,dev01,831,26.5,68.6,
1770191934657,dev01,751,21.6,68.9,
1770191934866,dev01,411,25.9,68.5,
1770191935075,dev01,690,24.2,45.8,
1770191935280,dev01,908,25.4,46.9,
1770191935488,dev01,411,25.4,43.1,
1770191935688,dev01,585,22.9,37.9,
1770191935888,dev01,875,24,48.7,
1770191936099,dev01,1110,21.4,67.7,
1770191936312,dev01,500,26.7,71.6,
1770191936520,dev01,612,27.2,46.9,
1770191936735,dev01,410,26.1,65.8,
1770191936945,dev01,733,21.5,56.4,
1770191937148,dev01,458,23.7,63.9,
1770191937348,dev01,905,21.9,60.4,
1770191937548,dev01,1009,23.2,49.9,
1770191937751,dev01,1292,25.1,53.6,
1770191937958,dev01,598,20.5,64.4,
1770191938172,dev01,1083,23.6,35.3,
1770191938372,dev01,1039,27.1,67.9,
1770191938574,dev01,1268,27.6,51.3,
1770191938784,dev01,1241,25.2,74.2,
1770191938987,dev01,439,26.5,62.9,
1770191939202,dev01,734,23.6,35.9,
1770191939414,dev01,709,26.4,72.7,
1770191939619,dev01,815,24.9,68.4,
1770191939827,dev01,1170,27.7,40.8,
1770191940038,dev01,1262,23.2,43.2,
1770191940252,dev01,1051,23.4,66.3,
1770191940462,dev01,875,22.6,49.6,
1770191940675,dev01,828,22.3,55.9,
1770191940885,dev01,474,27.2,63.3,
1770191941098,dev01,980,22.5,46.5,
1770191941298,dev01,1238,22.4,71.1,
1770191941500,dev01,1128,23.4,44.7,
1770191941702,dev01,998,20.1,53.4,
1770191941919,dev01,957,26.6,50.7,
1770191942133,dev01,1206,27.7,62.1,
1770191942335,dev01,1200,24,41.9,
1770191942540,dev01,1229,26.2,73.1,
1770191942740,dev01,793,22,41.1,
1770191942946,dev01,981,21.3,51.9,
1770191943147,dev01,955,25.2,51,
1770191943362,dev01,978,20.5,74.2,
1770191943570,dev01,913,25.2,65.1,
1770191943777,dev01,1139,24.2,56.9,
1770191943978,dev01,526,21.4,67.1,
1770191944189,dev01,1173,25.6,50.8,
1770191944390,dev01,841,21.1,51.5,
1770191944605,dev01,1220,21.6,43.2,
1770191944812,dev01,1036,23.3,65.8,
1770191945019,dev01,983,27.7,40.1,
1770191945234,dev01,868,24.7,43.5,
1770191945441,dev01,1293,27.8,47.3,
1770191945642,dev01,853,20.3,52.5,
1770191945848,dev01,960,21.7,35,
1770191946051,dev01,752,24.5,59.5,
1770191946251,dev01,1293,28,71.3,
1770191946461,dev01,978,26.1,58.6,
1770191946661,dev01,572,22.7,55.1,
1770191946871,dev01,573,23.5,58.2,
1770191947077,dev01,483,26.2,43.3,
1770191947282,dev01,756,21,41,
1770191947486,dev01,531,24.2,41.7,
1770191947693,dev01,596,26.6,53.7,
1770191947895,dev01,713,22.7,67.6,
1770191948098,dev01,618,20.1,58.1,
1770191948298,dev01,1056,27.4,57.3,
1770191948506,dev01,869,27.4,58,
1770191948709,dev01,605,23.9,39.2,
1770191948923,dev01,460,20.7,73.8,
1770191949136,dev01,535,22.7,53.5,
1770191949342,dev01,1013,22.5,41.1,
1770191949559,dev01,1245,27,44.9,
1770191949763,dev01,527,21.7,58.6,
1770191949975,dev01,1071,23.6,73.2,
1770191950177,dev01,407,26.6,68.5,
1770191950379,dev01,505,21.8,55.3,
1770191950582,dev01,743,24.9,46.7,
1770191950789,dev01,507,20.3,71.3,
1770191951000,dev01,846,20.8,36.3,
1770191951208,dev01,803,23.8,51.1,
1770191951413,dev01,1053,26.6,56.6,
1770191951616,dev01,902,27,46.3,
1770191951816,dev01,528,27.2,74.8,
1770191952025,dev01,969,25,62.4,
1770191952237,dev01,737,23.2,40.1,
1770191952439,dev01,1044,20.5,36.1,
1770191952649,dev01,542,21,53.3,
1770191952860,dev01,1038,21.4,57.1,
1770191953062,dev01,1217,21.3,74,
1770191953265,dev01,821,24,45.1,
1770191953472,dev01,1266,25.9,69.1,
1770191953683,dev01,634,27.9,63,
1770191953900,dev01,459,20.1,46.5,
1770191954110,dev01,532,20,50.2,
1770191954315,dev01,1131,20.4,74.7,
1770191954517,dev01,827,20.3,74.1,
1770191954731,dev01,435,20.3,52.9,
1770191954941,dev01,1114,27,43.1,
1770191955154,dev01,615,24.9,61.5,
1770191955359,dev01,761,20.4,59.7,
1770191955570,dev01,707,22.7,68.1,
1770191955778,dev01,1159,27.3,54.3,
1770191955986,dev01,477,22.8,41.5,
1770191956201,dev01,617,24.5,74.5,
1770191956408,dev01,1170,26,59,
1770191956614,dev01,518,24.2,69.6,
1770191956820,dev01,877,27.1,47.9,
1770191957030,dev01,684,20.1,67.2,
1770191957242,dev01,501,22.3,55.6,
1770191957442,dev01,707,21.8,40.5,
1770191957649,dev01,944,25.6,65.8,
1770191957862,dev01,1055,26.7,49.4,
1770191958064,dev01,1098,24.1,73.2,
1770191958268,dev01,1281,27,40.9,
1770191958473,dev01,672,23.5,56.1,
1770191958673,dev01,772,23.6,45,
1770191958878,dev01,1189,25.9,72.6,
1770191959091,dev01,722,25.8,71.3,
1770191959301,dev01,893,20.8,49.1,
1770191959509,dev01,931,23.4,39.8,
1770191959710,dev01,633,20.2,52.5,
1770191959764,dev02,659,25.1,60.7,
1770191959924,dev01,498,22.6,74.8,
1770191959968,dev02,458,23.1,44.2,
1770191960138,dev01,419,21,64.4,
1770191960168,dev02,613,20.1,67.2,
1770191960350,dev01,418,27.9,50.3,
1770191960381,dev02,739,23.2,48.6,
1770191960555,dev01,749,20.7,41.5,
1770191960584,dev02,1054,21.3,45.8,
1770191960760,dev01,585,22.3,35.8,
1770191960787,dev02,1202,24.3,66.3,
1770191960967,dev01,1190,25,60.7,
1770191960997,dev02,888,24.2,43.4,
1770191961167,dev01,484,23.9,53,
1770191961207,dev02,650,22.4,73.8,
1770191961371,dev01,1216,23.5,50.3,
1770191961411,dev02,1274,22.5,43.1,
1770191961579,dev01,559,21,55.5,
1770191961619,dev02,1144,20.3,73.7,
1770191961792,dev01,732,25.6,47.4,
1770191961820,dev02,1186,23.8,42.1,
1770191962000,dev01,866,25.4,50.5,
1770191962025,dev02,832,25.2,35.5,
1770191962210,dev01,561,26.5,50.7,
1770191962239,dev02,740,27.2,52.4,
1770191962424,dev01,1194,21,68.9,
1770191962451,dev02,1235,24.4,50.3,
1770191962627,dev01,447,22.8,52.5,
1770191962652,dev02,823,26,72.7,
1770191962829,dev01,998,27.4,35.4,
1770191962856,dev02,857,27.4,61.8,
1770191963036,dev01,415,22.2,71.9,
1770191963066,dev02,785,23.3,38.1,
1770191963251,dev01,637,24.4,35.7,
1770191963280,dev02,541,25.7,51.2,
1770191963463,dev01,773,20.4,74.3,
1770191963482,dev02,757,23.1,62.5,
1770191963665,dev01,1006,22.8,74.6,
1770191963689,dev02,1128,22.7,47.3,
1770191963875,dev01,1172,21.4,61.8,
1770191963901,dev02,932,25.3,47.3,
1770191964089,dev01,1124,23.6,44.2,
1770191964119,dev02,405,23.4,46.2,
1770191964296,dev01,484,24.2,35.9,
1770191964321,dev02,409,27.2,39.3,
1770191964500,dev01,446,22.8,47.6,
1770191964527,dev02,740,27.2,49.6,
1770191964713,dev01,820,22.9,46.8,
1770191964737,dev02,1002,24.6,54.6,
1770191964916,dev01,1181,20.9,39.6,
1770191964943,dev02,773,26,64,
1770191965117,dev01,1288,21.7,64.8,
1770191965144,dev02,931,22.6,54.9,
1770191965332,dev01,410,25.8,38.6,
1770191965355,dev02,523,24.9,69.4,
1770191965539,dev01,843,24.6,48.6,
1770191965569,dev02,675,26,73.5,
1770191965747,dev01,1237,25.8,39.6,
1770191965772,dev02,721,21.3,64.3,
1770191965949,dev01,734,21.5,59.1,
1770191965975,dev02,1296,27.1,72.1,
1770191966161,dev01,636,20.7,49.7,
1770191966187,dev02,531,23.3,51.4,
1770191966366,dev01,419,21.2,47.6,
1770191966392,dev02,564,26.1,54.4,
1770191966581,dev01,851,25.8,45.2,
1770191966594,dev02,488,20.8,67.2,
1770191966786,dev01,474,27.8,70.7,
1770191966799,dev02,640,26.6,50.1,
1770191966993,dev01,754,21.5,45.8,
1770191967003,dev02,842,20.3,65.4,
1770191967197,dev01,611,21,46.1,
1770191967209,dev02,713,22.5,56.3,
1770191967405,dev01,451,27.6,50.6,
1770191967418,dev02,963,24.9,71.1,
1770191967609,dev01,1135,26.9,45.4,
1770191967623,dev02,1264,26.6,39.2,
1770191967811,dev01,768,25.3,61.8,
1770191967825,dev02,1169,25.6,50.9,
1770191968022,dev01,423,20.6,56.8,
1770191968036,dev02,1132,23.8,66.6,
1770191968233,dev01,1292,20.4,43.3,
1770191968247,dev02,790,24.2,59,
1770191968446,dev01,627,27.6,53.8,
1770191968458,dev02,594,27.4,64.3,
1770191968652,dev01,470,25,71.7,
1770191968665,dev02,1031,22.2,70.9,
1770191968855,dev01,413,22.4,56.2,
1770191968865,dev02,815,21.9,36.7,
1770191969068,dev01,830,22.1,62.7,
1770191969066,dev02,1167,21.4,35.8,
1770191969270,dev01,688,20.6,59.1,
1770191969269,dev02,914,25.6,40.1,
1770191969486,dev01,1022,24.4,54.2,
1770191969484,dev02,1040,26.5,52.4,
1770191969698,dev01,1122,27.6,50.5,
1770191969696,dev02,1132,24.2,67.5,
1770191969906,dev02,900,27.4,72.8,
1770191969908,dev01,697,22.3,67.8,
1770191970113,dev01,1099,21.2,47.1,
1770191970111,dev02,1205,21.8,36.5,
1770191970315,dev01,1090,21.5,35.5,
1770191970313,dev02,465,26.8,70.8,
1770191970525,dev01,477,27.9,47.1,
1770191970523,dev02,497,22.8,43.8,
1770191970730,dev01,814,22.1,45.5,
1770191970728,dev02,1299,20.7,62.3,
1770191970936,dev01,833,22.7,58.4,
1770191970934,dev02,553,20.9,64.2,
1770191971148,dev01,1207,23.6,57.7,
1770191971145,dev02,994,25.2,39.4,
1770191971357,dev01,1178,25.8,36.3,
1770191971355,dev02,685,24,69.4,
1770191971567,dev01,651,23.8,48.6,
1770191971565,dev02,1174,26,47.1,
1770191971779,dev02,715,22.5,55.9,
1770191971782,dev01,418,26.3,46.4,
1770191971982,dev02,1239,22.3,65.5,
1770191971984,dev01,576,27.5,53.8,
1770191972193,dev02,1129,20.8,45.7,
1770191972195,dev01,873,27.4,63.5,
1770191972392,dev02,1254,23.4,67.7,
1770191972406,dev01,1054,24.7,61.2,
1770191972593,dev02,1083,22.7,58.8,
1770191972611,dev01,699,20.5,72.5,
1770191972801,dev02,1115,21.2,57.3,
1770191972817,dev01,1155,21,53,
1770191973006,dev02,1273,20.8,35,
1770191973018,dev01,1022,20.8,71,
1770191973207,dev02,1239,26.6,46.9,
1770191973227,dev01,832,26.9,41,
1770191973408,dev02,563,26.6,68.2,
1770191973440,dev01,1219,24.7,66.9,
1770191973617,dev02,1192,24.6,62,
1770191973646,dev01,672,26.2,54.7,
1770191973820,dev02,966,22.2,44.4,
1770191973860,dev01,608,27.6,66.8,
1770191974029,dev02,436,26.8,46.4,
1770191974072,dev01,680,25.9,39.9,
1770191974233,dev02,782,20.9,71.6,
1770191974279,dev01,567,20.1,35.9,
1770191974442,dev02,764,20,70.7,
1770191974492,dev01,475,25.6,45.6,
1770191974653,dev02,709,22.8,53.6,
1770191974697,dev01,1236,20.5,38.8,
1770191974859,dev02,1065,24.9,70.1,
1770191974900,dev01,734,23.6,52.4,
1770191975074,dev02,1242,21.8,53.2,
1770191975104,dev01,731,21.8,42.4,
1770191975279,dev02,588,22.6,57.8,
1770191975308,dev01,448,21.7,46.2,
1770191975491,dev02,1194,23.9,41.4,
1770191975520,dev01,749,23.4,41.8,
1770191975706,dev02,678,27,57.2,
1770191975723,dev01,1090,20.6,60.7,
1770191975906,dev02,428,21.5,49.6,
1770191975923,dev01,739,20.8,35.6,
1770191976123,dev01,1211,21.2,65.8,
1770191976121,dev02,815,27.8,37,
1770191976330,dev02,591,20.2,54.3,
1770191976332,dev01,869,21.8,73.7,
1770191976544,dev01,730,23,47.6,
1770191976545,dev02,439,21.7,37.6,
1770191976754,dev01,1275,25.4,36.5,
1770191976752,dev02,746,20.4,68.8,
1770191976962,dev01,929,24.7,72,
1770191976960,dev02,798,27.2,66.5,
1770191977163,dev01,712,23.2,43.5,
1770191977161,dev02,549,23.2,64.8,
1770191977372,dev01,1293,21.2,40.1,
1770191977370,dev02,1234,26.2,35.4,
1770191977585,dev01,415,23.3,52.4,
1770191977583,dev02,1064,27.8,63.4,
1770191977795,dev01,1171,23,65.2,
1770191977793,dev02,625,22.1,66.8,
1770191978015,dev01,809,24.4,50.1,
1770191978013,dev02,705,24.8,51.2,
1770191978226,dev01,1094,27.2,45.2,
1770191978224,dev02,974,23.5,42.2,
1770191978435,dev01,1070,21.1,36.8,
1770191978433,dev02,414,23.9,64,
1770191978634,dev02,848,20.1,69.5,
1770191978636,dev01,717,20.2,53.9,
1770191978835,dev02,1128,25.8,61.2,
1770191978838,dev01,784,26.2,74.1,
1770191979043,dev02,1177,23.7,65,
1770191979045,dev01,1215,20.2,39,
1770191979252,dev01,884,27,59.7,
1770191979251,dev02,997,22.4,70.2,
1770191979459,dev01,1232,24.2,59.8,
1770191979457,dev02,1218,28,67.1,
1770191979661,dev01,577,22.2,62.2,
1770191979659,dev02,1235,20.2,50.8,
1770191979874,dev02,912,22.3,36.9,
1770191979876,dev01,1164,22.2,63.9,
1770191980076,dev02,998,20.1,68.4,
1770191980079,dev01,1170,28,42.1,
1770191980284,dev01,556,20.1,68.6,
1770191980487,dev01,662,25,70.8,
1770191980700,dev01,898,23.6,55.8,
1770191980910,dev01,550,21.2,65,
1770191981111,dev01,1015,26.8,65.8,
1770191981315,dev01,863,24.1,71.8,
1770191981521,dev01,1146,21.5,45.5,
1770191981732,dev01,443,27.6,69.6,
1770191981939,dev01,1268,24.3,52.3,
1770191982152,dev01,786,23.3,36.4,
1770191982353,dev01,982,23.3,53.6,
1770191982556,dev01,1270,20.2,65.4,
1770191982765,dev01,473,23.3,40.1,
1770191982966,dev01,951,20.9,55.3,
1770191983176,dev01,906,25.8,59,
1770191983389,dev01,799,21.2,70.7,
1770191983593,dev01,1041,24.7,45,
1770191983806,dev01,1081,24.4,41.2,
1770191984019,dev01,840,23.5,72.9,
1770191984234,dev01,773,22.9,54,
1770191984437,dev01,740,26.2,48.6,
1770191984648,dev01,949,20.6,51.4,
1770191984855,dev01,436,25.5,37.4,
1770191985068,dev01,995,26.8,64.4,
1770191985273,dev01,1054,25.4,63.8,
1770191985479,dev01,866,23.1,63.8,
1770191985679,dev01,529,24.8,72.2,
1770191985892,dev01,1014,20.5,58.7,
1770191986100,dev01,1134,20.2,57.7,
1770191986310,dev01,844,20.7,35.3,
1770191986520,dev01,1175,27.8,42.7,
1770191986725,dev01,902,25,44.1,
1770191986936,dev01,1160,23.5,64.9,
1770191987139,dev01,1221,20.2,71.6,
1770191987349,dev01,1223,26.9,41.9,
1770191987552,dev01,1245,22.5,55.9,
1770191987754,dev01,558,20.3,64.2,
1770191987962,dev01,932,25.7,70,
1770191988168,dev01,869,27.6,37.7,
1770191988372,dev01,1119,21.1,41.7,
1770191988585,dev01,1278,27.8,39.7,
1770191988787,dev01,573,25.4,51.7,
1770191989003,dev01,432,24,72.1,
1770191989209,dev01,460,21.1,69.1,
1770191989416,dev01,1289,21.3,58.4,
1770191989629,dev01,401,25.3,45.1,
1770191989834,dev01,1063,23.8,60.5,
1770191990039,dev01,1034,23.6,52.3,
1770191990243,dev01,857,22.1,72.9,
1770191990453,dev01,1155,23.8,66.5,
1770191990658,dev01,682,22.3,70.9,
1770191990865,dev01,1205,26,51.8,
1770191991074,dev01,457,20.8,35.9,
1770191991276,dev01,475,26.7,38.4,
1770191991481,dev01,686,21.9,71.3,
1770191991686,dev01,1205,24.8,67.3,
1770191991890,dev01,985,20,72.6,
1770191992099,dev01,655,26.3,60.9,
1770191992307,dev01,953,21.1,56.8,
